Ax,Ay,Az,Gx,Gy,Gz,Label
0.080,0.113,1.014,1.067,-2.791,-0.140,Idle
0.080,0.109,1.009,0.989,-2.774,-0.184,Idle
0.082,0.113,1.010,1.059,-2.756,-0.140,Idle
0.079,0.110,1.008,1.085,-2.739,-0.210,Idle
0.082,0.108,1.013,1.024,-2.774,-0.096,Idle
0.082,0.107,1.008,1.033,-2.747,-0.175,Idle
0.080,0.109,1.009,1.050,-2.765,-0.140,Idle
0.079,0.108,1.008,1.094,-2.747,-0.149,Idle
0.081,0.110,1.013,1.050,-2.765,-0.175,Idle
0.081,0.108,1.007,1.033,-2.756,-0.157,Idle
0.081,0.108,1.010,1.050,-2.747,-0.184,Idle
0.080,0.111,1.010,1.059,-2.730,-0.149,Idle
0.081,0.110,1.012,1.102,-2.783,-0.149,Idle
0.082,0.108,1.009,1.050,-2.765,-0.166,Idle
0.081,0.109,1.009,1.059,-2.747,-0.166,Idle
0.080,0.109,1.010,1.094,-2.774,-0.123,Idle
0.081,0.110,1.011,1.102,-2.800,-0.175,Idle
0.081,0.109,1.011,1.024,-2.747,-0.123,Idle
0.081,0.109,1.009,1.067,-2.739,-0.131,Idle
0.081,0.109,1.011,1.050,-2.791,-0.166,Idle
0.080,0.109,1.010,1.033,-2.809,-0.131,Idle
0.081,0.109,1.010,1.041,-2.774,-0.184,Idle
0.082,0.110,1.011,1.094,-2.739,-0.149,Idle
0.081,0.109,1.011,1.050,-2.774,-0.157,Idle
0.081,0.109,1.010,1.059,-2.747,-0.175,Idle
0.081,0.110,1.010,1.033,-2.747,-0.140,Idle
0.081,0.110,1.010,1.024,-2.774,-0.149,Idle
0.081,0.110,1.011,1.076,-2.791,-0.096,Idle
0.081,0.111,1.011,1.024,-2.730,-0.184,Idle
0.081,0.108,1.008,1.059,-2.739,-0.123,Idle
0.081,0.109,1.011,0.998,-2.765,-0.175,Idle
0.082,0.110,1.010,1.085,-2.774,-0.149,Idle
0.081,0.109,1.012,1.067,-2.774,-0.175,Idle
0.082,0.109,1.009,1.067,-2.756,-0.166,Idle
0.081,0.110,1.011,1.076,-2.747,-0.157,Idle
0.082,0.109,1.011,1.041,-2.765,-0.131,Idle
0.081,0.109,1.011,1.085,-2.730,-0.184,Idle
0.080,0.109,1.010,1.094,-2.765,-0.114,Idle
0.081,0.109,1.010,1.076,-2.747,-0.123,Idle
0.081,0.109,1.011,1.067,-2.756,-0.175,Idle
0.081,0.110,1.012,1.059,-2.739,-0.140,Idle
0.082,0.108,1.009,1.067,-2.747,-0.131,Idle
0.082,0.109,1.012,1.076,-2.739,-0.166,Idle
0.081,0.109,1.010,1.076,-2.791,-0.140,Idle
0.082,0.110,1.011,1.050,-2.800,-0.131,Idle
0.081,0.109,1.011,1.050,-2.756,-0.210,Idle
0.081,0.110,1.009,1.059,-2.800,-0.166,Idle
0.082,0.109,1.011,1.050,-2.765,-0.140,Idle
0.080,0.109,1.010,1.024,-2.730,-0.140,Idle
0.081,0.109,1.009,1.050,-2.730,-0.123,Idle
0.079,0.110,1.009,1.059,-2.765,-0.140,Idle
0.081,0.109,1.011,1.059,-2.800,-0.149,Idle
0.081,0.110,1.009,1.050,-2.783,-0.131,Idle
0.081,0.109,1.008,1.067,-2.747,-0.157,Idle
0.080,0.109,1.009,1.076,-2.756,-0.131,Idle
0.082,0.109,1.011,1.033,-2.765,-0.175,Idle
0.081,0.109,1.010,1.033,-2.756,-0.149,Idle
0.081,0.108,1.010,1.033,-2.765,-0.140,Idle
0.081,0.109,1.009,1.024,-2.739,-0.140,Idle
0.080,0.110,1.011,1.076,-2.800,-0.166,Idle
0.082,0.109,1.010,1.059,-2.774,-0.175,Idle
0.080,0.109,1.009,1.041,-2.783,-0.184,Idle
0.080,0.108,1.009,1.067,-2.730,-0.201,Idle
0.081,0.109,1.010,1.041,-2.765,-0.175,Idle
0.081,0.110,1.010,1.067,-2.791,-0.140,Idle
0.083,0.109,1.011,1.059,-2.756,-0.175,Idle
0.079,0.108,1.009,1.041,-2.774,-0.140,Idle
0.084,0.108,1.011,1.067,-2.756,-0.131,Idle
0.081,0.110,1.011,1.050,-2.809,-0.175,Idle
0.082,0.109,1.010,1.006,-2.721,-0.131,Idle
0.079,0.110,1.008,1.041,-2.783,-0.157,Idle
0.080,0.110,1.012,1.067,-2.774,-0.140,Idle
0.084,0.111,1.011,1.102,-2.739,-0.140,Idle
0.080,0.110,1.010,1.076,-2.783,-0.175,Idle
0.083,0.108,1.010,1.033,-2.756,-0.166,Idle
0.079,0.109,1.010,1.067,-2.739,-0.166,Idle
0.080,0.109,1.012,1.094,-2.765,-0.166,Idle
0.081,0.108,1.010,1.067,-2.756,-0.123,Idle
0.081,0.108,1.008,1.050,-2.747,-0.175,Idle
0.084,0.107,1.009,1.085,-2.713,-0.123,Idle
0.081,0.110,1.011,1.102,-2.774,-0.166,Idle
0.079,0.107,1.010,1.033,-2.765,-0.157,Idle
0.081,0.109,1.008,1.076,-2.739,-0.210,Idle
0.082,0.108,1.008,1.067,-2.704,-0.175,Idle
0.080,0.111,1.012,1.067,-2.765,-0.131,Idle
0.079,0.109,1.010,1.076,-2.747,-0.140,Idle
0.080,0.109,1.011,1.041,-2.739,-0.123,Idle
0.081,0.109,1.010,1.076,-2.765,-0.123,Idle
0.082,0.111,1.012,1.085,-2.800,-0.131,Idle
0.080,0.109,1.009,1.050,-2.730,-0.157,Idle
0.081,0.109,1.010,1.050,-2.721,-0.192,Idle
0.083,0.107,1.010,1.050,-2.791,-0.192,Idle
0.083,0.109,1.010,1.076,-2.730,-0.166,Idle
0.083,0.112,1.008,1.024,-2.756,-0.201,Idle
0.079,0.108,1.008,1.041,-2.704,-0.166,Idle
0.081,0.110,1.009,1.050,-2.756,-0.184,Idle
0.082,0.110,1.012,1.050,-2.765,-0.149,Idle
0.083,0.109,1.013,1.015,-2.783,-0.149,Idle
0.079,0.108,1.008,1.050,-2.739,-0.149,Idle
0.082,0.110,1.009,1.050,-2.774,-0.228,Idle
0.082,0.109,1.011,1.033,-2.791,-0.140,Idle
0.082,0.110,1.011,1.033,-2.809,-0.149,Idle
0.081,0.109,1.009,1.076,-2.774,-0.149,Idle
0.082,0.111,1.011,1.041,-2.721,-0.157,Idle
0.083,0.108,1.008,1.076,-2.713,-0.149,Idle
0.081,0.117,1.013,1.033,-2.774,-0.157,Idle
0.079,0.108,1.010,1.059,-2.730,-0.166,Idle
0.079,0.106,1.011,1.076,-2.800,-0.096,Idle
0.079,0.115,1.011,1.059,-2.774,-0.175,Idle
0.084,0.110,1.011,1.006,-2.809,-0.131,Idle
0.082,0.106,1.008,1.067,-2.783,-0.175,Idle
0.080,0.110,1.011,1.050,-2.747,-0.157,Idle
0.079,0.109,1.012,1.076,-2.809,-0.166,Idle
0.081,0.109,1.009,1.059,-2.774,-0.131,Idle
0.084,0.109,1.007,1.059,-2.774,-0.192,Idle
0.081,0.108,1.008,1.059,-2.765,-0.175,Idle
0.081,0.109,1.012,1.067,-2.800,-0.166,Idle
0.081,0.110,1.010,1.024,-2.756,-0.131,Idle
0.083,0.110,1.011,1.050,-2.756,-0.157,Idle
0.082,0.109,1.008,1.059,-2.739,-0.201,Idle
0.080,0.110,1.012,1.050,-2.783,-0.123,Idle
0.080,0.108,1.007,1.024,-2.739,-0.201,Idle
0.081,0.109,1.010,1.059,-2.791,-0.166,Idle
0.083,0.109,1.009,1.067,-2.756,-0.157,Idle
0.081,0.109,1.011,1.041,-2.765,-0.149,Idle
0.080,0.109,1.008,1.050,-2.774,-0.140,Idle
0.082,0.109,1.008,1.102,-2.747,-0.175,Idle
0.082,0.110,1.011,1.033,-2.756,-0.157,Idle
0.080,0.109,1.010,1.076,-2.747,-0.184,Idle
0.080,0.110,1.009,1.033,-2.730,-0.184,Idle
0.081,0.109,1.010,1.050,-2.765,-0.201,Idle
0.082,0.109,1.010,1.041,-2.739,-0.192,Idle
0.080,0.110,1.010,1.041,-2.747,-0.114,Idle
0.080,0.111,1.011,1.059,-2.765,-0.166,Idle
0.080,0.109,1.009,1.076,-2.818,-0.149,Idle
0.082,0.109,1.011,1.050,-2.783,-0.140,Idle
0.082,0.110,1.010,1.094,-2.765,-0.166,Idle
0.081,0.109,1.011,1.050,-2.791,-0.166,Idle
0.080,0.109,1.009,1.067,-2.783,-0.131,Idle
0.081,0.109,1.011,1.085,-2.774,-0.140,Idle
0.081,0.111,1.010,1.094,-2.765,-0.157,Idle
0.081,0.112,1.010,1.067,-2.774,-0.114,Idle
0.080,0.108,1.010,1.041,-2.747,-0.157,Idle
0.079,0.110,1.010,1.059,-2.791,-0.140,Idle
0.082,0.095,1.007,1.146,-2.800,-0.166,Idle
0.083,0.106,1.010,1.102,-2.800,-0.114,Idle
0.082,0.106,1.003,0.971,-2.695,-0.166,Idle
0.076,0.105,1.011,1.033,-2.835,-0.123,Idle
0.075,0.109,1.009,0.962,-2.608,-0.149,Idle
0.083,0.111,1.011,1.076,-2.739,-0.149,Idle
0.086,0.112,1.009,1.111,-2.739,-0.166,Idle
0.075,0.118,1.011,1.067,-2.721,-0.228,Idle
0.084,0.116,1.009,1.033,-2.783,-0.236,Idle
0.076,0.129,1.016,1.146,-2.800,-0.166,Idle
0.079,0.108,1.008,0.989,-2.651,-0.219,Idle
0.080,0.118,1.010,1.111,-2.783,-0.131,Idle
0.077,0.113,1.009,1.111,-2.704,-0.175,Idle
0.083,0.103,1.009,1.033,-2.747,-0.157,Idle
0.084,0.110,1.008,1.033,-2.730,-0.123,Idle
0.082,0.108,1.008,1.094,-2.756,-0.157,Idle
0.079,0.107,1.010,1.050,-2.730,-0.175,Idle
0.081,0.113,1.011,1.041,-2.809,-0.149,Idle
0.082,0.108,1.007,1.067,-2.713,-0.149,Idle
0.082,0.108,1.008,1.033,-2.686,-0.157,Idle
0.081,0.112,1.013,1.041,-2.800,-0.157,Idle
0.080,0.109,1.011,1.085,-2.800,-0.140,Idle
0.082,0.110,1.010,1.041,-2.774,-0.123,Idle
0.082,0.109,1.010,1.015,-2.713,-0.123,Idle
0.082,0.108,1.010,1.059,-2.756,-0.175,Idle
0.080,0.109,1.010,1.059,-2.739,-0.175,Idle
0.081,0.110,1.010,1.120,-2.774,-0.166,Idle
0.083,0.108,1.009,1.033,-2.730,-0.184,Idle
0.082,0.109,1.011,1.067,-2.739,-0.149,Idle
0.081,0.109,1.011,1.033,-2.747,-0.166,Idle
0.081,0.109,1.010,1.050,-2.730,-0.157,Idle
0.082,0.109,1.009,1.059,-2.756,-0.140,Idle
0.083,0.110,1.011,1.094,-2.765,-0.184,Idle
0.082,0.110,1.011,1.076,-2.765,-0.157,Idle
0.080,0.109,1.010,1.085,-2.739,-0.123,Idle
0.082,0.109,1.009,1.059,-2.783,-0.149,Idle
0.082,0.109,1.011,1.050,-2.747,-0.166,Idle
0.082,0.111,1.011,1.067,-2.809,-0.157,Idle
0.080,0.108,1.009,1.024,-2.713,-0.157,Idle
0.082,0.109,1.010,1.059,-2.765,-0.123,Idle
0.082,0.109,1.010,1.050,-2.730,-0.131,Idle
0.083,0.109,1.011,1.050,-2.747,-0.149,Idle
0.081,0.109,1.009,1.059,-2.730,-0.140,Idle
0.082,0.110,1.011,1.067,-2.818,-0.131,Idle
0.082,0.109,1.010,1.102,-2.730,-0.166,Idle
0.082,0.110,1.011,1.067,-2.783,-0.166,Idle
0.080,0.109,1.008,1.059,-2.747,-0.140,Idle
0.079,0.110,1.012,1.076,-2.739,-0.114,Idle
0.082,0.109,1.011,1.067,-2.730,-0.175,Idle
0.081,0.109,1.010,1.041,-2.774,-0.149,Idle
0.081,0.109,1.010,1.033,-2.765,-0.157,Idle
0.081,0.109,1.008,1.041,-2.730,-0.131,Idle
0.081,0.110,1.012,1.033,-2.783,-0.157,Idle
0.082,0.110,1.009,1.041,-2.756,-0.175,Idle
0.081,0.109,1.008,1.033,-2.756,-0.157,Idle
0.080,0.109,1.008,1.094,-2.730,-0.157,Idle
0.081,0.109,1.012,1.059,-2.791,-0.123,Idle
0.082,0.108,1.009,1.076,-2.739,-0.166,Idle
0.082,0.109,1.010,1.059,-2.765,-0.166,Idle
0.081,0.109,1.009,1.050,-2.774,-0.140,Idle
0.082,0.109,1.012,1.094,-2.756,-0.131,Idle
0.081,0.109,1.009,1.059,-2.739,-0.166,Idle
0.081,0.109,1.009,1.085,-2.721,-0.140,Idle
0.081,0.109,1.010,1.050,-2.739,-0.149,Idle
0.081,0.110,1.012,1.024,-2.791,-0.157,Idle
0.081,0.109,1.009,1.067,-2.739,-0.140,Idle
0.081,0.109,1.009,1.067,-2.713,-0.166,Idle
0.081,0.109,1.009,1.024,-2.800,-0.131,Idle
0.081,0.110,1.012,1.059,-2.756,-0.184,Idle
0.082,0.110,1.013,1.033,-2.756,-0.166,Idle
0.080,0.108,1.008,1.050,-2.730,-0.166,Idle
0.082,0.109,1.011,1.050,-2.783,-0.166,Idle
0.081,0.109,1.011,1.094,-2.713,-0.192,Idle
0.081,0.110,1.012,1.067,-2.774,-0.123,Idle
0.081,0.109,1.008,1.059,-2.747,-0.166,Idle
0.083,0.109,1.010,1.059,-2.739,-0.070,Idle
0.081,0.109,1.009,1.033,-2.756,-0.149,Idle
0.082,0.110,1.010,1.059,-2.791,-0.140,Idle
0.080,0.110,1.010,1.050,-2.756,-0.166,Idle
0.081,0.110,1.010,1.085,-2.791,-0.175,Idle
0.081,0.110,1.010,1.059,-2.747,-0.123,Idle
0.081,0.110,1.011,1.041,-2.800,-0.123,Idle
0.081,0.108,1.009,1.041,-2.695,-0.184,Idle
0.081,0.109,1.011,1.015,-2.783,-0.192,Idle
0.082,0.109,1.010,1.006,-2.739,-0.149,Idle
0.082,0.109,1.010,1.033,-2.765,-0.140,Idle
0.080,0.110,1.010,1.033,-2.739,-0.184,Idle
0.081,0.109,1.011,1.085,-2.800,-0.184,Idle
0.080,0.109,1.012,1.041,-2.783,-0.157,Idle
0.081,0.109,1.009,1.033,-2.747,-0.166,Idle
0.081,0.109,1.009,1.015,-2.774,-0.140,Idle
0.081,0.109,1.009,1.076,-2.774,-0.087,Idle
0.081,0.111,1.011,1.041,-2.774,-0.184,Idle
0.082,0.110,1.011,1.050,-2.756,-0.157,Idle
0.081,0.109,1.009,1.050,-2.765,-0.123,Idle
0.080,0.109,1.008,1.111,-2.783,-0.114,Idle
0.081,0.109,1.011,1.033,-2.774,-0.140,Idle
0.081,0.109,1.010,1.067,-2.739,-0.114,Idle
0.081,0.109,1.010,1.033,-2.739,-0.175,Idle
0.081,0.109,1.010,1.033,-2.783,-0.149,Idle
0.082,0.109,1.011,1.041,-2.747,-0.149,Idle
0.082,0.109,1.010,1.059,-2.783,-0.140,Idle
0.081,0.109,1.011,1.102,-2.739,-0.149,Idle
0.080,0.108,1.010,1.024,-2.765,-0.131,Idle
0.080,0.110,1.010,1.059,-2.774,-0.184,Idle
0.081,0.110,1.011,1.015,-2.800,-0.175,Idle
0.081,0.111,1.012,1.085,-2.756,-0.149,Idle
0.081,0.109,1.010,1.059,-2.756,-0.157,Idle
0.080,0.110,1.011,1.094,-2.747,-0.184,Idle
0.082,0.109,1.011,1.050,-2.747,-0.175,Idle
0.081,0.109,1.010,1.076,-2.739,-0.123,Idle
0.081,0.109,1.010,1.050,-2.739,-0.149,Idle
0.081,0.110,1.009,1.059,-2.756,-0.140,Idle
0.081,0.110,1.011,1.076,-2.765,-0.166,Idle
0.081,0.110,1.009,1.033,-2.721,-0.140,Idle
0.081,0.110,1.010,1.041,-2.783,-0.123,Idle
0.080,0.110,1.009,1.033,-2.783,-0.166,Idle
0.081,0.109,1.011,1.076,-2.765,-0.123,Idle
0.081,0.109,1.009,1.041,-2.783,-0.192,Idle
0.081,0.109,1.010,1.059,-2.783,-0.149,Idle
0.081,0.110,1.010,1.033,-2.747,-0.157,Idle
0.081,0.110,1.011,1.067,-2.756,-0.140,Idle
0.081,0.109,1.009,1.050,-2.756,-0.149,Idle
0.082,0.109,1.010,1.085,-2.765,-0.114,Idle
0.081,0.109,1.008,1.085,-2.730,-0.149,Idle
0.080,0.109,1.009,1.050,-2.739,-0.166,Idle
0.080,0.110,1.009,1.041,-2.756,-0.201,Idle
0.081,0.109,1.009,1.033,-2.730,-0.192,Idle
0.082,0.109,1.012,1.059,-2.739,-0.140,Idle
0.082,0.110,1.009,1.059,-2.783,-0.157,Idle
0.080,0.109,1.009,1.067,-2.739,-0.131,Idle
0.081,0.109,1.009,1.076,-2.730,-0.140,Idle
0.081,0.110,1.010,1.024,-2.756,-0.166,Idle
0.082,0.109,1.008,1.076,-2.721,-0.166,Idle
0.082,0.109,1.009,1.050,-2.747,-0.201,Idle
0.081,0.109,1.008,1.094,-2.721,-0.123,Idle
0.081,0.109,1.010,1.015,-2.756,-0.166,Idle
0.082,0.109,1.009,1.024,-2.756,-0.166,Idle
0.081,0.110,1.009,1.094,-2.739,-0.157,Idle
0.081,0.109,1.010,1.059,-2.739,-0.201,Idle
0.082,0.109,1.010,1.059,-2.800,-0.166,Idle
0.081,0.110,1.009,1.041,-2.747,-0.149,Idle
0.080,0.110,1.009,1.059,-2.739,-0.184,Idle
0.080,0.108,1.009,1.059,-2.730,-0.166,Idle
0.081,0.110,1.011,1.041,-2.747,-0.123,Idle
0.082,0.110,1.008,1.094,-2.739,-0.157,Idle
0.081,0.109,1.009,1.085,-2.765,-0.149,Idle
0.081,0.109,1.010,1.067,-2.756,-0.131,Idle
0.081,0.109,1.011,1.067,-2.739,-0.087,Idle
0.082,0.109,1.011,1.050,-2.800,-0.192,Idle
0.082,0.109,1.008,1.120,-2.783,-0.184,Idle
0.082,0.109,1.011,1.067,-2.800,-0.166,Idle
0.081,0.110,1.010,1.076,-2.739,-0.184,Idle
0.081,0.109,1.011,1.067,-2.747,-0.201,Idle
0.081,0.110,1.009,1.085,-2.756,-0.157,Idle
0.082,0.110,1.011,1.067,-2.739,-0.131,Idle
0.081,0.109,1.010,1.076,-2.765,-0.140,Idle
0.081,0.109,1.011,1.050,-2.783,-0.131,Idle
0.080,0.109,1.008,1.024,-2.730,-0.201,Idle
0.082,0.110,1.012,1.050,-2.765,-0.157,Idle
0.082,0.110,1.010,1.024,-2.747,-0.140,Idle
0.080,0.109,1.010,1.067,-2.747,-0.149,Idle
0.082,0.108,1.010,1.033,-2.826,-0.210,Idle
0.082,0.110,1.012,1.067,-2.783,-0.114,Idle
0.081,0.109,1.010,1.041,-2.774,-0.201,Idle
0.081,0.111,1.010,1.024,-2.765,-0.201,Idle
0.081,0.110,1.009,1.059,-2.774,-0.184,Idle
0.081,0.109,1.008,1.050,-2.800,-0.131,Idle
0.082,0.109,1.011,1.033,-2.774,-0.149,Idle
0.080,0.109,1.009,1.059,-2.765,-0.166,Idle
0.082,0.110,1.009,1.041,-2.774,-0.140,Idle
0.081,0.109,1.010,1.041,-2.747,-0.149,Idle
0.081,0.108,1.010,1.024,-2.721,-0.105,Idle
0.081,0.110,1.010,1.041,-2.765,-0.149,Idle
0.081,0.109,1.009,1.076,-2.756,-0.175,Idle
0.081,0.108,1.010,1.033,-2.765,-0.175,Idle
0.081,0.111,1.011,1.059,-2.739,-0.157,Idle
0.081,0.109,1.009,1.041,-2.774,-0.131,Idle
0.082,0.109,1.009,1.041,-2.765,-0.166,Idle
0.081,0.109,1.011,1.033,-2.739,-0.166,Idle
0.080,0.109,1.010,1.050,-2.774,-0.123,Idle
0.082,0.110,1.009,1.085,-2.765,-0.219,Idle
0.082,0.109,1.008,1.059,-2.809,-0.184,Idle
0.081,0.109,1.011,1.059,-2.765,-0.149,Idle
0.081,0.110,1.010,1.050,-2.739,-0.184,Idle
0.081,0.109,1.009,1.041,-2.791,-0.149,Idle
0.081,0.109,1.010,1.067,-2.774,-0.157,Idle
0.083,0.110,1.012,1.050,-2.756,-0.192,Idle
0.081,0.109,1.010,1.041,-2.747,-0.149,Idle
0.082,0.110,1.010,1.111,-2.739,-0.175,Idle
0.080,0.109,1.009,1.033,-2.713,-0.175,Idle
0.081,0.109,1.011,1.050,-2.783,-0.184,Idle
0.081,0.110,1.009,1.033,-2.721,-0.184,Idle
0.081,0.108,1.011,1.024,-2.774,-0.087,Idle
0.081,0.110,1.010,1.076,-2.774,-0.157,Idle
0.082,0.109,1.010,1.076,-2.774,-0.149,Idle
0.081,0.109,1.010,1.041,-2.783,-0.166,Idle
0.083,0.109,1.009,1.059,-2.800,-0.131,Idle
0.081,0.109,1.010,1.006,-2.783,-0.123,Idle
0.082,0.109,1.011,1.033,-2.765,-0.149,Idle
0.081,0.109,1.011,1.050,-2.800,-0.166,Idle
0.082,0.109,1.009,1.059,-2.747,-0.140,Idle
0.081,0.109,1.009,1.041,-2.747,-0.149,Idle
0.079,0.110,1.011,1.050,-2.791,-0.140,Idle
0.080,0.109,1.011,1.050,-2.774,-0.166,Idle
0.083,0.109,1.008,1.024,-2.730,-0.157,Idle
0.080,0.108,1.011,1.041,-2.739,-0.114,Idle
0.080,0.110,1.009,1.050,-2.800,-0.131,Idle
0.081,0.109,1.011,1.059,-2.765,-0.140,Idle
0.083,0.109,1.009,1.033,-2.739,-0.157,Idle
0.082,0.109,1.009,1.085,-2.747,-0.157,Idle
0.081,0.109,1.010,1.059,-2.721,-0.140,Idle
0.081,0.109,1.010,1.041,-2.756,-0.184,Idle
0.081,0.110,1.010,1.033,-2.765,-0.192,Idle
0.082,0.109,1.009,1.067,-2.783,-0.149,Idle
0.080,0.109,1.010,1.024,-2.730,-0.123,Idle
0.081,0.110,1.011,1.033,-2.739,-0.184,Idle
0.082,0.109,1.010,1.050,-2.791,-0.140,Idle
0.082,0.110,1.010,1.085,-2.721,-0.157,Idle
0.080,0.109,1.009,1.050,-2.765,-0.175,Idle
0.081,0.109,1.013,1.076,-2.791,-0.149,Idle
0.081,0.111,1.009,1.015,-2.747,-0.184,Idle
0.081,0.109,1.009,1.033,-2.721,-0.096,Idle
0.082,0.109,1.009,1.085,-2.765,-0.157,Idle
0.081,0.109,1.011,1.067,-2.739,-0.157,Idle
0.082,0.110,1.011,1.085,-2.756,-0.175,Idle
0.082,0.110,1.011,1.050,-2.730,-0.166,Idle
0.082,0.109,1.008,1.033,-2.791,-0.166,Idle
0.082,0.109,1.013,1.041,-2.791,-0.166,Idle
0.082,0.110,1.010,1.067,-2.739,-0.192,Idle
0.082,0.110,1.011,1.067,-2.791,-0.157,Idle
0.081,0.108,1.008,1.067,-2.756,-0.149,Idle
0.083,0.109,1.011,1.067,-2.783,-0.140,Idle
0.082,0.109,1.012,1.085,-2.800,-0.123,Idle
0.081,0.110,1.009,1.076,-2.783,-0.123,Idle
0.081,0.109,1.011,1.041,-2.791,-0.140,Idle
0.082,0.108,1.008,1.024,-2.774,-0.166,Idle
0.081,0.109,1.011,1.085,-2.783,-0.123,Idle
0.081,0.109,1.011,1.033,-2.765,-0.149,Idle
0.081,0.108,1.009,1.085,-2.695,-0.166,Idle
0.081,0.109,1.009,1.041,-2.747,-0.157,Idle
0.081,0.110,1.011,1.024,-2.756,-0.105,Idle
0.080,0.109,1.009,1.059,-2.747,-0.175,Idle
0.081,0.109,1.010,1.085,-2.783,-0.131,Idle
0.082,0.109,1.011,1.050,-2.756,-0.140,Idle
0.082,0.110,1.011,1.067,-2.730,-0.131,Idle
0.081,0.110,1.009,1.067,-2.747,-0.114,Idle
0.081,0.109,1.009,1.059,-2.730,-0.149,Idle
0.081,0.109,1.011,1.033,-2.765,-0.175,Idle
0.081,0.110,1.009,1.006,-2.730,-0.157,Idle
0.081,0.109,1.009,1.059,-2.747,-0.149,Idle
0.080,0.109,1.011,1.050,-2.783,-0.184,Idle
0.080,0.109,1.008,1.050,-2.756,-0.131,Idle
0.081,0.110,1.010,1.033,-2.774,-0.087,Idle
0.082,0.110,1.009,1.050,-2.765,-0.175,Idle
0.081,0.109,1.009,1.041,-2.783,-0.140,Idle
0.082,0.109,1.010,1.102,-2.765,-0.175,Idle
0.081,0.109,1.010,1.076,-2.739,-0.140,Idle
0.082,0.109,1.011,1.033,-2.739,-0.157,Idle
0.083,0.109,1.010,1.024,-2.756,-0.114,Idle
0.081,0.109,1.009,1.067,-2.747,-0.201,Idle
0.081,0.109,1.011,1.033,-2.791,-0.149,Idle
0.081,0.109,1.010,1.006,-2.730,-0.201,Idle
0.081,0.109,1.012,1.085,-2.774,-0.192,Idle
0.081,0.108,1.010,1.067,-2.747,-0.105,Idle
0.081,0.109,1.009,1.102,-2.774,-0.140,Idle
0.082,0.109,1.010,1.102,-2.756,-0.157,Idle
0.081,0.108,1.010,1.059,-2.756,-0.131,Idle
0.081,0.109,1.009,1.024,-2.783,-0.114,Idle
0.080,0.109,1.009,1.076,-2.756,-0.175,Idle
0.081,0.109,1.010,1.041,-2.774,-0.149,Idle
0.081,0.110,1.011,1.033,-2.756,-0.149,Idle
0.077,0.116,1.034,1.164,-3.019,-0.070,Idle
0.085,0.115,1.045,1.181,-3.036,-0.009,Idle
0.085,0.109,0.991,1.067,-2.879,-0.236,Idle
0.078,0.110,1.015,1.006,-2.625,-0.149,Idle
0.081,0.107,1.011,0.998,-2.765,-0.192,Idle
0.084,0.107,1.011,1.050,-2.765,-0.149,Idle
0.082,0.111,1.008,1.033,-2.800,-0.140,Idle
0.080,0.108,1.010,1.120,-2.730,-0.149,Idle
0.082,0.109,1.013,1.076,-2.774,-0.096,Idle
0.083,0.108,1.009,1.050,-2.783,-0.192,Idle
0.082,0.111,1.011,1.050,-2.791,-0.123,Idle
0.080,0.109,1.012,1.050,-2.783,-0.149,Idle
0.082,0.110,1.011,1.050,-2.800,-0.157,Idle
0.081,0.108,1.008,1.120,-2.730,-0.131,Idle
0.083,0.109,1.012,1.067,-2.756,-0.149,Idle
0.082,0.110,1.010,1.120,-2.809,-0.149,Idle
0.080,0.109,1.010,1.059,-2.783,-0.149,Idle
0.081,0.109,1.008,1.085,-2.774,-0.149,Idle
0.083,0.109,1.011,1.033,-2.791,-0.131,Idle
0.082,0.109,1.011,1.050,-2.783,-0.114,Idle
0.080,0.109,1.009,1.067,-2.730,-0.175,Idle
0.081,0.109,1.010,1.050,-2.747,-0.131,Idle
0.082,0.109,1.008,1.015,-2.739,-0.140,Idle
0.082,0.111,1.010,1.006,-2.765,-0.123,Idle
0.080,0.110,1.009,1.050,-2.774,-0.149,Idle
0.081,0.109,1.009,1.076,-2.730,-0.175,Idle
0.082,0.108,1.011,1.085,-2.756,-0.149,Idle
0.082,0.110,1.010,1.006,-2.765,-0.123,Idle
0.081,0.109,1.011,1.041,-2.765,-0.166,Idle
0.080,0.109,1.009,1.085,-2.756,-0.184,Idle
0.081,0.109,1.010,1.067,-2.730,-0.123,Idle
0.082,0.110,1.012,1.067,-2.747,-0.114,Idle
0.081,0.109,1.008,1.033,-2.783,-0.184,Idle
0.082,0.110,1.012,1.094,-2.791,-0.166,Idle
0.083,0.110,1.007,1.041,-2.765,-0.166,Idle
0.081,0.110,1.012,1.024,-2.704,-0.105,Idle
0.081,0.109,1.011,1.015,-2.756,-0.184,Idle
0.081,0.109,1.009,1.024,-2.765,-0.140,Idle
0.081,0.109,1.011,1.059,-2.765,-0.184,Idle
0.083,0.109,1.008,1.041,-2.783,-0.131,Idle
0.083,0.112,1.010,1.015,-2.669,-0.157,Idle
0.080,0.109,1.007,1.015,-2.713,-0.157,Idle
0.082,0.108,1.011,1.076,-2.800,-0.157,Idle
0.080,0.108,1.007,1.033,-2.730,-0.157,Idle
0.082,0.108,1.008,1.050,-2.747,-0.131,Idle
0.081,0.109,1.012,1.041,-2.765,-0.131,Idle
0.083,0.109,1.010,1.111,-2.765,-0.123,Idle
0.080,0.110,1.010,1.006,-2.747,-0.175,Idle
0.081,0.109,1.009,1.059,-2.739,-0.131,Idle
0.080,0.109,1.011,1.076,-2.739,-0.123,Idle
0.081,0.109,1.010,1.059,-2.765,-0.131,Idle
0.082,0.110,1.010,1.050,-2.739,-0.149,Idle
0.075,0.115,1.018,1.120,-2.634,-0.131,Idle
0.082,0.110,0.996,1.041,-2.844,-0.157,Idle
0.077,0.107,1.015,1.024,-2.642,-0.149,Idle
0.081,0.108,1.010,1.006,-2.739,-0.131,Idle
0.081,0.110,1.013,1.041,-2.756,-0.140,Idle
0.081,0.110,1.008,1.076,-2.783,-0.149,Idle
0.081,0.109,1.012,0.998,-2.774,-0.140,Idle
0.081,0.109,1.009,1.050,-2.765,-0.114,Idle
0.082,0.110,1.011,1.024,-2.774,-0.166,Idle
0.081,0.109,1.009,1.033,-2.800,-0.157,Idle
0.081,0.110,1.009,1.041,-2.765,-0.149,Idle
0.082,0.109,1.010,1.076,-2.747,-0.166,Idle
0.082,0.110,1.011,1.067,-2.791,-0.184,Idle
0.081,0.110,1.009,1.059,-2.756,-0.175,Idle
0.081,0.109,1.009,1.050,-2.739,-0.140,Idle
0.082,0.109,1.010,1.085,-2.765,-0.140,Idle
0.086,0.108,1.010,1.094,-2.774,-0.105,Idle
0.079,0.109,1.011,1.050,-2.747,-0.157,Idle
0.082,0.106,1.008,1.041,-2.713,-0.140,Idle
0.085,0.109,1.011,1.102,-2.739,-0.157,Idle
0.082,0.108,1.009,1.050,-2.756,-0.149,Idle
0.078,0.110,1.012,1.050,-2.765,-0.131,Idle
0.079,0.109,1.008,1.050,-2.774,-0.175,Idle
0.084,0.108,1.010,1.085,-2.765,-0.105,Idle
0.083,0.109,1.010,1.067,-2.800,-0.149,Idle
0.081,0.110,1.011,1.033,-2.774,-0.166,Idle
0.083,0.112,1.015,1.120,-3.045,-0.105,Idle
0.080,0.110,1.010,1.050,-2.608,-0.140,Idle
0.081,0.107,1.010,1.067,-2.765,-0.149,Idle
0.085,0.110,1.010,1.050,-2.800,-0.157,Idle
0.079,0.111,1.007,1.067,-2.852,-0.131,Idle
0.079,0.109,1.012,1.120,-2.791,-0.096,Idle
0.082,0.109,1.013,1.015,-2.783,-0.149,Idle
0.083,0.110,1.010,1.050,-2.756,-0.140,Idle
0.081,0.111,1.010,1.076,-2.730,-0.210,Idle
0.080,0.109,1.010,1.085,-2.765,-0.166,Idle
0.082,0.109,1.011,1.111,-2.765,-0.149,Idle
0.084,0.108,1.008,1.033,-2.765,-0.184,Idle
0.082,0.109,1.009,1.059,-2.756,-0.201,Idle
0.080,0.109,1.007,1.033,-2.713,-0.175,Idle
0.080,0.109,1.011,1.085,-2.774,-0.079,Idle
0.082,0.110,1.008,1.059,-2.739,-0.149,Idle
0.082,0.110,1.011,1.076,-2.739,-0.157,Idle
0.080,0.110,1.008,1.024,-2.739,-0.175,Idle
0.079,0.109,1.013,1.059,-2.791,-0.166,Idle
0.082,0.110,1.009,1.041,-2.739,-0.140,Idle
0.083,0.108,1.010,1.050,-2.783,-0.131,Idle
0.084,0.109,1.008,1.059,-2.809,-0.166,Idle
0.078,0.107,1.004,0.971,-2.695,-0.131,Idle
0.080,0.110,1.016,1.050,-2.739,-0.175,Idle
0.084,0.109,1.009,1.041,-2.765,-0.192,Idle
0.081,0.109,1.011,1.041,-2.730,-0.149,Idle
0.080,0.108,1.010,1.050,-2.747,-0.140,Idle
0.080,0.110,1.010,1.059,-2.783,-0.166,Idle
0.083,0.109,1.010,1.050,-2.774,-0.140,Idle
0.082,0.109,1.009,1.041,-2.800,-0.157,Idle
0.079,0.109,1.011,1.102,-2.774,-0.157,Idle
0.076,0.111,1.017,1.050,-2.844,-0.131,Idle
0.081,0.114,1.015,1.216,-2.931,-0.140,Idle
0.084,0.109,1.003,1.085,-2.800,-0.105,Idle
0.081,0.105,1.009,1.015,-2.765,-0.131,Idle
0.080,0.108,1.009,1.102,-2.791,-0.140,Idle
0.082,0.108,1.007,1.041,-2.739,-0.157,Idle
0.080,0.109,1.007,1.024,-2.756,-0.184,Idle
0.081,0.110,1.013,1.041,-2.835,-0.105,Idle
0.085,0.108,1.007,1.041,-2.800,-0.131,Idle
0.088,0.105,0.997,0.866,-2.608,-0.184,Idle
0.074,0.111,1.029,0.998,-2.555,-0.184,Idle
0.081,0.105,1.010,0.858,-2.844,-0.140,Idle
0.080,0.111,1.014,1.041,-2.686,-0.157,Idle
0.080,0.113,1.014,1.173,-2.879,-0.114,Idle
0.082,0.112,1.009,1.059,-2.765,-0.157,Idle
0.083,0.109,1.009,1.050,-2.721,-0.175,Idle
0.080,0.109,1.012,1.041,-2.800,-0.149,Idle
0.078,0.110,1.008,1.059,-2.747,-0.175,Idle
0.080,0.109,1.008,1.024,-2.721,-0.131,Idle
0.083,0.109,1.008,0.989,-2.739,-0.131,Idle
0.083,0.110,1.012,1.076,-2.791,-0.175,Idle
0.080,0.109,1.011,1.041,-2.800,-0.140,Idle
0.080,0.111,1.013,1.041,-2.765,-0.149,Idle
0.082,0.110,1.009,1.050,-2.730,-0.149,Idle
0.083,0.109,1.012,1.041,-2.756,-0.157,Idle
0.081,0.109,1.010,1.059,-2.765,-0.131,Idle
0.081,0.110,1.011,1.050,-2.747,-0.149,Idle
0.080,0.108,1.008,1.006,-2.730,-0.140,Idle
0.083,0.109,1.010,1.076,-2.835,-0.157,Idle
0.082,0.109,1.013,1.094,-2.800,-0.184,Idle
0.081,0.109,1.009,1.015,-2.713,-0.140,Idle
0.080,0.109,1.009,1.041,-2.791,-0.166,Idle
0.083,0.110,1.011,1.067,-2.721,-0.105,Idle
0.083,0.110,1.010,1.024,-2.800,-0.184,Idle
0.081,0.109,1.011,1.059,-2.826,-0.140,Idle
0.081,0.108,1.008,1.033,-2.730,-0.140,Idle
0.082,0.110,1.009,1.067,-2.791,-0.096,Idle
0.081,0.110,1.009,1.024,-2.791,-0.157,Idle
0.082,0.110,1.011,1.015,-2.739,-0.157,Idle
0.081,0.109,1.008,1.094,-2.765,-0.157,Idle
0.081,0.109,1.009,1.050,-2.756,-0.184,Idle
0.082,0.110,1.011,1.059,-2.774,-0.157,Idle
0.081,0.110,1.010,1.059,-2.774,-0.131,Idle
0.081,0.109,1.011,1.102,-2.783,-0.201,Idle
0.082,0.109,1.010,1.059,-2.774,-0.114,Idle
0.082,0.110,1.009,1.050,-2.747,-0.140,Idle
0.080,0.109,1.012,1.059,-2.739,-0.184,Idle
0.083,0.107,1.008,1.076,-2.835,-0.123,Idle
0.083,0.111,1.009,1.067,-2.818,-0.157,Idle
0.083,0.109,1.009,1.085,-2.783,-0.157,Idle
0.082,0.109,1.012,1.085,-2.747,-0.123,Idle
0.081,0.109,1.010,1.024,-2.756,-0.166,Idle
0.082,0.109,1.009,1.059,-2.765,-0.184,Idle
0.081,0.109,1.010,1.059,-2.747,-0.123,Idle
0.080,0.109,1.010,1.067,-2.783,-0.157,Idle
0.080,0.109,1.010,1.102,-2.739,-0.175,Idle
0.081,0.109,1.010,1.024,-2.739,-0.166,Idle
0.082,0.110,1.011,1.024,-2.791,-0.201,Idle
0.081,0.110,1.010,1.076,-2.756,-0.131,Idle
0.082,0.110,1.009,1.102,-2.800,-0.166,Idle
0.081,0.109,1.008,1.085,-2.774,-0.184,Idle
0.083,0.109,1.013,1.050,-2.800,-0.123,Idle
0.083,0.111,1.011,1.076,-2.739,-0.123,Idle
0.082,0.109,1.009,1.033,-2.721,-0.149,Idle
0.081,0.109,1.009,1.067,-2.756,-0.157,Idle
0.081,0.110,1.011,1.050,-2.721,-0.175,Idle
0.083,0.110,1.011,1.050,-2.747,-0.175,Idle
0.080,0.108,1.010,1.085,-2.721,-0.157,Idle
0.081,0.109,1.011,1.050,-2.730,-0.157,Idle
0.082,0.109,1.009,1.067,-2.765,-0.157,Idle
0.082,0.110,1.010,1.059,-2.809,-0.140,Idle
0.082,0.110,1.011,1.059,-2.730,-0.105,Idle
0.081,0.109,1.010,1.067,-2.765,-0.149,Idle
0.081,0.109,1.009,1.041,-2.774,-0.166,Idle
0.081,0.110,1.010,1.067,-2.774,-0.140,Idle
0.083,0.109,1.010,1.041,-2.721,-0.157,Idle
0.081,0.109,1.010,1.050,-2.774,-0.166,Idle
0.081,0.109,1.010,1.050,-2.730,-0.201,Idle
0.081,0.110,1.011,1.076,-2.739,-0.131,Idle
0.082,0.110,1.009,1.050,-2.695,-0.166,Idle
0.082,0.109,1.009,1.076,-2.747,-0.192,Idle
0.081,0.110,1.010,1.085,-2.756,-0.149,Idle
0.082,0.110,1.011,1.102,-2.765,-0.166,Idle
0.082,0.108,1.009,1.094,-2.765,-0.123,Idle
0.081,0.109,1.010,1.050,-2.765,-0.157,Idle
0.082,0.110,1.009,1.067,-2.756,-0.140,Idle
0.082,0.110,1.011,1.059,-2.783,-0.157,Idle
0.082,0.109,1.008,1.076,-2.774,-0.184,Idle
0.082,0.109,1.009,1.050,-2.756,-0.149,Idle
0.081,0.110,1.010,1.102,-2.791,-0.157,Idle
0.081,0.110,1.010,1.076,-2.791,-0.166,Idle
0.081,0.109,1.011,1.076,-2.765,-0.149,Idle
0.082,0.109,1.008,1.041,-2.747,-0.184,Idle
0.082,0.110,1.012,1.033,-2.800,-0.114,Idle
0.081,0.110,1.009,1.076,-2.756,-0.166,Idle
0.080,0.110,1.010,1.024,-2.783,-0.166,Idle
0.082,0.109,1.009,1.033,-2.739,-0.184,Idle
0.083,0.109,1.013,1.041,-2.809,-0.131,Idle
0.082,0.110,1.012,1.041,-2.713,-0.166,Idle
0.081,0.109,1.010,1.050,-2.765,-0.175,Idle
0.081,0.109,1.010,1.041,-2.747,-0.140,Idle
0.082,0.110,1.012,1.033,-2.791,-0.140,Idle
0.084,0.109,1.010,1.033,-2.756,-0.157,Idle
0.081,0.110,1.009,1.059,-2.713,-0.166,Idle
0.082,0.110,1.009,1.094,-2.800,-0.131,Idle
0.082,0.109,1.012,1.050,-2.747,-0.175,Idle
0.082,0.110,1.011,1.033,-2.791,-0.157,Idle
0.082,0.109,1.009,1.024,-2.747,-0.123,Idle
0.082,0.109,1.010,1.059,-2.765,-0.157,Idle
0.083,0.109,1.010,1.076,-2.747,-0.131,Idle
0.083,0.108,1.013,1.015,-2.783,-0.114,Idle
0.081,0.110,1.007,1.059,-2.721,-0.166,Idle
0.081,0.110,1.011,1.076,-2.756,-0.192,Idle
0.082,0.110,1.010,1.059,-2.730,-0.201,Idle
0.082,0.109,1.010,1.015,-2.783,-0.140,Idle
0.082,0.110,1.009,0.989,-2.713,-0.175,Idle
0.082,0.108,1.011,1.050,-2.756,-0.175,Idle
0.081,0.110,1.011,1.024,-2.730,-0.140,Idle
0.083,0.110,1.011,1.059,-2.783,-0.166,Idle
0.082,0.109,1.010,1.050,-2.695,-0.149,Idle
0.082,0.111,1.011,0.989,-2.756,-0.123,Idle
0.081,0.109,1.010,1.067,-2.747,-0.201,Idle
0.082,0.109,1.010,1.033,-2.747,-0.140,Idle
0.082,0.109,1.009,1.059,-2.765,-0.166,Idle
0.083,0.110,1.009,1.076,-2.791,-0.140,Idle
0.082,0.110,1.010,1.059,-2.765,-0.184,Idle
0.081,0.109,1.011,1.102,-2.783,-0.149,Idle
0.082,0.110,1.009,1.067,-2.783,-0.157,Idle
0.081,0.110,1.009,1.085,-2.826,-0.192,Idle
0.081,0.110,1.011,1.067,-2.800,-0.184,Idle
0.082,0.109,1.009,1.094,-2.765,-0.157,Idle
0.082,0.109,1.009,1.059,-2.765,-0.175,Idle
0.082,0.109,1.010,1.085,-2.739,-0.149,Idle
0.082,0.110,1.012,1.129,-2.730,-0.166,Idle
0.081,0.109,1.008,1.015,-2.713,-0.184,Idle
0.082,0.110,1.009,1.041,-2.747,-0.166,Idle
0.081,0.109,1.012,1.050,-2.704,-0.131,Idle
0.080,0.109,1.009,1.015,-2.721,-0.149,Idle
0.081,0.110,1.010,1.006,-2.686,-0.166,Idle
0.082,0.110,1.010,1.041,-2.704,-0.140,Idle
0.081,0.110,1.009,0.998,-2.704,-0.131,Idle
0.082,0.110,1.009,1.094,-2.739,-0.140,Idle
0.080,0.111,1.009,1.041,-2.704,-0.175,Idle
0.083,0.108,1.011,1.059,-2.695,-0.123,Idle
0.082,0.109,1.010,1.076,-2.678,-0.175,Idle
0.082,0.109,1.009,1.041,-2.660,-0.192,Idle
0.081,0.110,1.010,1.041,-2.686,-0.149,Idle
0.081,0.110,1.011,1.059,-2.739,-0.123,Idle
0.082,0.109,1.010,1.024,-2.730,-0.184,Idle
0.081,0.109,1.011,1.033,-2.695,-0.184,Idle
0.081,0.110,1.010,0.998,-2.704,-0.175,Idle
0.081,0.109,1.010,1.024,-2.730,-0.157,Idle
0.081,0.110,1.010,1.015,-2.791,-0.175,Idle
0.080,0.109,1.009,1.059,-2.756,-0.140,Idle
0.080,0.111,1.013,1.094,-2.783,-0.157,Idle
0.082,0.110,1.007,1.024,-2.774,-0.184,Idle
0.083,0.110,1.010,1.059,-2.739,-0.131,Idle
0.082,0.108,1.009,1.041,-2.774,-0.157,Idle
0.081,0.110,1.012,1.050,-2.783,-0.157,Idle
0.080,0.109,1.008,0.998,-2.721,-0.201,Idle
0.082,0.109,1.009,1.059,-2.765,-0.149,Idle
0.082,0.108,1.010,1.041,-2.739,-0.175,Idle
0.081,0.109,1.011,1.041,-2.765,-0.192,Idle
0.081,0.110,1.009,1.067,-2.713,-0.157,Idle
0.080,0.109,1.009,1.041,-2.765,-0.114,Idle
0.081,0.109,1.010,1.050,-2.739,-0.131,Idle
0.083,0.110,1.010,1.050,-2.800,-0.175,Idle
0.082,0.109,1.011,1.059,-2.739,-0.157,Idle
0.081,0.110,1.010,1.006,-2.791,-0.079,Idle
0.081,0.109,1.010,1.059,-2.774,-0.175,Idle
0.082,0.110,1.012,1.085,-2.739,-0.131,Idle
0.082,0.109,1.011,1.015,-2.713,-0.175,Idle
0.079,0.107,1.008,1.067,-2.756,-0.140,Idle
0.083,0.110,1.011,1.050,-2.791,-0.149,Idle
0.082,0.110,1.009,1.041,-2.721,-0.149,Idle
0.079,0.109,1.010,1.006,-2.747,-0.140,Idle
0.080,0.109,1.007,1.059,-2.713,-0.131,Idle
0.083,0.109,1.012,1.015,-2.765,-0.140,Idle
0.084,0.110,1.011,1.111,-2.747,-0.131,Idle
0.080,0.109,1.011,1.024,-2.739,-0.123,Idle
0.080,0.110,1.010,1.076,-2.730,-0.140,Idle
0.082,0.110,1.011,1.033,-2.756,-0.157,Idle
0.080,0.110,1.011,1.067,-2.783,-0.131,Idle
0.079,0.110,1.011,1.050,-2.765,-0.184,Idle
0.080,0.110,1.009,1.041,-2.765,-0.219,Idle
0.080,0.109,1.008,1.033,-2.765,-0.123,Idle
0.079,0.110,1.011,1.076,-2.774,-0.184,Idle
0.077,0.110,1.011,1.067,-2.765,-0.149,Idle
0.080,0.113,1.009,1.067,-2.765,-0.175,Idle
0.082,0.109,1.009,1.041,-2.730,-0.140,Idle
0.083,0.113,1.012,1.059,-2.791,-0.175,Idle
0.082,0.107,1.008,1.050,-2.774,-0.131,Idle
0.079,0.110,1.011,1.033,-2.739,-0.184,Idle
0.084,0.111,1.008,1.067,-2.774,-0.175,Idle
0.085,0.109,1.011,1.067,-2.730,-0.123,Idle
0.085,0.106,1.007,1.059,-2.713,-0.140,Idle
0.083,0.110,1.009,1.050,-2.800,-0.166,Idle
0.083,0.105,1.010,1.059,-2.800,-0.123,Idle
0.084,0.110,1.012,1.076,-2.765,-0.201,Idle
0.081,0.108,1.008,1.033,-2.747,-0.157,Idle
0.081,0.110,1.010,1.085,-2.756,-0.166,Idle
0.082,0.110,1.009,1.050,-2.774,-0.166,Idle
0.082,0.108,1.012,1.059,-2.739,-0.192,Idle
0.081,0.108,1.009,1.076,-2.747,-0.114,Idle
0.080,0.108,1.009,1.050,-2.686,-0.140,Idle
0.082,0.110,1.011,1.102,-2.756,-0.192,Idle
0.081,0.110,1.011,1.059,-2.739,-0.149,Idle
0.082,0.111,1.010,1.059,-2.783,-0.140,Idle
0.081,0.109,1.010,1.076,-2.713,-0.123,Idle
0.081,0.111,1.011,1.041,-2.774,-0.157,Idle
0.081,0.110,1.011,1.050,-2.747,-0.175,Idle
0.080,0.109,1.010,1.059,-2.791,-0.131,Idle
0.082,0.109,1.011,1.050,-2.783,-0.157,Idle
0.082,0.109,1.009,1.033,-2.774,-0.149,Idle
0.082,0.109,1.010,1.041,-2.730,-0.140,Idle
0.082,0.110,1.010,1.076,-2.791,-0.175,Idle
0.080,0.109,1.010,1.033,-2.747,-0.175,Idle
0.081,0.110,1.011,1.041,-2.800,-0.157,Idle
0.082,0.111,1.011,1.050,-2.783,-0.166,Idle
0.080,0.110,1.010,1.085,-2.721,-0.114,Idle
0.075,0.111,1.010,1.067,-2.713,-0.166,Idle
0.077,0.114,1.011,1.067,-2.765,-0.166,Idle
0.082,0.109,1.010,1.076,-2.747,-0.157,Idle
0.084,0.107,1.010,1.059,-2.765,-0.166,Idle
0.081,0.109,1.010,1.076,-2.739,-0.149,Idle
0.081,0.105,1.010,1.067,-2.783,-0.149,Idle
0.083,0.109,1.010,1.085,-2.730,-0.123,Idle
0.084,0.108,1.010,1.033,-2.783,-0.140,Idle
0.083,0.109,1.010,1.067,-2.739,-0.166,Idle
0.082,0.107,1.009,1.050,-2.783,-0.175,Idle
0.082,0.108,1.008,1.076,-2.783,-0.149,Idle
0.083,0.108,1.010,1.041,-2.756,-0.114,Idle
0.081,0.109,1.011,1.050,-2.747,-0.096,Idle
0.080,0.109,1.012,1.067,-2.739,-0.140,Idle
0.079,0.109,1.010,1.085,-2.826,-0.175,Idle
0.081,0.113,1.011,1.076,-2.765,-0.157,Idle
0.080,0.109,1.010,1.067,-2.739,-0.175,Idle
0.080,0.111,1.011,1.076,-2.791,-0.166,Idle
0.082,0.110,1.009,1.085,-2.686,-0.166,Idle
0.080,0.109,1.012,1.059,-2.783,-0.123,Idle
0.082,0.110,1.009,1.059,-2.730,-0.166,Idle
0.081,0.109,1.011,1.076,-2.730,-0.140,Idle
0.081,0.109,1.010,1.067,-2.783,-0.157,Idle
0.081,0.109,1.009,0.998,-2.774,-0.114,Idle
0.081,0.109,1.011,1.050,-2.774,-0.157,Idle
0.081,0.110,1.011,1.050,-2.783,-0.149,Idle
0.083,0.109,1.010,1.050,-2.783,-0.157,Idle
0.081,0.109,1.009,1.041,-2.756,-0.149,Idle
0.081,0.110,1.009,1.067,-2.783,-0.175,Idle
0.081,0.109,1.010,1.050,-2.765,-0.184,Idle
0.081,0.110,1.010,1.033,-2.765,-0.149,Idle
0.081,0.109,1.009,1.059,-2.739,-0.201,Idle
0.082,0.108,1.010,1.085,-2.756,-0.166,Idle
0.082,0.110,1.010,1.059,-2.774,-0.149,Idle
0.080,0.110,1.011,1.041,-2.765,-0.175,Idle
0.081,0.109,1.010,1.050,-2.756,-0.140,Idle
0.082,0.110,1.010,1.076,-2.791,-0.175,Idle
0.082,0.109,1.010,1.024,-2.739,-0.149,Idle
0.081,0.109,1.011,1.059,-2.791,-0.123,Idle
0.081,0.110,1.010,1.102,-2.704,-0.140,Idle
0.081,0.109,1.008,1.076,-2.721,-0.175,Idle
0.082,0.109,1.008,1.059,-2.756,-0.175,Idle
0.081,0.109,1.010,1.102,-2.739,-0.157,Idle
0.081,0.108,1.009,1.033,-2.730,-0.149,Idle
0.082,0.109,1.009,1.006,-2.747,-0.140,Idle
0.081,0.109,1.009,1.015,-2.765,-0.131,Idle
0.082,0.110,1.011,1.041,-2.791,-0.114,Idle
0.081,0.110,1.010,1.076,-2.747,-0.131,Idle
0.080,0.110,1.010,1.102,-2.774,-0.157,Idle
0.081,0.110,1.009,1.050,-2.765,-0.157,Idle
0.083,0.110,1.010,1.033,-2.739,-0.166,Idle
0.080,0.109,1.009,1.041,-2.704,-0.157,Idle
0.081,0.110,1.009,1.059,-2.739,-0.149,Idle
0.080,0.109,1.010,1.024,-2.730,-0.096,Idle
0.081,0.109,1.011,1.033,-2.756,-0.131,Idle
0.081,0.109,1.008,1.059,-2.756,-0.157,Idle
0.081,0.109,1.010,1.059,-2.739,-0.140,Idle
0.081,0.111,1.009,1.059,-2.783,-0.184,Idle
0.081,0.110,1.012,1.067,-2.765,-0.140,Idle
0.081,0.110,1.008,1.015,-2.774,-0.123,Idle
0.081,0.108,1.009,1.085,-2.774,-0.123,Idle
0.082,0.110,1.011,1.024,-2.747,-0.149,Idle
0.082,0.110,1.009,1.050,-2.739,-0.131,Idle
0.081,0.111,1.011,1.015,-2.739,-0.131,Idle
0.080,0.108,1.010,1.024,-2.721,-0.157,Idle
0.082,0.110,1.010,1.076,-2.783,-0.175,Idle
0.082,0.109,1.009,1.006,-2.704,-0.149,Idle
0.082,0.109,1.011,1.076,-2.739,-0.123,Idle
0.080,0.109,1.010,1.041,-2.756,-0.175,Idle
0.081,0.111,1.011,1.094,-2.826,-0.123,Idle
0.081,0.109,1.011,1.006,-2.756,-0.105,Idle
0.082,0.110,1.010,1.076,-2.747,-0.131,Idle
0.080,0.109,1.010,1.076,-2.704,-0.166,Idle
0.082,0.109,1.011,1.050,-2.730,-0.131,Idle
0.081,0.110,1.011,1.033,-2.791,-0.087,Idle
0.081,0.110,1.009,1.050,-2.747,-0.157,Idle
0.081,0.108,1.009,1.059,-2.791,-0.123,Idle
0.082,0.109,1.011,1.076,-2.765,-0.114,Idle
0.083,0.109,1.012,1.059,-2.783,-0.157,Idle
0.081,0.109,1.007,1.033,-2.739,-0.166,Idle
0.080,0.110,1.011,1.076,-2.739,-0.140,Idle
0.079,0.109,1.008,1.033,-2.783,-0.105,Idle
0.082,0.109,1.012,1.076,-2.765,-0.114,Idle
0.080,0.109,1.008,1.085,-2.739,-0.166,Idle
0.081,0.109,1.011,1.033,-2.739,-0.131,Idle
0.081,0.109,1.009,1.067,-2.774,-0.192,Idle
0.081,0.110,1.014,1.059,-2.739,-0.123,Idle
0.080,0.109,1.008,1.059,-2.730,-0.140,Idle
0.081,0.109,1.010,1.059,-2.739,-0.123,Idle
0.081,0.109,1.010,1.067,-2.756,-0.157,Idle
0.082,0.109,1.011,1.094,-2.791,-0.131,Idle
0.081,0.109,1.009,1.050,-2.713,-0.149,Idle
0.081,0.110,1.008,1.033,-2.747,-0.140,Idle
0.081,0.108,1.010,1.102,-2.774,-0.166,Idle
0.081,0.108,1.010,1.094,-2.765,-0.149,Idle
0.080,0.110,1.008,1.076,-2.730,-0.166,Idle
0.080,0.108,1.008,1.059,-2.765,-0.114,Idle
0.081,0.109,1.011,1.033,-2.765,-0.114,Idle
0.081,0.109,1.009,1.067,-2.739,-0.157,Idle
0.081,0.110,1.009,1.050,-2.747,-0.157,Idle
0.081,0.110,1.007,1.050,-2.747,-0.123,Idle
0.081,0.109,1.010,1.102,-2.774,-0.140,Idle
0.081,0.110,1.009,1.050,-2.730,-0.131,Idle
0.081,0.109,1.011,1.041,-2.756,-0.157,Idle
0.081,0.109,1.009,1.050,-2.739,-0.192,Idle
0.081,0.110,1.012,1.024,-2.730,-0.131,Idle
0.081,0.110,1.011,1.033,-2.756,-0.140,Idle
0.082,0.110,1.011,1.050,-2.774,-0.184,Idle
0.081,0.109,1.008,1.033,-2.765,-0.149,Idle
0.081,0.109,1.011,1.059,-2.747,-0.140,Idle
0.082,0.108,1.010,1.050,-2.730,-0.157,Idle
0.081,0.109,1.011,1.059,-2.774,-0.166,Idle
0.081,0.109,1.009,1.102,-2.739,-0.114,Idle
0.082,0.110,1.011,1.041,-2.783,-0.140,Idle
0.081,0.110,1.011,1.050,-2.765,-0.157,Idle
0.081,0.109,1.009,1.059,-2.774,-0.114,Idle
0.081,0.109,1.009,1.033,-2.791,-0.184,Idle
0.082,0.110,1.011,1.059,-2.739,-0.140,Idle
0.081,0.110,1.011,1.059,-2.730,-0.149,Idle
0.081,0.109,1.011,1.076,-2.774,-0.149,Idle
0.081,0.109,1.008,1.094,-2.774,-0.175,Idle
0.080,0.109,1.008,1.059,-2.756,-0.114,Idle
0.081,0.109,1.011,1.050,-2.747,-0.175,Idle
0.081,0.109,1.009,1.050,-2.756,-0.157,Idle
0.081,0.109,1.009,1.033,-2.747,-0.140,Idle
0.080,0.109,1.008,1.041,-2.765,-0.192,Idle
0.081,0.109,1.011,1.041,-2.739,-0.149,Idle
0.080,0.109,1.010,1.067,-2.739,-0.175,Idle
0.081,0.110,1.009,1.102,-2.747,-0.157,Idle
0.081,0.108,1.009,1.059,-2.774,-0.157,Idle
0.082,0.110,1.011,1.041,-2.756,-0.131,Idle
0.081,0.110,1.011,1.050,-2.747,-0.166,Idle
0.081,0.109,1.011,1.085,-2.783,-0.157,Idle
0.080,0.109,1.008,1.050,-2.747,-0.157,Idle
0.082,0.110,1.012,1.085,-2.756,-0.140,Idle
0.080,0.109,1.008,1.059,-2.818,-0.175,Idle
0.081,0.109,1.009,1.059,-2.730,-0.140,Idle
0.080,0.109,1.008,1.050,-2.704,-0.201,Idle
0.082,0.110,1.012,1.067,-2.765,-0.149,Idle
0.081,0.109,1.012,1.085,-2.765,-0.131,Idle
0.081,0.110,1.009,1.041,-2.739,-0.157,Idle
0.082,0.109,1.011,1.059,-2.747,-0.149,Idle
0.081,0.109,1.013,1.067,-2.747,-0.175,Idle
0.083,0.110,1.013,1.067,-2.783,-0.123,Idle
0.080,0.109,1.008,1.059,-2.704,-0.192,Idle
0.081,0.109,1.009,1.067,-2.747,-0.166,Idle
0.081,0.109,1.011,1.085,-2.791,-0.114,Idle
0.081,0.111,1.012,1.059,-2.783,-0.131,Idle
0.081,0.109,1.010,1.041,-2.747,-0.157,Idle
0.083,0.109,1.011,1.059,-2.713,-0.131,Idle
0.082,0.108,1.008,1.024,-2.791,-0.149,Idle
0.081,0.110,1.012,1.024,-2.783,-0.131,Idle
0.082,0.106,1.007,1.059,-2.739,-0.192,Idle
0.084,0.109,1.010,1.067,-2.800,-0.157,Idle
0.079,0.114,1.010,1.059,-2.791,-0.175,Idle
0.080,0.110,1.013,1.059,-2.774,-0.184,Idle
0.079,0.111,1.009,1.050,-2.721,-0.149,Idle
0.079,0.111,1.010,1.094,-2.739,-0.175,Idle
0.082,0.110,1.011,1.067,-2.774,-0.166,Idle
0.078,0.110,1.012,1.085,-2.765,-0.157,Idle
0.082,0.108,1.007,1.050,-2.747,-0.192,Idle
0.083,0.112,1.006,1.015,-2.747,-0.157,Idle
0.081,0.110,1.012,1.059,-2.747,-0.123,Idle
0.080,0.106,1.010,1.059,-2.739,-0.210,Idle
0.080,0.108,1.008,1.085,-2.765,-0.157,Idle
0.077,0.114,1.009,1.041,-2.765,-0.157,Idle
0.081,0.113,1.012,1.102,-2.800,-0.175,Idle
0.082,0.106,1.010,1.024,-2.730,-0.149,Idle
0.078,0.110,1.009,1.085,-2.721,-0.140,Idle
0.087,0.111,1.007,1.067,-2.774,-0.131,Idle
0.080,0.099,1.011,0.971,-2.756,-0.123,Idle
0.079,0.113,1.009,1.120,-2.730,-0.166,Idle
0.082,0.108,1.011,1.059,-2.791,-0.149,Idle
0.080,0.111,1.010,1.059,-2.765,-0.175,Idle
0.081,0.110,1.010,1.033,-2.704,-0.149,Idle
0.082,0.109,1.008,1.024,-2.739,-0.175,Idle
0.083,0.109,1.009,1.059,-2.791,-0.131,Idle
0.081,0.109,1.006,1.050,-2.765,-0.140,Idle
0.082,0.107,1.012,1.033,-2.721,-0.175,Idle
0.083,0.107,1.010,1.059,-2.730,-0.166,Idle
0.082,0.108,1.008,1.041,-2.765,-0.157,Idle
0.080,0.109,1.010,1.059,-2.774,-0.131,Idle
0.081,0.110,1.011,1.059,-2.861,-0.114,Idle
0.083,0.110,1.011,1.033,-2.800,-0.131,Idle
0.081,0.110,1.009,1.041,-2.747,-0.140,Idle
0.082,0.108,1.010,1.059,-2.791,-0.184,Idle
0.083,0.108,1.010,1.041,-2.739,-0.166,Idle
0.082,0.109,1.010,1.041,-2.721,-0.131,Idle
0.076,0.124,1.041,1.295,-2.494,-0.018,Idle
0.092,0.100,0.962,0.962,-2.975,-0.140,Idle
0.089,0.114,0.994,1.234,-2.415,-0.236,Idle
0.075,0.107,1.012,0.919,-2.608,-0.228,Idle
0.080,0.112,1.019,1.120,-2.861,-0.131,Idle
0.082,0.106,1.005,1.085,-2.896,-0.096,Idle
0.081,0.112,1.007,1.076,-2.704,-0.184,Idle
0.081,0.108,1.009,1.085,-2.747,-0.157,Idle
0.081,0.109,1.008,1.033,-2.739,-0.166,Idle
0.080,0.109,1.007,1.033,-2.686,-0.192,Idle
0.082,0.109,1.009,1.076,-2.800,-0.140,Idle
0.081,0.109,1.011,1.050,-2.756,-0.166,Idle
0.082,0.109,1.010,1.041,-2.791,-0.140,Idle
0.081,0.110,1.011,1.059,-2.774,-0.149,Idle
0.082,0.109,1.009,1.076,-2.791,-0.166,Idle
0.086,0.110,1.016,1.076,-2.975,-0.087,Idle
0.080,0.107,1.003,1.050,-2.669,-0.175,Idle
0.081,0.109,1.006,1.085,-2.756,-0.087,Idle
0.081,0.108,1.012,1.050,-2.721,-0.131,Idle
0.082,0.109,1.011,1.050,-2.756,-0.175,Idle
0.083,0.109,1.010,1.050,-2.678,-0.131,Idle
0.082,0.108,1.008,1.050,-2.747,-0.157,Idle
0.080,0.109,1.011,1.050,-2.765,-0.131,Idle
0.081,0.109,1.011,1.041,-2.791,-0.149,Idle
0.082,0.109,1.012,1.059,-2.774,-0.114,Idle
0.082,0.110,1.006,1.059,-2.765,-0.184,Idle
0.078,0.109,1.012,0.954,-2.520,-0.228,Idle
0.156,0.137,1.095,1.487,-3.500,0.105,Idle
0.128,0.132,1.082,1.628,-4.086,0.385,Idle
0.061,0.089,0.950,0.577,-2.039,-0.350,Idle
0.080,0.122,1.044,1.173,-2.765,-0.123,Idle
0.079,0.114,1.029,1.076,-2.852,-0.131,Idle
0.083,0.116,1.006,1.102,-2.756,-0.184,Idle
0.080,0.108,1.010,1.067,-2.686,-0.149,Idle
0.081,0.109,1.010,1.085,-2.774,-0.166,Idle
0.082,0.109,1.011,1.129,-2.800,-0.114,Idle
0.082,0.108,1.008,1.085,-2.730,-0.149,Idle
0.082,0.109,1.012,1.076,-2.783,-0.175,Idle
0.081,0.110,1.010,1.085,-2.791,-0.140,Idle
0.082,0.109,1.011,1.015,-2.800,-0.157,Idle
0.081,0.108,1.008,1.024,-2.747,-0.140,Idle
0.082,0.108,1.010,1.085,-2.721,-0.149,Idle
0.081,0.109,1.010,1.067,-2.756,-0.157,Idle
0.081,0.110,1.011,1.050,-2.756,-0.149,Idle
0.083,0.109,1.008,1.102,-2.774,-0.166,Idle
0.081,0.109,1.011,1.059,-2.721,-0.123,Idle
0.081,0.109,1.010,1.050,-2.721,-0.166,Idle
0.079,0.108,1.011,1.041,-2.765,-0.175,Idle
0.082,0.109,1.009,1.041,-2.739,-0.140,Idle
0.083,0.109,1.010,1.059,-2.774,-0.140,Idle
0.080,0.108,1.012,1.067,-2.756,-0.149,Idle
0.080,0.109,1.010,1.067,-2.756,-0.140,Idle
0.081,0.108,1.009,1.076,-2.713,-0.175,Idle
0.082,0.109,1.009,1.067,-2.704,-0.123,Idle
0.081,0.108,1.011,1.033,-2.791,-0.157,Idle
0.081,0.109,1.010,1.076,-2.783,-0.166,Idle
0.081,0.109,1.009,1.050,-2.721,-0.123,Idle
0.082,0.109,1.008,1.067,-2.765,-0.157,Idle
0.082,0.110,1.012,1.076,-2.774,-0.149,Idle
0.079,0.110,1.009,1.033,-2.765,-0.157,Idle
0.081,0.109,1.010,1.085,-2.721,-0.096,Idle
0.081,0.110,1.009,1.067,-2.721,-0.166,Idle
0.082,0.109,1.011,1.120,-2.774,-0.149,Idle
0.080,0.109,1.009,1.033,-2.783,-0.131,Idle
0.080,0.110,1.008,1.067,-2.774,-0.166,Idle
0.081,0.109,1.011,1.085,-2.756,-0.166,Idle
0.083,0.109,1.011,1.041,-2.791,-0.157,Idle
0.080,0.109,1.009,0.998,-2.765,-0.131,Idle
0.081,0.110,1.008,1.059,-2.756,-0.140,Idle
0.081,0.109,1.010,1.033,-2.747,-0.184,Idle
0.082,0.109,1.013,1.033,-2.765,-0.192,Idle
0.083,0.109,1.013,1.076,-2.747,-0.184,Idle
0.080,0.109,1.008,1.059,-2.721,-0.149,Idle
0.081,0.109,1.011,1.067,-2.783,-0.149,Idle
0.082,0.109,1.012,1.033,-2.765,-0.140,Idle
0.081,0.109,1.013,1.050,-2.783,-0.114,Idle
0.080,0.109,1.008,1.085,-2.739,-0.157,Idle
0.081,0.110,1.012,1.094,-2.809,-0.131,Idle
0.082,0.110,1.011,1.033,-2.783,-0.131,Idle
0.082,0.110,1.011,1.050,-2.809,-0.131,Idle
0.081,0.109,1.006,1.033,-2.747,-0.192,Idle
0.081,0.108,1.011,1.041,-2.721,-0.157,Idle
0.081,0.109,1.009,1.059,-2.747,-0.192,Idle
0.081,0.109,1.012,1.076,-2.800,-0.192,Idle
0.081,0.109,1.007,1.041,-2.756,-0.149,Idle
0.082,0.110,1.012,1.094,-2.791,-0.157,Idle
0.082,0.109,1.011,1.102,-2.783,-0.123,Idle
0.081,0.109,1.011,1.024,-2.765,-0.166,Idle
0.082,0.109,1.008,1.041,-2.747,-0.157,Idle
0.081,0.108,1.009,1.041,-2.765,-0.166,Idle
0.082,0.109,1.011,1.033,-2.826,-0.149,Idle
0.081,0.109,1.010,1.033,-2.739,-0.192,Idle
0.081,0.109,1.009,1.041,-2.774,-0.140,Idle
0.082,0.109,1.008,0.998,-2.713,-0.140,Idle
0.082,0.109,1.012,1.067,-2.765,-0.157,Idle
0.080,0.110,1.010,1.041,-2.747,-0.166,Idle
0.081,0.109,1.009,1.050,-2.739,-0.157,Idle
0.081,0.109,1.008,1.102,-2.747,-0.166,Idle
0.081,0.109,1.011,1.050,-2.809,-0.140,Idle
0.080,0.109,1.009,1.094,-2.721,-0.184,Idle
0.081,0.109,1.009,1.050,-2.774,-0.166,Idle
0.081,0.109,1.008,1.041,-2.765,-0.157,Idle
0.082,0.109,1.012,1.059,-2.791,-0.166,Idle
0.082,0.109,1.009,1.041,-2.739,-0.157,Idle
0.081,0.109,1.009,1.041,-2.747,-0.140,Idle
0.082,0.109,1.009,1.033,-2.765,-0.175,Idle
0.082,0.109,1.012,1.041,-2.730,-0.157,Idle
0.081,0.109,1.010,1.059,-2.730,-0.175,Idle
0.080,0.110,1.009,1.076,-2.765,-0.140,Idle
0.081,0.108,1.010,1.102,-2.739,-0.123,Idle
0.082,0.110,1.010,1.033,-2.756,-0.166,Idle
0.082,0.109,1.011,1.059,-2.774,-0.192,Idle
0.082,0.109,1.009,1.102,-2.791,-0.175,Idle
0.081,0.109,1.009,1.067,-2.783,-0.184,Idle
0.081,0.110,1.010,1.033,-2.791,-0.114,Idle
0.082,0.109,1.011,1.041,-2.739,-0.131,Idle
0.081,0.110,1.009,1.041,-2.747,-0.166,Idle
0.081,0.109,1.009,1.050,-2.747,-0.157,Idle
0.081,0.109,1.011,1.059,-2.747,-0.140,Idle
0.082,0.109,1.011,1.067,-2.730,-0.175,Idle
0.081,0.110,1.009,1.024,-2.747,-0.131,Idle
0.081,0.108,1.010,1.050,-2.791,-0.166,Idle
0.081,0.109,1.009,1.067,-2.783,-0.157,Idle
0.082,0.109,1.012,1.015,-2.756,-0.140,Idle
0.081,0.109,1.009,1.050,-2.747,-0.184,Idle
0.081,0.111,1.010,1.024,-2.756,-0.184,Idle
0.082,0.108,1.010,1.033,-2.721,-0.157,Idle
0.083,0.110,1.011,1.067,-2.730,-0.105,Idle
0.080,0.108,1.009,1.059,-2.747,-0.210,Idle
0.080,0.109,1.012,1.033,-2.774,-0.166,Idle
0.081,0.108,1.010,0.998,-2.730,-0.166,Idle
0.081,0.109,1.012,1.085,-2.791,-0.140,Idle
0.081,0.108,1.007,1.067,-2.756,-0.184,Idle
0.081,0.110,1.008,1.076,-2.713,-0.140,Idle
0.082,0.108,1.011,1.067,-2.756,-0.114,Idle
0.081,0.108,1.011,1.033,-2.730,-0.149,Idle
0.081,0.109,1.009,1.067,-2.765,-0.157,Idle
0.080,0.109,1.008,1.067,-2.713,-0.149,Idle
0.083,0.109,1.012,1.041,-2.783,-0.157,Idle
0.082,0.110,1.010,1.041,-2.747,-0.149,Idle
0.082,0.108,1.010,1.033,-2.739,-0.157,Idle
0.080,0.109,1.009,1.067,-2.721,-0.184,Idle
0.079,0.110,1.012,1.024,-2.791,-0.175,Idle
0.083,0.111,1.012,1.138,-2.756,-0.166,Idle
0.080,0.112,1.016,1.067,-2.774,-0.140,Idle
0.082,0.109,1.004,1.041,-2.739,-0.140,Idle
0.082,0.108,1.013,1.041,-2.791,-0.149,Idle
0.082,0.109,1.009,1.059,-2.721,-0.140,Idle
0.082,0.110,1.011,1.067,-2.783,-0.149,Idle
0.081,0.109,1.006,1.076,-2.730,-0.140,Idle
0.081,0.110,1.014,1.076,-2.756,-0.149,Idle
0.083,0.108,1.011,1.050,-2.774,-0.140,Idle
0.081,0.108,1.010,1.059,-2.756,-0.175,Idle
0.077,0.112,1.009,1.041,-2.730,-0.184,Idle
0.082,0.110,1.012,1.076,-2.791,-0.166,Idle
0.086,0.104,1.010,1.067,-2.765,-0.131,Idle
0.078,0.115,1.011,1.173,-2.835,-0.131,Idle
0.078,0.104,1.010,1.033,-2.765,-0.140,Idle
0.082,0.117,1.014,1.067,-2.809,-0.149,Idle
0.090,0.103,1.011,1.102,-2.800,-0.123,Idle
0.077,0.108,1.011,1.033,-2.774,-0.166,Idle
0.078,0.111,1.009,1.050,-2.686,-0.184,Idle
0.080,0.108,1.009,1.041,-2.809,-0.157,Idle
0.084,0.110,1.012,1.041,-2.756,-0.149,Idle
0.080,0.110,1.007,1.059,-2.695,-0.140,Idle
0.078,0.109,1.010,1.067,-2.704,-0.157,Idle
0.081,0.111,1.011,1.024,-2.756,-0.166,Idle
0.085,0.110,1.012,1.024,-2.800,-0.157,Idle
0.081,0.110,1.008,1.059,-2.730,-0.157,Idle
0.080,0.110,1.012,1.067,-2.747,-0.175,Idle
0.080,0.109,1.012,1.076,-2.783,-0.131,Idle
0.084,0.109,1.010,1.033,-2.800,-0.131,Idle
0.083,0.109,1.008,1.033,-2.739,-0.184,Idle
0.080,0.110,1.009,1.041,-2.730,-0.114,Idle
0.079,0.109,1.012,1.050,-2.809,-0.114,Idle
0.082,0.109,1.011,1.033,-2.721,-0.149,Idle
0.083,0.109,1.008,1.076,-2.721,-0.166,Idle
0.081,0.109,1.008,1.059,-2.704,-0.184,Idle
0.078,0.110,1.011,1.076,-2.800,-0.201,Idle
0.080,0.109,1.010,1.085,-2.747,-0.184,Idle
0.083,0.110,1.010,1.041,-2.756,-0.157,Idle
0.082,0.109,1.009,1.059,-2.774,-0.157,Idle
0.081,0.109,1.012,1.033,-2.783,-0.157,Idle
0.080,0.109,1.010,1.059,-2.739,-0.140,Idle
0.082,0.109,1.010,1.041,-2.747,-0.123,Idle
0.083,0.109,1.009,1.059,-2.756,-0.192,Idle
0.081,0.109,1.010,1.024,-2.774,-0.149,Idle
0.080,0.110,1.008,1.015,-2.739,-0.157,Idle
0.081,0.109,1.009,0.998,-2.739,-0.166,Idle
0.083,0.110,1.009,1.041,-2.747,-0.166,Idle
0.083,0.109,1.012,1.050,-2.809,-0.131,Idle
0.080,0.110,1.012,1.041,-2.704,-0.149,Idle
0.080,0.110,1.009,1.067,-2.774,-0.184,Idle
0.083,0.108,1.010,1.067,-2.756,-0.210,Idle
0.082,0.109,1.011,1.085,-2.756,-0.175,Idle
0.081,0.109,1.012,1.050,-2.783,-0.131,Idle
0.079,0.109,1.008,1.067,-2.739,-0.184,Idle
0.081,0.110,1.010,1.094,-2.800,-0.149,Idle
0.083,0.109,1.010,1.024,-2.774,-0.105,Idle
0.081,0.110,1.011,1.033,-2.739,-0.184,Idle
0.080,0.109,1.008,1.076,-2.747,-0.192,Idle
0.081,0.109,1.010,1.015,-2.844,-0.149,Idle
0.082,0.109,1.010,1.067,-2.756,-0.140,Idle
0.083,0.109,1.010,1.076,-2.765,-0.149,Idle
0.081,0.109,1.008,1.015,-2.739,-0.192,Idle
0.081,0.110,1.011,1.076,-2.747,-0.157,Idle
0.082,0.109,1.010,1.067,-2.747,-0.123,Idle
0.082,0.109,1.011,1.041,-2.765,-0.149,Idle
0.080,0.109,1.009,1.059,-2.765,-0.166,Idle
0.080,0.109,1.010,1.059,-2.783,-0.096,Idle
0.081,0.110,1.011,1.076,-2.774,-0.140,Idle
0.081,0.109,1.011,1.085,-2.756,-0.131,Idle
0.081,0.109,1.008,1.067,-2.730,-0.166,Idle
0.080,0.109,1.009,1.067,-2.747,-0.192,Idle
0.081,0.109,1.011,1.033,-2.765,-0.166,Idle
0.083,0.110,1.011,1.094,-2.835,-0.131,Idle
0.082,0.109,1.008,1.076,-2.739,-0.166,Idle
0.081,0.108,1.009,1.094,-2.739,-0.140,Idle
0.081,0.109,1.011,1.024,-2.721,-0.175,Idle
0.081,0.109,1.011,1.041,-2.774,-0.175,Idle
0.083,0.109,1.011,1.094,-2.704,-0.166,Idle
0.081,0.109,1.008,1.050,-2.721,-0.157,Idle
0.080,0.110,1.011,1.076,-2.774,-0.184,Idle
0.080,0.109,1.012,1.024,-2.765,-0.140,Idle
0.081,0.109,1.011,1.050,-2.765,-0.149,Idle
0.081,0.109,1.008,1.111,-2.756,-0.140,Idle
0.081,0.110,1.012,1.067,-2.774,-0.157,Idle
0.081,0.109,1.011,1.050,-2.774,-0.166,Idle
0.083,0.108,1.011,1.059,-2.791,-0.175,Idle
0.082,0.110,1.007,1.076,-2.721,-0.140,Idle
0.081,0.110,1.011,1.024,-2.783,-0.157,Idle
0.081,0.109,1.011,1.059,-2.756,-0.175,Idle
0.082,0.109,1.010,0.998,-2.730,-0.140,Idle
0.082,0.109,1.008,1.041,-2.739,-0.192,Idle
0.082,0.109,1.012,1.067,-2.739,-0.166,Idle
0.082,0.109,1.011,1.033,-2.783,-0.131,Idle
0.080,0.109,1.011,1.102,-2.765,-0.131,Idle
0.081,0.110,1.008,1.033,-2.730,-0.149,Idle
0.081,0.108,1.012,1.024,-2.765,-0.166,Idle
0.082,0.110,1.012,1.050,-2.756,-0.175,Idle
0.081,0.110,1.010,1.085,-2.756,-0.105,Idle
0.082,0.109,1.009,1.067,-2.730,-0.149,Idle
0.081,0.109,1.008,1.050,-2.713,-0.166,Idle
0.082,0.110,1.013,1.024,-2.774,-0.131,Idle
0.081,0.109,1.008,1.085,-2.739,-0.201,Idle
0.081,0.109,1.010,1.041,-2.765,-0.131,Idle
0.081,0.109,1.009,1.085,-2.800,-0.140,Idle
0.081,0.110,1.012,1.067,-2.783,-0.149,Idle
0.080,0.109,1.008,1.033,-2.774,-0.131,Idle
0.080,0.109,1.010,1.067,-2.800,-0.140,Idle
0.081,0.109,1.009,1.050,-2.791,-0.166,Idle
0.083,0.109,1.011,1.094,-2.774,-0.184,Idle
0.080,0.109,1.008,0.998,-2.730,-0.175,Idle
0.081,0.109,1.008,1.041,-2.730,-0.175,Idle
0.082,0.109,1.010,1.059,-2.774,-0.192,Idle
0.080,0.110,1.012,1.033,-2.756,-0.140,Idle
0.081,0.110,1.008,1.015,-2.721,-0.131,Idle
0.080,0.110,1.008,1.067,-2.730,-0.149,Idle
0.082,0.109,1.013,1.050,-2.730,-0.166,Idle
0.082,0.110,1.010,1.050,-2.747,-0.149,Idle
0.081,0.109,1.013,1.033,-2.756,-0.140,Idle
0.080,0.110,1.007,1.050,-2.747,-0.166,Idle
0.083,0.109,1.013,1.085,-2.774,-0.114,Idle
0.081,0.108,1.010,1.024,-2.747,-0.114,Idle
0.082,0.110,1.011,1.050,-2.747,-0.166,Idle
0.081,0.108,1.007,1.067,-2.756,-0.149,Idle
0.082,0.110,1.013,1.015,-2.739,-0.123,Idle
0.080,0.109,1.010,1.076,-2.747,-0.140,Idle
0.081,0.110,1.011,1.033,-2.800,-0.123,Idle
0.080,0.109,1.008,1.059,-2.765,-0.175,Idle
0.081,0.109,1.013,1.076,-2.765,-0.175,Idle
0.082,0.109,1.012,1.015,-2.774,-0.123,Idle
0.081,0.109,1.010,1.076,-2.774,-0.166,Idle
0.082,0.109,1.010,1.076,-2.756,-0.157,Idle
0.082,0.109,1.012,1.059,-2.756,-0.131,Idle
0.082,0.109,1.012,1.085,-2.783,-0.131,Idle
0.082,0.109,1.007,1.067,-2.756,-0.201,Idle
0.081,0.110,1.010,1.076,-2.765,-0.157,Idle
0.082,0.110,1.013,1.059,-2.756,-0.149,Idle
0.081,0.109,1.013,1.024,-2.747,-0.114,Idle
0.080,0.110,1.009,1.050,-2.721,-0.166,Idle
0.081,0.109,1.010,1.015,-2.783,-0.184,Idle
0.083,0.110,1.008,1.059,-2.721,-0.149,Idle
0.082,0.110,1.013,1.033,-2.765,-0.166,Idle
0.081,0.109,1.007,1.050,-2.756,-0.157,Idle
0.081,0.109,1.011,1.085,-2.774,-0.184,Idle
0.081,0.109,1.008,1.041,-2.747,-0.184,Idle
0.082,0.109,1.012,1.076,-2.756,-0.201,Idle
0.081,0.109,1.008,1.059,-2.765,-0.166,Idle
0.081,0.109,1.010,1.050,-2.765,-0.175,Idle
0.082,0.109,1.009,1.094,-2.747,-0.157,Idle
0.081,0.109,1.012,1.033,-2.747,-0.140,Idle
0.081,0.109,1.008,1.050,-2.730,-0.131,Idle
0.081,0.109,1.009,1.059,-2.756,-0.157,Idle
0.081,0.108,1.009,1.067,-2.747,-0.105,Idle
0.082,0.110,1.011,1.067,-2.774,-0.114,Idle
0.080,0.109,1.009,1.033,-2.765,-0.140,Idle
0.081,0.110,1.009,1.059,-2.739,-0.175,Idle
0.082,0.109,1.010,1.050,-2.739,-0.157,Idle
0.081,0.109,1.011,1.015,-2.747,-0.114,Idle
0.082,0.108,1.011,1.041,-2.739,-0.166,Idle
0.081,0.109,1.010,1.050,-2.756,-0.140,Idle
0.081,0.109,1.010,1.050,-2.747,-0.192,Idle
0.081,0.110,1.011,1.050,-2.774,-0.157,Idle
0.081,0.109,1.012,1.050,-2.774,-0.192,Idle
0.081,0.110,1.010,1.024,-2.730,-0.175,Idle
0.082,0.109,1.010,1.006,-2.791,-0.175,Idle
0.082,0.109,1.010,1.006,-2.730,-0.131,Idle
0.081,0.110,1.011,1.033,-2.765,-0.131,Idle
0.081,0.109,1.009,1.076,-2.765,-0.166,Idle
0.082,0.109,1.010,1.067,-2.730,-0.131,Idle
0.081,0.109,1.009,1.076,-2.756,-0.166,Idle
0.081,0.110,1.013,1.033,-2.756,-0.140,Idle
0.080,0.109,1.010,1.050,-2.765,-0.175,Idle
0.082,0.109,1.011,1.041,-2.730,-0.157,Idle
0.081,0.110,1.011,1.059,-2.747,-0.140,Idle
0.081,0.109,1.011,1.076,-2.756,-0.157,Idle
0.081,0.109,1.009,1.059,-2.721,-0.166,Idle
0.080,0.110,1.009,1.050,-2.765,-0.184,Idle
0.081,0.109,1.011,1.033,-2.730,-0.157,Idle
0.082,0.109,1.010,1.033,-2.756,-0.149,Idle
0.081,0.109,1.009,1.024,-2.747,-0.192,Idle
0.081,0.109,1.009,1.041,-2.756,-0.166,Idle
0.083,0.109,1.012,1.041,-2.774,-0.149,Idle
0.081,0.110,1.009,1.050,-2.721,-0.140,Idle
0.080,0.110,1.009,1.059,-2.730,-0.210,Idle
0.081,0.109,1.009,1.033,-2.739,-0.166,Idle
0.082,0.109,1.012,1.033,-2.774,-0.096,Idle
0.081,0.109,1.010,1.015,-2.791,-0.105,Idle
0.080,0.110,1.011,1.076,-2.747,-0.149,Idle
0.081,0.108,1.008,1.041,-2.730,-0.166,Idle
0.083,0.109,1.012,1.024,-2.800,-0.157,Idle
0.081,0.110,1.009,1.076,-2.713,-0.184,Idle
0.081,0.110,1.009,1.094,-2.783,-0.184,Idle
0.083,0.109,1.009,1.024,-2.783,-0.157,Idle
0.082,0.109,1.012,1.033,-2.765,-0.149,Idle
0.081,0.108,1.009,1.085,-2.756,-0.192,Idle
0.079,0.109,1.008,1.015,-2.756,-0.166,Idle
0.082,0.109,1.009,1.041,-2.765,-0.149,Idle
0.083,0.110,1.011,1.067,-2.756,-0.105,Idle
0.081,0.108,1.012,1.059,-2.800,-0.166,Idle
0.080,0.110,1.009,1.050,-2.713,-0.123,Idle
0.082,0.109,1.011,1.050,-2.730,-0.131,Idle
0.083,0.108,1.011,1.076,-2.783,-0.175,Idle
0.082,0.110,1.013,1.041,-2.809,-0.149,Idle
0.080,0.110,1.007,1.050,-2.730,-0.140,Idle
0.082,0.108,1.010,1.033,-2.791,-0.123,Idle
0.081,0.109,1.010,1.059,-2.739,-0.114,Idle
0.081,0.109,1.012,1.085,-2.739,-0.131,Idle
0.080,0.109,1.006,1.067,-2.756,-0.149,Idle
0.081,0.109,1.012,1.076,-2.783,-0.184,Idle
0.082,0.109,1.010,1.067,-2.747,-0.149,Idle
0.082,0.110,1.011,1.059,-2.756,-0.149,Idle
0.080,0.109,1.007,1.015,-2.730,-0.140,Idle
0.082,0.109,1.012,1.050,-2.774,-0.140,Idle
0.082,0.110,1.011,1.050,-2.730,-0.140,Idle
0.082,0.109,1.011,1.059,-2.730,-0.123,Idle
0.080,0.108,1.009,1.024,-2.747,-0.192,Idle
0.079,0.109,1.008,1.085,-2.818,-0.123,Idle
0.082,0.109,1.011,1.085,-2.730,-0.114,Idle
0.082,0.108,1.010,1.050,-2.713,-0.140,Idle
0.081,0.110,1.009,1.050,-2.721,-0.192,Idle
0.079,0.108,1.008,1.059,-2.765,-0.184,Idle
0.080,0.110,1.012,1.059,-2.765,-0.149,Idle
0.083,0.109,1.009,1.111,-2.791,-0.149,Idle
0.083,0.109,1.009,1.059,-2.774,-0.157,Idle
0.081,0.110,1.009,1.067,-2.756,-0.184,Idle
0.081,0.109,1.012,1.050,-2.809,-0.201,Idle
0.082,0.109,1.008,1.050,-2.747,-0.192,Idle
0.082,0.110,1.010,1.076,-2.713,-0.140,Idle
0.080,0.109,1.010,1.111,-2.756,-0.166,Idle
0.079,0.109,1.013,1.024,-2.800,-0.157,Idle
0.081,0.110,1.009,1.085,-2.756,-0.175,Idle
0.082,0.109,1.010,1.102,-2.721,-0.166,Idle
0.081,0.107,1.008,1.067,-2.739,-0.114,Idle
0.080,0.109,1.011,1.067,-2.765,-0.114,Idle
0.080,0.109,1.011,1.041,-2.756,-0.140,Idle
0.082,0.109,1.010,1.067,-2.739,-0.123,Idle
0.083,0.109,1.010,1.041,-2.774,-0.123,Idle
0.080,0.109,1.010,1.024,-2.756,-0.114,Idle
0.080,0.109,1.010,1.059,-2.783,-0.184,Idle
0.082,0.109,1.009,1.041,-2.747,-0.157,Idle
0.083,0.109,1.010,1.050,-2.730,-0.175,Idle
0.081,0.109,1.010,1.041,-2.730,-0.184,Idle
0.080,0.109,1.009,1.067,-2.765,-0.175,Idle
0.081,0.109,1.009,1.102,-2.774,-0.175,Idle
0.083,0.108,1.010,1.076,-2.765,-0.166,Idle
0.081,0.110,1.010,1.059,-2.756,-0.175,Idle
0.081,0.109,1.011,1.094,-2.783,-0.131,Idle
0.081,0.110,1.009,1.111,-2.765,-0.157,Idle
0.082,0.109,1.011,1.059,-2.818,-0.184,Idle
0.083,0.109,1.010,1.076,-2.739,-0.175,Idle
0.080,0.109,1.010,1.076,-2.783,-0.149,Idle
0.080,0.108,1.010,1.076,-2.713,-0.157,Idle
0.083,0.111,1.011,1.015,-2.756,-0.131,Idle
0.081,0.110,1.010,1.024,-2.747,-0.192,Idle
0.080,0.111,1.012,1.067,-2.765,-0.149,Idle
0.081,0.109,1.008,1.041,-2.765,-0.192,Idle
0.081,0.110,1.010,1.050,-2.774,-0.157,Idle
0.082,0.110,1.010,1.033,-2.774,-0.149,Idle
0.081,0.109,1.010,1.050,-2.774,-0.166,Idle
0.079,0.108,1.008,1.006,-2.721,-0.201,Idle
0.080,0.110,1.009,1.111,-2.713,-0.114,Idle
0.082,0.110,1.011,1.059,-2.783,-0.192,Idle
0.081,0.109,1.011,1.041,-2.739,-0.149,Idle
0.081,0.110,1.009,1.085,-2.730,-0.166,Idle
0.081,0.109,1.009,1.059,-2.721,-0.157,Idle
0.082,0.109,1.012,1.033,-2.774,-0.149,Idle
0.082,0.109,1.010,1.041,-2.739,-0.149,Idle
0.081,0.109,1.010,1.041,-2.800,-0.175,Idle
0.079,0.109,1.008,1.050,-2.739,-0.166,Idle
0.083,0.109,1.011,1.094,-2.756,-0.157,Idle
0.082,0.109,1.010,1.076,-2.747,-0.105,Idle
0.081,0.110,1.011,1.050,-2.774,-0.123,Idle
0.080,0.109,1.008,1.033,-2.765,-0.157,Idle
0.082,0.109,1.013,1.041,-2.844,-0.149,Idle
0.082,0.110,1.011,1.059,-2.730,-0.175,Idle
0.082,0.109,1.011,1.024,-2.765,-0.157,Idle
0.081,0.109,1.008,1.085,-2.747,-0.140,Idle
0.081,0.110,1.013,1.024,-2.783,-0.131,Idle
0.082,0.110,1.012,1.067,-2.756,-0.149,Idle
0.082,0.109,1.011,1.015,-2.756,-0.192,Idle
0.081,0.108,1.008,1.041,-2.730,-0.192,Idle
0.080,0.110,1.012,1.085,-2.783,-0.157,Idle
0.082,0.110,1.012,1.041,-2.783,-0.157,Idle
0.081,0.109,1.009,1.006,-2.774,-0.175,Idle
0.081,0.110,1.010,1.076,-2.747,-0.184,Idle
0.080,0.109,1.008,1.094,-2.791,-0.149,Idle
0.082,0.109,1.011,1.076,-2.800,-0.149,Idle
0.081,0.108,1.009,1.050,-2.721,-0.157,Idle
0.081,0.109,1.010,1.129,-2.774,-0.157,Idle
0.081,0.109,1.010,1.059,-2.756,-0.157,Idle
0.082,0.110,1.012,1.041,-2.756,-0.131,Idle
0.081,0.109,1.009,1.094,-2.756,-0.149,Idle
0.082,0.108,1.010,1.076,-2.791,-0.175,Idle
0.081,0.110,1.010,1.067,-2.747,-0.131,Idle
0.081,0.111,1.013,0.989,-2.783,-0.131,Idle
0.080,0.109,1.007,1.041,-2.747,-0.149,Idle
0.080,0.109,1.009,1.050,-2.765,-0.166,Idle
0.082,0.109,1.010,1.041,-2.739,-0.157,Idle
0.081,0.109,1.010,1.094,-2.791,-0.149,Idle
0.081,0.109,1.009,1.050,-2.747,-0.175,Idle
0.080,0.110,1.008,1.059,-2.739,-0.105,Idle
0.080,0.109,1.011,1.015,-2.765,-0.175,Idle
0.081,0.110,1.010,1.015,-2.765,-0.192,Idle
0.081,0.109,1.008,0.998,-2.756,-0.140,Idle
0.081,0.109,1.009,1.067,-2.747,-0.175,Idle
0.081,0.110,1.011,1.050,-2.783,-0.149,Idle
0.081,0.108,1.009,1.033,-2.747,-0.140,Idle
0.080,0.110,1.010,1.050,-2.800,-0.140,Idle
0.081,0.109,1.009,1.067,-2.765,-0.175,Idle
0.081,0.109,1.012,1.059,-2.747,-0.175,Idle
0.081,0.109,1.008,1.041,-2.765,-0.140,Idle
0.082,0.109,1.010,1.024,-2.739,-0.166,Idle
0.081,0.109,1.009,1.033,-2.730,-0.149,Idle
0.082,0.110,1.011,1.024,-2.756,-0.192,Idle
0.081,0.109,1.012,1.085,-2.747,-0.096,Idle
0.081,0.109,1.009,0.998,-2.747,-0.157,Idle
0.081,0.109,1.011,1.024,-2.747,-0.166,Idle
0.082,0.110,1.011,1.067,-2.774,-0.149,Idle
0.082,0.109,1.012,1.067,-2.774,-0.140,Idle
0.082,0.110,1.010,1.059,-2.739,-0.140,Idle
0.082,0.109,1.011,1.067,-2.756,-0.157,Idle
0.082,0.109,1.011,1.094,-2.747,-0.175,Idle
0.083,0.109,1.012,1.102,-2.774,-0.157,Idle
0.080,0.109,1.007,1.041,-2.747,-0.175,Idle
0.081,0.110,1.013,1.059,-2.774,-0.105,Idle
0.082,0.109,1.011,1.094,-2.818,-0.140,Idle
0.081,0.109,1.010,1.041,-2.765,-0.184,Idle
0.080,0.110,1.008,1.033,-2.695,-0.140,Idle
0.082,0.109,1.011,1.006,-2.756,-0.157,Idle
0.082,0.109,1.010,1.067,-2.756,-0.149,Idle
0.082,0.109,1.011,1.067,-2.774,-0.192,Idle
0.081,0.110,1.008,1.033,-2.747,-0.201,Idle
0.081,0.110,1.010,1.067,-2.756,-0.175,Idle
0.082,0.109,1.011,1.076,-2.721,-0.149,Idle
0.081,0.109,1.011,1.041,-2.756,-0.192,Idle
0.080,0.109,1.010,1.041,-2.739,-0.149,Idle
0.081,0.109,1.010,1.041,-2.739,-0.175,Idle
0.081,0.108,1.009,1.041,-2.800,-0.131,Idle
0.081,0.110,1.011,1.033,-2.756,-0.140,Idle
0.081,0.110,1.009,1.033,-2.739,-0.157,Idle
0.081,0.109,1.009,1.050,-2.730,-0.201,Idle
0.082,0.111,1.011,1.067,-2.774,-0.166,Idle
0.081,0.109,1.009,1.067,-2.704,-0.175,Idle
0.082,0.108,1.010,1.085,-2.765,-0.114,Idle
0.081,0.110,1.009,1.050,-2.695,-0.149,Idle
0.082,0.109,1.011,1.059,-2.774,-0.140,Idle
0.081,0.108,1.010,1.059,-2.774,-0.123,Idle
0.081,0.110,1.011,1.094,-2.747,-0.131,Idle
0.082,0.109,1.008,1.041,-2.739,-0.131,Idle
0.082,0.110,1.012,1.067,-2.783,-0.157,Idle
0.080,0.110,1.009,1.067,-2.756,-0.140,Idle
0.080,0.109,1.012,1.033,-2.721,-0.123,Idle
0.081,0.110,1.008,1.085,-2.783,-0.149,Idle
0.083,0.108,1.010,1.067,-2.791,-0.114,Idle
0.082,0.110,1.009,1.041,-2.765,-0.131,Idle
0.081,0.108,1.011,1.076,-2.791,-0.114,Idle
0.080,0.109,1.009,1.024,-2.730,-0.157,Idle
0.081,0.109,1.011,1.067,-2.756,-0.149,Idle
0.083,0.108,1.011,1.067,-2.765,-0.131,Idle
0.081,0.109,1.011,1.041,-2.747,-0.123,Idle
0.080,0.110,1.009,1.041,-2.739,-0.149,Idle
0.082,0.110,1.010,1.067,-2.747,-0.105,Idle
0.082,0.109,1.011,1.050,-2.713,-0.166,Idle
0.081,0.110,1.009,1.050,-2.765,-0.184,Idle
0.079,0.110,1.009,1.050,-2.747,-0.149,Idle
0.080,0.109,1.009,1.050,-2.783,-0.149,Idle
0.083,0.110,1.012,0.998,-2.818,-0.149,Idle
0.082,0.109,1.009,1.059,-2.783,-0.157,Idle
0.081,0.109,1.010,1.067,-2.765,-0.131,Idle
0.081,0.110,1.008,1.033,-2.747,-0.140,Idle
0.083,0.109,1.012,1.059,-2.774,-0.114,Idle
0.081,0.108,1.009,1.059,-2.730,-0.175,Idle
0.081,0.109,1.011,1.041,-2.756,-0.166,Idle
0.080,0.109,1.010,1.015,-2.756,-0.140,Idle
0.081,0.109,1.012,1.041,-2.835,-0.175,Idle
0.082,0.109,1.008,1.059,-2.774,-0.201,Idle
0.082,0.109,1.007,1.050,-2.765,-0.149,Idle
0.082,0.108,1.008,1.041,-2.756,-0.140,Idle
0.081,0.109,1.012,1.076,-2.756,-0.114,Idle
0.080,0.109,1.009,1.085,-2.730,-0.175,Idle
0.081,0.109,1.008,1.085,-2.747,-0.166,Idle
0.081,0.110,1.009,1.102,-2.783,-0.175,Idle
0.082,0.110,1.012,1.059,-2.791,-0.157,Idle
0.082,0.109,1.008,1.050,-2.747,-0.131,Idle
0.081,0.109,1.008,1.076,-2.739,-0.166,Idle
0.081,0.109,1.011,1.067,-2.791,-0.105,Idle
0.081,0.109,1.010,1.033,-2.713,-0.149,Idle
0.082,0.110,1.013,1.050,-2.765,-0.123,Idle
0.081,0.109,1.007,0.998,-2.756,-0.184,Idle
0.083,0.109,1.011,1.067,-2.800,-0.140,Idle
0.080,0.110,1.009,1.015,-2.713,-0.157,Idle
0.082,0.109,1.011,1.033,-2.756,-0.157,Idle
0.081,0.109,1.008,1.059,-2.774,-0.166,Idle
0.083,0.109,1.011,1.059,-2.791,-0.140,Idle
0.081,0.109,1.013,1.041,-2.747,-0.166,Idle
0.081,0.110,1.010,1.067,-2.765,-0.157,Idle
0.082,0.109,1.008,1.059,-2.747,-0.149,Idle
0.082,0.110,1.013,1.041,-2.800,-0.175,Idle
0.081,0.109,1.013,1.067,-2.756,-0.131,Idle
0.081,0.109,1.008,1.076,-2.747,-0.149,Idle
0.082,0.109,1.009,1.033,-2.765,-0.131,Idle
0.083,0.109,1.013,1.085,-2.765,-0.157,Idle
0.081,0.109,1.012,1.015,-2.818,-0.157,Idle
0.080,0.109,1.010,1.050,-2.756,-0.105,Idle
0.082,0.109,1.009,1.076,-2.739,-0.166,Idle
0.081,0.109,1.008,1.059,-2.783,-0.184,Idle
0.083,0.110,1.012,1.102,-2.765,-0.105,Idle
0.081,0.109,1.009,1.050,-2.765,-0.184,Idle
0.081,0.110,1.009,1.041,-2.774,-0.157,Idle
0.082,0.110,1.008,1.041,-2.739,-0.140,Idle
0.083,0.109,1.012,1.033,-2.747,-0.131,Idle
0.081,0.109,1.010,1.067,-2.721,-0.175,Idle
0.081,0.109,1.010,1.067,-2.791,-0.184,Idle
0.082,0.108,1.009,1.050,-2.756,-0.157,Idle
0.082,0.110,1.013,1.067,-2.791,-0.140,Idle
0.081,0.109,1.008,1.076,-2.730,-0.184,Idle
0.080,0.110,1.009,1.041,-2.756,-0.149,Idle
0.081,0.109,1.009,1.076,-2.800,-0.140,Idle
0.083,0.109,1.012,1.094,-2.783,-0.149,Idle
0.081,0.109,1.008,1.076,-2.765,-0.184,Idle
0.080,0.109,1.009,1.033,-2.730,-0.157,Idle
0.080,0.109,1.010,1.041,-2.747,-0.166,Idle
0.082,0.109,1.012,1.067,-2.765,-0.184,Idle
0.082,0.109,1.010,1.059,-2.765,-0.140,Idle
0.081,0.109,1.008,1.067,-2.747,-0.175,Idle
0.080,0.110,1.009,1.085,-2.791,-0.166,Idle
0.081,0.109,1.013,1.067,-2.774,-0.175,Idle
0.082,0.109,1.011,1.059,-2.747,-0.123,Idle
0.081,0.108,1.011,1.050,-2.747,-0.157,Idle
0.080,0.110,1.009,1.024,-2.730,-0.131,Idle
0.081,0.110,1.012,1.067,-2.791,-0.157,Idle
0.082,0.110,1.012,1.076,-2.756,-0.096,Idle
0.081,0.110,1.009,1.033,-2.739,-0.131,Idle
0.082,0.109,1.010,1.059,-2.721,-0.114,Idle
0.080,0.109,1.009,1.050,-2.774,-0.175,Idle
0.082,0.110,1.012,1.024,-2.800,-0.131,Idle
0.081,0.108,1.009,1.033,-2.721,-0.105,Idle
0.081,0.109,1.009,1.067,-2.747,-0.175,Idle
0.081,0.109,1.009,1.076,-2.747,-0.166,Idle
0.079,0.111,1.012,1.102,-2.747,-0.149,Idle
0.080,0.109,1.008,1.024,-2.739,-0.157,Idle
0.083,0.110,1.010,1.076,-2.774,-0.157,Idle
0.081,0.109,1.009,1.050,-2.774,-0.140,Idle
0.081,0.110,1.013,1.067,-2.826,-0.114,Idle
0.078,0.109,1.007,1.050,-2.756,-0.157,Idle
0.081,0.109,1.009,1.024,-2.765,-0.140,Idle
0.081,0.109,1.010,1.041,-2.765,-0.184,Idle
0.081,0.109,1.011,1.033,-2.730,-0.175,Idle
0.081,0.109,1.009,1.050,-2.730,-0.105,Idle
0.080,0.108,1.008,1.067,-2.747,-0.201,Idle
0.082,0.109,1.011,1.033,-2.739,-0.123,Idle
0.081,0.109,1.010,1.111,-2.747,-0.166,Idle
0.081,0.108,1.008,1.041,-2.686,-0.201,Idle
0.081,0.109,1.008,1.059,-2.756,-0.157,Idle
0.082,0.110,1.011,1.024,-2.774,-0.157,Idle
0.081,0.109,1.010,1.076,-2.765,-0.175,Idle
0.081,0.110,1.012,1.041,-2.747,-0.140,Idle
0.080,0.109,1.008,1.076,-2.756,-0.140,Idle
0.082,0.110,1.012,1.041,-2.783,-0.096,Idle
0.081,0.109,1.009,1.033,-2.747,-0.149,Idle
0.082,0.110,1.012,1.120,-2.774,-0.105,Idle
0.080,0.110,1.008,1.024,-2.721,-0.175,Idle
0.083,0.109,1.013,1.059,-2.783,-0.114,Idle
0.082,0.109,1.008,1.006,-2.739,-0.149,Idle
0.082,0.109,1.009,1.050,-2.774,-0.184,Idle
0.082,0.109,1.008,1.024,-2.747,-0.149,Idle
0.082,0.110,1.012,1.076,-2.783,-0.123,Idle
0.082,0.109,1.012,1.050,-2.783,-0.175,Idle
0.081,0.110,1.009,1.041,-2.704,-0.184,Idle
0.081,0.109,1.009,1.085,-2.730,-0.087,Idle
0.081,0.109,1.013,1.067,-2.791,-0.140,Idle
0.083,0.111,1.012,1.067,-2.791,-0.114,Idle
0.080,0.109,1.008,1.033,-2.783,-0.166,Idle
0.081,0.108,1.010,1.041,-2.765,-0.166,Idle
0.081,0.108,1.010,1.067,-2.747,-0.157,Idle
0.082,0.110,1.012,1.067,-2.730,-0.157,Idle
0.081,0.108,1.007,1.033,-2.747,-0.201,Idle
0.081,0.109,1.011,1.059,-2.791,-0.131,Idle
0.080,0.109,1.010,1.076,-2.756,-0.157,Idle
0.082,0.110,1.012,1.059,-2.774,-0.149,Idle
0.082,0.111,1.008,1.067,-2.747,-0.210,Idle
0.081,0.110,1.011,1.067,-2.747,-0.114,Idle
0.080,0.109,1.010,1.076,-2.765,-0.149,Idle
0.082,0.109,1.012,1.067,-2.730,-0.140,Idle
0.082,0.110,1.009,1.067,-2.739,-0.175,Idle
0.081,0.109,1.006,1.059,-2.791,-0.149,Idle
0.081,0.108,1.010,1.033,-2.747,-0.157,Idle
0.083,0.109,1.011,1.033,-2.765,-0.131,Idle
0.081,0.109,1.008,1.050,-2.747,-0.166,Idle
0.081,0.109,1.009,1.033,-2.730,-0.123,Idle
0.081,0.109,1.011,1.067,-2.783,-0.201,Idle
0.081,0.109,1.010,1.067,-2.765,-0.149,Idle
0.082,0.109,1.009,1.033,-2.747,-0.140,Idle
0.081,0.109,1.008,1.067,-2.765,-0.166,Idle
0.081,0.109,1.011,1.094,-2.774,-0.157,Idle
0.082,0.109,1.010,1.076,-2.756,-0.123,Idle
0.081,0.109,1.011,1.076,-2.747,-0.157,Idle
0.082,0.109,1.009,1.033,-2.747,-0.184,Idle
0.082,0.109,1.011,1.094,-2.783,-0.157,Idle
0.081,0.109,1.010,1.041,-2.747,-0.166,Idle
0.082,0.109,1.011,1.076,-2.756,-0.192,Idle
0.082,0.109,1.010,1.085,-2.713,-0.184,Idle
0.080,0.109,1.010,1.059,-2.721,-0.157,Idle
0.082,0.108,1.010,1.006,-2.747,-0.140,Idle
0.080,0.110,1.011,1.067,-2.704,-0.175,Idle
0.080,0.109,1.010,1.033,-2.809,-0.166,Idle
0.081,0.109,1.009,1.006,-2.713,-0.123,Idle
0.080,0.109,1.009,1.024,-2.739,-0.149,Idle
0.081,0.109,1.011,1.059,-2.756,-0.157,Idle
0.081,0.110,1.011,1.050,-2.756,-0.140,Idle
0.082,0.109,1.009,1.059,-2.739,-0.140,Idle
0.081,0.111,1.009,1.024,-2.774,-0.166,Idle
0.081,0.109,1.009,1.033,-2.747,-0.149,Idle
0.081,0.110,1.011,1.059,-2.774,-0.140,Idle
0.081,0.110,1.011,1.033,-2.774,-0.149,Idle
0.081,0.109,1.010,0.998,-2.721,-0.157,Idle
0.081,0.109,1.011,1.067,-2.747,-0.131,Idle
0.080,0.109,1.010,1.033,-2.756,-0.140,Idle
0.081,0.109,1.010,1.076,-2.818,-0.157,Idle
0.081,0.109,1.010,1.067,-2.747,-0.201,Idle
0.081,0.110,1.010,1.067,-2.747,-0.166,Idle
0.082,0.110,1.011,1.050,-2.747,-0.166,Idle
0.081,0.109,1.010,1.059,-2.783,-0.149,Idle
0.082,0.109,1.010,1.085,-2.756,-0.114,Idle
0.081,0.109,1.010,1.067,-2.713,-0.157,Idle
0.082,0.108,1.010,1.050,-2.774,-0.157,Idle
0.081,0.110,1.010,1.094,-2.730,-0.175,Idle
0.081,0.109,1.009,1.033,-2.730,-0.157,Idle
0.081,0.108,1.010,1.050,-2.783,-0.123,Idle
0.083,0.109,1.010,1.050,-2.756,-0.149,Idle
0.081,0.109,1.010,1.067,-2.756,-0.166,Idle
0.080,0.109,1.010,1.067,-2.730,-0.131,Idle
0.081,0.109,1.009,1.015,-2.783,-0.192,Idle
0.082,0.111,1.011,1.059,-2.800,-0.157,Idle
0.082,0.108,1.010,1.111,-2.800,-0.149,Idle
0.082,0.109,1.010,1.059,-2.739,-0.184,Idle
0.081,0.109,1.009,1.041,-2.747,-0.105,Idle
0.080,0.109,1.008,1.076,-2.721,-0.192,Idle
0.082,0.108,1.011,1.050,-2.783,-0.149,Idle
0.082,0.109,1.009,1.067,-2.739,-0.210,Idle
0.080,0.109,1.011,1.041,-2.730,-0.166,Idle
0.081,0.109,1.009,1.050,-2.747,-0.166,Idle
0.082,0.108,1.012,1.050,-2.783,-0.123,Idle
0.082,0.109,1.012,1.050,-2.704,-0.201,Idle
0.081,0.109,1.008,1.050,-2.774,-0.140,Idle
0.081,0.110,1.010,1.076,-2.756,-0.149,Idle
0.081,0.108,1.011,1.050,-2.765,-0.140,Idle
0.083,0.110,1.012,1.076,-2.756,-0.157,Idle
0.082,0.109,1.011,1.050,-2.791,-0.175,Idle
0.080,0.109,1.009,0.980,-2.721,-0.166,Idle
0.081,0.109,1.012,1.059,-2.765,-0.175,Idle
0.082,0.109,1.012,1.076,-2.783,-0.096,Idle
0.082,0.109,1.010,1.059,-2.713,-0.131,Idle
0.081,0.110,1.009,1.067,-2.756,-0.166,Idle
0.081,0.109,1.009,1.041,-2.756,-0.184,Idle
0.081,0.109,1.013,1.067,-2.747,-0.131,Idle
0.081,0.109,1.009,1.094,-2.756,-0.184,Idle
0.081,0.109,1.010,1.033,-2.783,-0.184,Idle
0.081,0.109,1.010,1.050,-2.730,-0.175,Idle
0.082,0.109,1.012,1.059,-2.774,-0.140,Idle
0.081,0.109,1.009,1.024,-2.774,-0.157,Idle
0.081,0.109,1.010,1.050,-2.756,-0.175,Idle
0.081,0.110,1.011,1.024,-2.791,-0.149,Idle
0.082,0.110,1.010,1.050,-2.739,-0.166,Idle
0.081,0.109,1.007,1.033,-2.721,-0.166,Idle
0.082,0.109,1.008,1.050,-2.739,-0.157,Idle
0.082,0.110,1.011,1.059,-2.756,-0.114,Idle
0.081,0.108,1.011,1.085,-2.783,-0.123,Idle
0.081,0.109,1.009,1.076,-2.739,-0.131,Idle
0.082,0.109,1.007,1.041,-2.791,-0.157,Idle
0.081,0.109,1.011,1.067,-2.783,-0.184,Idle
0.080,0.109,1.010,1.111,-2.713,-0.175,Idle
0.080,0.110,1.011,1.050,-2.774,-0.201,Idle
0.082,0.109,1.008,1.033,-2.721,-0.184,Idle
0.083,0.110,1.011,1.059,-2.791,-0.184,Idle
0.081,0.109,1.010,1.050,-2.730,-0.166,Idle
0.081,0.109,1.012,1.085,-2.730,-0.175,Idle
0.081,0.109,1.009,1.006,-2.747,-0.166,Idle
0.081,0.110,1.011,1.050,-2.765,-0.149,Idle
0.081,0.109,1.008,1.024,-2.730,-0.131,Idle
0.081,0.110,1.011,1.041,-2.747,-0.149,Idle
0.082,0.110,1.009,1.050,-2.756,-0.175,Idle
0.082,0.109,1.010,1.050,-2.783,-0.166,Idle
0.082,0.111,1.012,1.041,-2.721,-0.166,Idle
0.080,0.109,1.009,1.015,-2.704,-0.228,Idle
0.079,0.109,1.010,1.067,-2.730,-0.166,Idle
0.082,0.110,1.012,1.076,-2.756,-0.175,Idle
0.082,0.110,1.013,1.059,-2.809,-0.157,Idle
0.081,0.109,1.008,1.050,-2.756,-0.175,Idle
0.081,0.108,1.010,1.094,-2.713,-0.123,Idle
0.082,0.109,1.012,1.094,-2.747,-0.219,Idle
0.083,0.109,1.011,1.067,-2.739,-0.157,Idle
0.082,0.110,1.009,1.006,-2.730,-0.166,Idle
0.080,0.110,1.011,1.076,-2.765,-0.131,Idle
0.080,0.108,1.010,1.024,-2.747,-0.123,Idle
0.082,0.110,1.014,1.076,-2.783,-0.140,Idle
0.081,0.109,1.006,1.041,-2.721,-0.175,Idle
0.083,0.109,1.012,1.076,-2.783,-0.149,Idle
0.081,0.109,1.014,1.076,-2.756,-0.157,Idle
0.082,0.109,1.010,1.050,-2.783,-0.192,Idle
0.081,0.109,1.007,1.067,-2.765,-0.149,Idle
0.080,0.110,1.013,1.059,-2.783,-0.166,Idle
0.082,0.109,1.011,1.067,-2.774,-0.157,Idle
0.081,0.110,1.010,1.094,-2.826,-0.157,Idle
0.075,0.108,1.001,0.936,-2.634,-0.236,Idle
0.075,0.105,0.991,0.945,-2.467,-0.070,Idle
0.084,0.112,1.023,1.120,-2.852,-0.149,Idle
0.081,0.108,1.004,1.059,-2.765,-0.175,Idle
0.081,0.109,1.012,1.041,-2.721,-0.149,Idle
0.081,0.109,1.011,1.033,-2.686,-0.175,Idle
0.081,0.110,1.009,1.050,-2.765,-0.157,Idle
0.082,0.110,1.012,1.024,-2.756,-0.175,Idle
0.081,0.109,1.011,1.059,-2.791,-0.175,Idle
0.081,0.110,1.007,1.024,-2.695,-0.166,Idle
0.082,0.109,1.010,1.050,-2.756,-0.157,Idle
0.082,0.110,1.009,1.085,-2.747,-0.123,Idle
0.082,0.109,1.012,1.041,-2.747,-0.149,Idle
0.081,0.109,1.008,1.015,-2.721,-0.149,Idle
0.082,0.110,1.011,1.076,-2.818,-0.131,Idle
0.081,0.109,1.011,1.041,-2.739,-0.157,Idle
0.081,0.109,1.011,1.015,-2.765,-0.166,Idle
0.081,0.109,1.009,1.015,-2.747,-0.157,Idle
0.082,0.110,1.009,1.041,-2.765,-0.131,Idle
0.080,0.109,1.009,1.050,-2.765,-0.131,Idle
0.081,0.109,1.012,1.033,-2.783,-0.105,Idle
0.081,0.109,1.007,1.085,-2.695,-0.157,Idle
0.082,0.110,1.011,1.041,-2.783,-0.140,Idle
0.082,0.110,1.010,1.076,-2.774,-0.166,Idle
0.082,0.109,1.012,1.050,-2.756,-0.149,Idle
0.080,0.108,1.007,1.067,-2.747,-0.184,Idle
0.081,0.109,1.011,1.059,-2.800,-0.166,Idle
0.082,0.110,1.012,1.059,-2.791,-0.175,Idle
0.081,0.109,1.010,1.059,-2.774,-0.140,Idle
0.080,0.108,1.008,1.050,-2.774,-0.157,Idle
0.081,0.109,1.007,1.067,-2.765,-0.140,Idle
0.082,0.109,1.011,1.102,-2.774,-0.131,Idle
0.081,0.110,1.011,1.059,-2.756,-0.192,Idle
0.082,0.109,1.008,1.067,-2.730,-0.175,Idle
0.082,0.108,1.007,0.998,-2.739,-0.175,Idle
0.082,0.109,1.012,1.067,-2.756,-0.157,Idle
0.079,0.109,1.010,1.015,-2.756,-0.157,Idle
0.081,0.110,1.012,1.076,-2.756,-0.140,Idle
0.081,0.108,1.007,1.094,-2.721,-0.123,Idle
0.082,0.110,1.013,1.102,-2.756,-0.105,Idle
0.080,0.109,1.007,1.067,-2.783,-0.157,Idle
0.081,0.110,1.012,1.067,-2.739,-0.192,Idle
0.079,0.110,1.007,0.998,-2.739,-0.166,Idle
0.083,0.109,1.012,1.059,-2.747,-0.140,Idle
0.081,0.108,1.009,1.085,-2.783,-0.201,Idle
0.081,0.110,1.009,1.067,-2.765,-0.140,Idle
0.081,0.108,1.008,1.067,-2.721,-0.149,Idle
0.082,0.110,1.013,1.067,-2.774,-0.149,Idle
0.083,0.109,1.012,1.015,-2.730,-0.166,Idle
0.081,0.109,1.009,0.980,-2.730,-0.114,Idle
0.080,0.109,1.008,1.024,-2.721,-0.140,Idle
0.083,0.109,1.012,1.076,-2.791,-0.157,Idle
0.083,0.109,1.012,1.041,-2.783,-0.105,Idle
0.081,0.110,1.007,0.980,-2.739,-0.140,Idle
0.082,0.109,1.010,1.033,-2.791,-0.166,Idle
0.082,0.109,1.010,1.050,-2.774,-0.123,Idle
0.084,0.110,1.012,1.050,-2.765,-0.131,Idle
0.080,0.108,1.007,1.059,-2.695,-0.149,Idle
0.081,0.109,1.010,1.024,-2.713,-0.149,Idle
0.081,0.109,1.010,1.111,-2.730,-0.175,Idle
0.082,0.110,1.011,1.076,-2.739,-0.149,Idle
0.081,0.108,1.009,1.041,-2.721,-0.131,Idle
0.081,0.109,1.012,1.015,-2.721,-0.157,Idle
0.082,0.108,1.011,1.024,-2.756,-0.140,Idle
0.081,0.109,1.011,1.102,-2.774,-0.149,Idle
0.081,0.110,1.009,1.085,-2.756,-0.140,Idle
0.080,0.108,1.012,1.067,-2.800,-0.140,Idle
0.082,0.109,1.011,1.050,-2.800,-0.149,Idle
0.081,0.110,1.010,1.041,-2.765,-0.157,Idle
0.081,0.108,1.010,1.059,-2.739,-0.184,Idle
0.081,0.110,1.009,1.085,-2.756,-0.105,Idle
0.081,0.109,1.011,1.059,-2.756,-0.157,Idle
0.080,0.109,1.011,1.041,-2.730,-0.175,Idle
0.080,0.108,1.010,1.059,-2.765,-0.192,Idle
0.082,0.108,1.008,1.024,-2.730,-0.140,Idle
0.080,0.110,1.011,1.067,-2.774,-0.175,Idle
0.081,0.110,1.009,1.059,-2.756,-0.149,Idle
0.081,0.109,1.010,1.050,-2.774,-0.184,Idle
0.083,0.109,1.009,1.059,-2.756,-0.131,Idle
0.082,0.109,1.012,1.033,-2.774,-0.166,Idle
0.080,0.110,1.010,1.059,-2.713,-0.149,Idle
0.081,0.111,1.010,1.059,-2.739,-0.184,Idle
0.081,0.110,1.010,1.094,-2.730,-0.149,Idle
0.083,0.109,1.011,1.033,-2.747,-0.166,Idle
0.080,0.109,1.010,1.024,-2.739,-0.166,Idle
0.080,0.110,1.009,1.033,-2.704,-0.166,Idle
0.082,0.109,1.010,1.094,-2.739,-0.131,Idle
0.081,0.109,1.010,1.059,-2.756,-0.149,Idle
0.081,0.109,1.011,1.094,-2.800,-0.184,Idle
0.081,0.110,1.010,1.041,-2.765,-0.157,Idle
0.082,0.109,1.009,1.006,-2.730,-0.114,Idle
0.082,0.109,1.012,1.050,-2.783,-0.131,Idle
0.081,0.108,1.010,1.050,-2.747,-0.157,Idle
0.082,0.108,1.010,1.059,-2.774,-0.201,Idle
0.080,0.109,1.010,0.980,-2.747,-0.149,Idle
0.082,0.109,1.010,1.076,-2.774,-0.166,Idle
0.082,0.109,1.010,1.006,-2.739,-0.166,Idle
0.081,0.110,1.011,1.024,-2.686,-0.210,Idle
0.081,0.108,1.009,1.059,-2.747,-0.149,Idle
0.080,0.109,1.009,1.076,-2.765,-0.192,Idle
0.082,0.109,1.011,1.067,-2.747,-0.131,Idle
0.082,0.109,1.010,1.085,-2.756,-0.184,Idle
0.081,0.109,1.009,1.033,-2.756,-0.140,Idle
0.082,0.109,1.008,1.059,-2.747,-0.140,Idle
0.082,0.108,1.011,1.050,-2.756,-0.175,Idle
0.080,0.109,1.010,1.006,-2.721,-0.131,Idle
0.080,0.109,1.010,1.059,-2.739,-0.175,Idle
0.080,0.110,1.009,1.050,-2.730,-0.175,Idle
0.081,0.109,1.011,1.059,-2.756,-0.166,Idle
0.082,0.110,1.009,1.050,-2.713,-0.131,Idle
0.082,0.110,1.010,1.085,-2.721,-0.166,Idle
0.080,0.109,1.009,1.059,-2.783,-0.192,Idle
0.081,0.110,1.012,1.067,-2.774,-0.131,Idle
0.082,0.109,1.008,1.067,-2.765,-0.201,Idle
0.082,0.108,1.009,1.050,-2.747,-0.175,Idle
0.082,0.109,1.011,1.024,-2.721,-0.157,Idle
0.082,0.109,1.012,1.059,-2.783,-0.157,Idle
0.083,0.110,1.013,1.076,-2.756,-0.157,Idle
0.082,0.108,1.010,1.111,-2.721,-0.184,Idle
0.082,0.110,1.010,1.067,-2.747,-0.166,Idle
0.080,0.110,1.011,1.006,-2.756,-0.175,Idle
0.081,0.109,1.013,1.024,-2.774,-0.175,Idle
0.082,0.109,1.009,1.067,-2.765,-0.157,Idle
0.081,0.109,1.010,1.041,-2.756,-0.201,Idle
0.081,0.109,1.011,1.041,-2.774,-0.149,Idle
0.081,0.109,1.012,1.041,-2.765,-0.175,Idle
0.082,0.109,1.008,1.050,-2.739,-0.166,Idle
0.082,0.110,1.011,1.050,-2.730,-0.201,Idle
0.082,0.110,1.010,1.050,-2.721,-0.087,Idle
0.081,0.110,1.011,1.102,-2.783,-0.157,Idle
0.081,0.109,1.007,1.041,-2.756,-0.157,Idle
0.082,0.109,1.011,1.033,-2.756,-0.149,Idle
0.081,0.109,1.008,1.059,-2.730,-0.175,Idle
0.080,0.110,1.011,1.085,-2.756,-0.140,Idle
0.080,0.110,1.010,1.033,-2.800,-0.149,Idle
0.082,0.111,1.009,1.085,-2.730,-0.140,Idle
0.082,0.109,1.011,1.050,-2.739,-0.140,Idle
0.081,0.109,1.010,1.015,-2.756,-0.140,Idle
0.080,0.108,1.011,1.024,-2.756,-0.157,Idle
0.082,0.108,1.010,1.067,-2.747,-0.157,Idle
0.082,0.110,1.010,1.050,-2.765,-0.131,Idle
0.080,0.110,1.010,1.059,-2.704,-0.131,Idle
0.081,0.109,1.011,1.024,-2.783,-0.140,Idle
0.081,0.110,1.009,1.094,-2.747,-0.157,Idle
0.081,0.109,1.011,1.033,-2.747,-0.149,Idle
0.081,0.110,1.008,1.059,-2.730,-0.184,Idle
0.081,0.109,1.011,1.050,-2.756,-0.166,Idle
0.082,0.110,1.010,1.041,-2.765,-0.140,Idle
0.083,0.109,1.010,1.050,-2.800,-0.157,Idle
0.081,0.109,1.009,1.041,-2.747,-0.184,Idle
0.082,0.109,1.007,1.033,-2.747,-0.166,Idle
0.082,0.109,1.012,1.024,-2.756,-0.166,Idle
0.081,0.109,1.010,1.050,-2.756,-0.149,Idle
0.081,0.109,1.009,1.024,-2.747,-0.210,Idle
0.081,0.108,1.009,1.050,-2.739,-0.166,Idle
0.082,0.109,1.012,1.041,-2.756,-0.210,Idle
0.081,0.110,1.009,1.050,-2.765,-0.166,Idle
0.081,0.110,1.010,1.050,-2.765,-0.149,Idle
0.081,0.109,1.009,1.085,-2.739,-0.157,Idle
0.083,0.109,1.011,1.076,-2.791,-0.157,Idle
0.081,0.109,1.010,1.041,-2.721,-0.123,Idle
0.082,0.110,1.010,1.085,-2.765,-0.157,Idle
0.081,0.109,1.008,1.033,-2.783,-0.131,Idle
0.082,0.109,1.011,1.041,-2.791,-0.166,Idle
0.081,0.109,1.009,1.085,-2.739,-0.140,Idle
0.081,0.110,1.010,1.015,-2.730,-0.157,Idle
0.081,0.109,1.010,1.067,-2.747,-0.166,Idle
0.082,0.109,1.011,1.085,-2.791,-0.157,Idle
0.081,0.109,1.011,1.041,-2.747,-0.149,Idle
0.081,0.110,1.009,1.041,-2.721,-0.157,Idle
0.081,0.108,1.010,0.998,-2.747,-0.114,Idle
0.082,0.110,1.012,1.033,-2.730,-0.140,Idle
0.081,0.109,1.010,1.059,-2.730,-0.149,Idle
0.081,0.109,1.009,1.006,-2.765,-0.166,Idle
0.081,0.108,1.010,1.033,-2.730,-0.149,Idle
0.081,0.110,1.011,1.120,-2.739,-0.166,Idle
0.081,0.110,1.011,1.041,-2.747,-0.192,Idle
0.081,0.110,1.010,1.067,-2.774,-0.157,Idle
0.081,0.109,1.009,1.076,-2.756,-0.140,Idle
0.081,0.109,1.009,1.076,-2.809,-0.157,Idle
0.081,0.109,1.010,1.050,-2.730,-0.149,Idle
0.081,0.109,1.011,1.085,-2.756,-0.166,Idle
0.081,0.109,1.009,1.041,-2.774,-0.166,Idle
0.081,0.108,1.009,1.050,-2.765,-0.157,Idle
0.081,0.109,1.010,1.102,-2.756,-0.184,Idle
0.081,0.110,1.010,1.041,-2.783,-0.175,Idle
0.082,0.109,1.008,1.024,-2.765,-0.140,Idle
0.080,0.109,1.008,1.067,-2.756,-0.192,Idle
0.082,0.110,1.011,1.024,-2.730,-0.157,Idle
0.081,0.108,1.009,1.041,-2.809,-0.201,Idle
0.081,0.109,1.010,1.094,-2.774,-0.123,Idle
0.081,0.109,1.009,1.041,-2.774,-0.131,Idle
0.083,0.109,1.010,1.094,-2.747,-0.131,Idle
0.081,0.108,1.010,1.041,-2.774,-0.166,Idle
0.081,0.110,1.011,1.076,-2.765,-0.131,Idle
0.081,0.109,1.009,1.050,-2.739,-0.140,Idle
0.081,0.111,1.012,1.059,-2.791,-0.149,Idle
0.082,0.108,1.010,1.085,-2.765,-0.157,Idle
0.081,0.109,1.011,1.094,-2.800,-0.184,Idle
0.081,0.109,1.009,1.015,-2.721,-0.184,Idle
0.082,0.110,1.012,1.067,-2.765,-0.131,Idle
0.081,0.109,1.011,1.085,-2.756,-0.149,Idle
0.080,0.109,1.010,0.989,-2.756,-0.166,Idle
0.081,0.109,1.009,1.067,-2.756,-0.140,Idle
0.082,0.110,1.011,1.050,-2.783,-0.105,Idle
0.081,0.110,1.011,1.059,-2.730,-0.114,Idle
0.082,0.109,1.011,1.024,-2.756,-0.123,Idle
0.081,0.110,1.010,1.033,-2.747,-0.140,Idle
0.081,0.109,1.012,1.059,-2.809,-0.149,Idle
0.082,0.110,1.011,1.059,-2.739,-0.149,Idle
0.080,0.109,1.010,1.033,-2.765,-0.157,Idle
0.082,0.110,1.010,1.041,-2.765,-0.175,Idle
0.081,0.109,1.010,1.076,-2.774,-0.131,Idle
0.081,0.110,1.010,1.041,-2.765,-0.175,Idle
0.080,0.108,1.009,1.085,-2.774,-0.157,Idle
0.082,0.109,1.012,1.041,-2.800,-0.131,Idle
0.082,0.110,1.012,1.024,-2.756,-0.157,Idle
0.081,0.110,1.009,1.024,-2.765,-0.166,Idle
0.081,0.110,1.010,1.067,-2.774,-0.166,Idle
0.081,0.109,1.012,1.067,-2.774,-0.149,Idle
0.082,0.109,1.011,1.059,-2.774,-0.149,Idle
0.081,0.110,1.010,1.015,-2.756,-0.140,Idle
0.080,0.110,1.010,1.067,-2.747,-0.149,Idle
0.081,0.109,1.009,1.059,-2.783,-0.114,Idle
0.082,0.110,1.012,1.050,-2.721,-0.166,Idle
0.080,0.109,1.009,1.085,-2.747,-0.123,Idle
0.081,0.109,1.010,1.050,-2.774,-0.157,Idle
0.081,0.108,1.009,1.050,-2.704,-0.149,Idle
0.081,0.111,1.012,1.076,-2.747,-0.184,Idle
0.081,0.109,1.009,1.015,-2.739,-0.131,Idle
0.082,0.108,1.009,1.050,-2.774,-0.131,Idle
0.082,0.108,1.010,1.006,-2.739,-0.140,Idle
0.082,0.109,1.010,1.076,-2.747,-0.149,Idle
0.081,0.109,1.008,1.006,-2.730,-0.149,Idle
0.081,0.110,1.008,1.050,-2.747,-0.166,Idle
0.081,0.110,1.010,1.050,-2.800,-0.192,Idle
0.081,0.111,1.012,1.076,-2.783,-0.140,Idle
0.080,0.109,1.008,1.041,-2.739,-0.157,Idle
0.081,0.108,1.008,1.067,-2.747,-0.131,Idle
0.082,0.109,1.012,1.085,-2.756,-0.157,Idle
0.083,0.109,1.010,1.067,-2.730,-0.149,Idle
0.081,0.109,1.011,1.041,-2.747,-0.149,Idle
0.080,0.110,1.008,1.050,-2.756,-0.192,Idle
0.081,0.109,1.012,1.015,-2.730,-0.131,Idle
0.081,0.110,1.010,1.067,-2.739,-0.157,Idle
0.081,0.109,1.011,1.033,-2.747,-0.149,Idle
0.080,0.110,1.008,1.050,-2.765,-0.219,Idle
0.082,0.109,1.011,1.076,-2.747,-0.114,Idle
0.081,0.110,1.010,1.050,-2.783,-0.140,Idle
0.081,0.110,1.009,1.033,-2.739,-0.149,Idle
0.080,0.109,1.008,1.067,-2.774,-0.149,Idle
0.082,0.109,1.012,1.085,-2.739,-0.166,Idle
0.082,0.110,1.010,1.067,-2.791,-0.166,Idle
0.081,0.110,1.011,1.033,-2.774,-0.149,Idle
0.081,0.109,1.010,1.024,-2.747,-0.131,Idle
0.083,0.109,1.012,1.067,-2.739,-0.157,Idle
0.082,0.109,1.012,1.059,-2.730,-0.149,Idle
0.081,0.110,1.009,1.067,-2.730,-0.175,Idle
0.080,0.109,1.009,1.050,-2.765,-0.175,Idle
0.081,0.110,1.012,1.024,-2.713,-0.131,Idle
0.081,0.109,1.011,1.067,-2.747,-0.123,Idle
0.081,0.109,1.011,1.076,-2.783,-0.149,Idle
0.080,0.109,1.009,1.024,-2.747,-0.175,Idle
0.081,0.109,1.009,1.076,-2.800,-0.166,Idle
0.081,0.109,1.010,1.059,-2.800,-0.157,Idle
0.081,0.109,1.010,1.094,-2.756,-0.096,Idle
0.082,0.110,1.010,1.024,-2.730,-0.157,Idle
0.082,0.109,1.009,1.033,-2.765,-0.140,Idle
0.082,0.109,1.010,1.033,-2.730,-0.175,Idle
0.081,0.109,1.008,1.024,-2.721,-0.131,Idle
0.082,0.109,1.010,1.094,-2.739,-0.192,Idle
0.080,0.110,1.009,1.041,-2.756,-0.149,Idle
0.080,0.109,1.010,1.076,-2.730,-0.149,Idle
0.083,0.109,1.009,1.024,-2.730,-0.157,Idle
0.080,0.112,1.011,1.033,-2.695,-0.149,Idle
0.081,0.110,1.008,1.059,-2.721,-0.210,Idle
0.079,0.111,1.012,1.041,-2.747,-0.140,Idle
0.081,0.110,1.010,1.024,-2.739,-0.166,Idle
0.082,0.108,1.012,1.085,-2.756,-0.149,Idle
0.081,0.108,1.008,1.094,-2.686,-0.184,Idle
0.079,0.110,1.012,1.033,-2.756,-0.131,Idle
0.079,0.108,1.011,1.041,-2.739,-0.157,Idle
0.083,0.110,1.011,1.059,-2.747,-0.157,Idle
0.082,0.110,1.009,1.059,-2.739,-0.201,Idle
0.080,0.110,1.012,1.059,-2.756,-0.149,Idle
0.080,0.109,1.010,1.041,-2.739,-0.166,Idle
0.083,0.109,1.011,1.059,-2.791,-0.192,Idle
0.082,0.109,1.007,1.067,-2.765,-0.140,Idle
0.081,0.110,1.013,1.067,-2.730,-0.184,Idle
0.080,0.110,1.011,1.067,-2.747,-0.157,Idle
0.082,0.108,1.010,1.015,-2.686,-0.157,Idle
0.083,0.110,1.009,1.059,-2.730,-0.175,Idle
0.081,0.112,1.012,1.076,-2.739,-0.175,Idle
0.080,0.110,1.012,1.085,-2.739,-0.131,Idle
0.080,0.109,1.009,1.059,-2.747,-0.149,Idle
0.082,0.110,1.010,1.085,-2.739,-0.166,Idle
0.083,0.109,1.009,1.015,-2.747,-0.140,Idle
0.081,0.109,1.010,1.076,-2.765,-0.149,Idle
0.080,0.109,1.009,1.041,-2.783,-0.157,Idle
0.082,0.110,1.009,1.015,-2.747,-0.201,Idle
0.081,0.109,1.011,1.033,-2.765,-0.149,Idle
0.081,0.109,1.012,1.050,-2.747,-0.157,Idle
0.080,0.109,1.008,1.076,-2.713,-0.184,Idle
0.081,0.109,1.012,1.041,-2.713,-0.157,Idle
0.082,0.109,1.010,1.041,-2.765,-0.149,Idle
0.080,0.110,1.011,1.076,-2.756,-0.131,Idle
0.081,0.109,1.009,1.050,-2.774,-0.149,Idle
0.081,0.109,1.009,1.050,-2.713,-0.184,Idle
0.083,0.110,1.011,1.050,-2.765,-0.166,Idle
0.082,0.110,1.010,1.094,-2.747,-0.166,Idle
0.079,0.108,1.009,1.050,-2.739,-0.140,Idle
0.081,0.109,1.008,1.041,-2.747,-0.140,Idle
0.082,0.110,1.011,1.067,-2.791,-0.149,Idle
0.081,0.109,1.011,1.059,-2.747,-0.184,Idle
0.081,0.109,1.009,1.024,-2.765,-0.166,Idle
0.079,0.108,1.009,1.076,-2.765,-0.166,Idle
0.082,0.109,1.013,1.024,-2.774,-0.157,Idle
0.082,0.110,1.009,1.076,-2.747,-0.175,Idle
0.081,0.109,1.009,1.015,-2.713,-0.149,Idle
0.079,0.109,1.009,1.085,-2.713,-0.140,Idle
0.083,0.110,1.011,1.024,-2.826,-0.149,Idle
0.082,0.109,1.009,1.033,-2.756,-0.175,Idle
0.082,0.109,1.010,1.033,-2.765,-0.131,Idle
0.080,0.110,1.008,1.059,-2.739,-0.131,Idle
0.083,0.110,1.013,0.989,-2.765,-0.114,Idle
0.084,0.110,1.011,1.050,-2.730,-0.175,Idle
0.081,0.109,1.009,1.033,-2.721,-0.157,Idle
0.079,0.110,1.011,1.041,-2.756,-0.166,Idle
0.082,0.110,1.012,1.050,-2.818,-0.140,Idle
0.084,0.109,1.013,1.024,-2.783,-0.149,Idle
0.081,0.108,1.009,1.033,-2.747,-0.166,Idle
0.081,0.109,1.010,1.050,-2.765,-0.175,Idle
0.081,0.109,1.011,1.041,-2.809,-0.166,Idle
0.081,0.110,1.013,1.094,-2.791,-0.140,Idle
0.081,0.109,1.009,1.050,-2.730,-0.149,Idle
0.082,0.109,1.011,1.067,-2.783,-0.149,Idle
0.080,0.110,1.009,1.041,-2.739,-0.131,Idle
0.081,0.109,1.011,1.059,-2.783,-0.175,Idle
0.081,0.109,1.007,1.006,-2.721,-0.175,Idle
0.081,0.110,1.011,1.059,-2.730,-0.149,Idle
0.080,0.109,1.010,1.076,-2.774,-0.157,Idle
0.080,0.110,1.010,1.033,-2.774,-0.184,Idle
0.082,0.109,1.009,1.050,-2.721,-0.192,Idle
0.082,0.109,1.011,1.094,-2.783,-0.157,Idle
0.080,0.108,1.010,1.050,-2.721,-0.166,Idle
0.080,0.111,1.011,1.024,-2.774,-0.114,Idle
0.080,0.110,1.010,1.085,-2.774,-0.175,Idle
0.082,0.108,1.009,1.059,-2.765,-0.131,Idle
0.082,0.110,1.011,1.050,-2.765,-0.157,Idle
0.081,0.109,1.011,1.033,-2.730,-0.140,Idle
0.080,0.108,1.009,1.041,-2.739,-0.149,Idle
0.082,0.110,1.010,1.033,-2.783,-0.131,Idle
0.082,0.109,1.010,0.998,-2.739,-0.149,Idle
0.082,0.109,1.012,1.033,-2.747,-0.131,Idle
0.080,0.109,1.009,1.059,-2.765,-0.192,Idle
0.081,0.108,1.009,1.050,-2.774,-0.131,Idle
0.083,0.108,1.011,1.015,-2.739,-0.114,Idle
0.081,0.109,1.009,1.050,-2.730,-0.140,Idle
0.081,0.109,1.011,1.050,-2.739,-0.140,Idle
0.080,0.109,1.010,1.041,-2.756,-0.175,Idle
0.082,0.110,1.010,1.050,-2.739,-0.184,Idle
0.081,0.109,1.012,1.059,-2.756,-0.157,Idle
0.080,0.108,1.010,1.041,-2.756,-0.184,Idle
0.081,0.109,1.010,1.024,-2.730,-0.140,Idle
0.081,0.109,1.009,1.050,-2.756,-0.157,Idle
0.081,0.110,1.009,1.041,-2.739,-0.140,Idle
0.081,0.110,1.012,1.076,-2.747,-0.149,Idle
0.081,0.108,1.010,1.041,-2.695,-0.175,Idle
0.084,0.109,1.011,1.041,-2.747,-0.149,Idle
0.083,0.110,1.009,1.024,-2.756,-0.166,Idle
0.081,0.110,1.011,1.067,-2.730,-0.140,Idle
0.080,0.109,1.009,1.067,-2.765,-0.175,Idle
0.082,0.109,1.011,1.059,-2.783,-0.166,Idle
0.082,0.110,1.011,0.998,-2.783,-0.219,Idle
0.082,0.109,1.012,1.050,-2.756,-0.175,Idle
0.081,0.109,1.009,1.015,-2.739,-0.192,Idle
0.081,0.108,1.010,1.050,-2.747,-0.149,Idle
0.081,0.110,1.011,1.050,-2.774,-0.131,Idle
0.082,0.109,1.011,1.076,-2.756,-0.175,Idle
0.081,0.108,1.008,1.024,-2.713,-0.157,Idle
0.081,0.109,1.008,1.059,-2.791,-0.175,Idle
0.081,0.110,1.010,1.076,-2.747,-0.157,Idle
0.082,0.109,1.009,1.067,-2.739,-0.149,Idle
0.081,0.109,1.010,1.015,-2.756,-0.157,Idle
0.081,0.109,1.008,1.059,-2.783,-0.192,Idle
0.082,0.109,1.012,1.085,-2.765,-0.175,Idle
0.081,0.109,1.010,1.067,-2.765,-0.157,Idle
0.081,0.109,1.010,1.033,-2.739,-0.166,Idle
0.080,0.109,1.010,1.024,-2.791,-0.149,Idle
0.081,0.110,1.010,1.059,-2.800,-0.157,Idle
0.081,0.109,1.009,1.059,-2.747,-0.166,Idle
0.082,0.109,1.008,1.094,-2.756,-0.166,Idle
0.081,0.109,1.010,1.041,-2.730,-0.201,Idle
0.081,0.109,1.012,1.050,-2.783,-0.140,Idle
0.082,0.109,1.008,1.085,-2.783,-0.131,Idle
0.081,0.109,1.009,1.015,-2.756,-0.157,Idle
0.081,0.109,1.010,1.024,-2.747,-0.096,Idle
0.081,0.109,1.011,1.076,-2.730,-0.149,Idle
0.082,0.109,1.012,1.076,-2.774,-0.157,Idle
0.081,0.109,1.009,1.067,-2.739,-0.149,Idle
0.082,0.109,1.010,1.067,-2.800,-0.140,Idle
0.081,0.109,1.009,1.059,-2.747,-0.166,Idle
0.082,0.110,1.011,1.033,-2.791,-0.175,Idle
0.082,0.108,1.009,1.094,-2.747,-0.149,Idle
0.081,0.110,1.010,1.050,-2.774,-0.192,Idle
0.081,0.110,1.011,1.059,-2.747,-0.149,Idle
0.081,0.110,1.010,0.998,-2.756,-0.157,Idle
0.081,0.109,1.009,1.041,-2.713,-0.166,Idle
0.080,0.109,1.011,1.006,-2.783,-0.105,Idle
0.081,0.109,1.011,1.067,-2.730,-0.175,Idle
0.082,0.110,1.011,1.067,-2.730,-0.157,Idle
0.081,0.109,1.009,1.041,-2.756,-0.166,Idle
0.082,0.108,1.010,1.024,-2.686,-0.149,Idle
0.082,0.110,1.011,1.050,-2.774,-0.192,Idle
0.082,0.109,1.010,1.033,-2.756,-0.157,Idle
0.082,0.110,1.009,1.059,-2.756,-0.149,Idle
0.081,0.109,1.009,1.041,-2.756,-0.157,Idle
0.081,0.109,1.010,1.041,-2.774,-0.166,Idle
0.080,0.109,1.009,1.094,-2.774,-0.175,Idle
0.081,0.109,1.011,1.015,-2.747,-0.131,Idle
0.081,0.109,1.009,1.050,-2.765,-0.157,Idle
0.082,0.108,1.011,1.041,-2.774,-0.140,Idle
0.081,0.109,1.010,1.041,-2.704,-0.175,Idle
0.079,0.109,1.011,1.050,-2.721,-0.140,Idle
0.081,0.109,1.010,1.024,-2.739,-0.166,Idle
0.083,0.109,1.011,1.050,-2.747,-0.157,Idle
0.081,0.109,1.009,1.094,-2.730,-0.131,Idle
0.079,0.109,1.009,1.050,-2.756,-0.192,Idle
0.080,0.109,1.010,1.033,-2.730,-0.131,Idle
0.081,0.109,1.010,1.102,-2.765,-0.123,Idle
0.083,0.108,1.010,1.076,-2.774,-0.123,Idle
0.082,0.110,1.010,1.024,-2.747,-0.157,Idle
0.080,0.109,1.010,1.024,-2.756,-0.131,Idle
0.079,0.109,1.010,1.138,-2.765,-0.149,Idle
0.081,0.110,1.011,1.015,-2.774,-0.140,Idle
0.083,0.109,1.011,1.067,-2.756,-0.131,Idle
0.081,0.110,1.010,1.094,-2.783,-0.123,Idle
0.080,0.109,1.010,1.120,-2.739,-0.157,Idle
0.080,0.110,1.010,1.059,-2.747,-0.140,Idle
0.081,0.109,1.010,1.059,-2.765,-0.157,Idle
0.080,0.109,1.010,1.050,-2.747,-0.149,Idle
0.080,0.109,1.010,1.050,-2.809,-0.157,Idle
0.081,0.109,1.010,1.059,-2.783,-0.114,Idle
0.082,0.109,1.012,1.041,-2.774,-0.131,Idle
0.082,0.109,1.010,1.050,-2.756,-0.184,Idle
0.080,0.109,1.011,1.015,-2.774,-0.123,Idle
0.080,0.109,1.010,1.041,-2.721,-0.140,Idle
0.082,0.109,1.010,1.067,-2.765,-0.175,Idle
0.083,0.110,1.010,1.067,-2.774,-0.157,Idle
0.081,0.109,1.009,1.033,-2.756,-0.192,Idle
0.080,0.109,1.010,1.059,-2.765,-0.131,Idle
0.081,0.109,1.011,0.998,-2.783,-0.210,Idle
0.082,0.110,1.009,1.033,-2.765,-0.192,Idle
0.082,0.110,1.008,1.033,-2.713,-0.184,Idle
0.081,0.109,1.010,1.050,-2.756,-0.157,Idle
0.080,0.109,1.010,1.067,-2.783,-0.175,Idle
0.080,0.109,1.010,1.067,-2.765,-0.175,Idle
0.081,0.108,1.009,1.041,-2.739,-0.166,Idle
0.081,0.109,1.012,1.067,-2.756,-0.157,Idle
0.081,0.109,1.009,1.041,-2.756,-0.184,Idle
0.081,0.110,1.011,1.015,-2.783,-0.157,Idle
0.082,0.108,1.009,1.059,-2.756,-0.175,Idle
0.082,0.108,1.010,1.015,-2.695,-0.166,Idle
0.081,0.109,1.011,1.067,-2.756,-0.166,Idle
0.081,0.110,1.011,1.094,-2.774,-0.175,Idle
0.081,0.110,1.010,1.041,-2.756,-0.149,Idle
0.082,0.109,1.012,1.041,-2.747,-0.114,Idle
0.082,0.109,1.011,1.102,-2.774,-0.157,Idle
0.082,0.108,1.011,1.059,-2.765,-0.123,Idle
0.080,0.110,1.009,1.033,-2.774,-0.149,Idle
0.081,0.110,1.011,1.041,-2.765,-0.131,Idle
0.082,0.110,1.010,1.050,-2.721,-0.140,Idle
0.082,0.109,1.010,1.041,-2.765,-0.166,Idle
0.080,0.109,1.010,1.076,-2.756,-0.114,Idle
0.082,0.110,1.009,1.050,-2.765,-0.157,Idle
0.081,0.109,1.009,1.015,-2.739,-0.166,Idle
0.082,0.109,1.010,1.067,-2.747,-0.184,Idle
0.081,0.110,1.010,1.076,-2.774,-0.140,Idle
0.081,0.110,1.011,1.041,-2.791,-0.184,Idle
0.081,0.109,1.008,1.067,-2.783,-0.140,Idle
0.081,0.109,1.009,1.024,-2.739,-0.175,Idle
0.081,0.111,1.010,1.050,-2.739,-0.192,Idle
0.082,0.108,1.010,1.076,-2.756,-0.192,Idle
0.080,0.108,1.010,1.041,-2.747,-0.123,Idle
0.082,0.111,1.010,1.076,-2.756,-0.140,Idle
0.081,0.108,1.010,1.024,-2.783,-0.131,Idle
0.082,0.109,1.010,1.041,-2.765,-0.149,Idle
0.081,0.110,1.009,1.059,-2.747,-0.149,Idle
0.081,0.110,1.010,1.067,-2.791,-0.166,Idle
0.081,0.109,1.010,1.041,-2.730,-0.175,Idle
0.081,0.109,1.011,1.067,-2.756,-0.123,Idle
0.080,0.108,1.009,1.033,-2.721,-0.149,Idle
0.081,0.110,1.012,1.059,-2.774,-0.149,Idle
0.082,0.110,1.012,1.102,-2.783,-0.131,Idle
0.081,0.109,1.009,1.006,-2.791,-0.201,Idle
0.080,0.109,1.009,1.067,-2.747,-0.166,Idle
0.080,0.109,1.009,1.050,-2.730,-0.175,Idle
0.082,0.110,1.011,1.050,-2.747,-0.140,Idle
0.081,0.108,1.010,1.076,-2.791,-0.166,Idle
0.081,0.109,1.009,1.059,-2.747,-0.123,Idle
0.081,0.109,1.008,1.059,-2.739,-0.157,Idle
0.082,0.111,1.011,1.067,-2.765,-0.157,Idle
0.081,0.109,1.009,1.050,-2.713,-0.131,Idle
0.081,0.109,1.009,0.980,-2.721,-0.149,Idle
0.082,0.109,1.008,1.094,-2.774,-0.175,Idle
0.081,0.111,1.012,1.033,-2.730,-0.192,Idle
0.081,0.108,1.010,1.041,-2.765,-0.149,Idle
0.081,0.109,1.010,1.085,-2.765,-0.192,Idle
0.082,0.109,1.011,1.015,-2.730,-0.157,Idle
0.081,0.111,1.010,1.059,-2.765,-0.149,Idle
0.081,0.108,1.010,1.076,-2.721,-0.192,Idle
0.081,0.109,1.009,1.067,-2.765,-0.131,Idle
0.081,0.109,1.011,1.024,-2.739,-0.149,Idle
0.081,0.110,1.011,1.041,-2.765,-0.149,Idle
0.081,0.109,1.010,1.076,-2.730,-0.123,Idle
0.081,0.108,1.010,1.033,-2.756,-0.166,Idle
0.081,0.108,1.010,1.033,-2.747,-0.149,Idle
0.081,0.110,1.011,1.102,-2.783,-0.140,Idle
0.081,0.110,1.010,1.076,-2.765,-0.157,Idle
0.081,0.108,1.010,1.015,-2.739,-0.166,Idle
0.081,0.110,1.011,1.033,-2.730,-0.166,Idle
0.081,0.110,1.010,1.059,-2.721,-0.175,Idle
0.082,0.109,1.010,1.076,-2.765,-0.166,Idle
0.082,0.109,1.010,1.024,-2.765,-0.157,Idle
0.082,0.109,1.010,1.041,-2.791,-0.123,Idle
0.082,0.109,1.010,1.059,-2.739,-0.140,Idle
0.081,0.110,1.010,1.041,-2.747,-0.140,Idle
0.082,0.109,1.010,1.076,-2.721,-0.123,Idle
0.081,0.109,1.010,1.085,-2.765,-0.123,Idle
0.081,0.109,1.011,1.050,-2.739,-0.157,Idle
0.081,0.110,1.009,1.059,-2.730,-0.140,Idle
0.081,0.108,1.010,1.059,-2.800,-0.175,Idle
0.081,0.111,1.011,1.033,-2.747,-0.157,Idle
0.081,0.108,1.010,1.059,-2.721,-0.157,Idle
0.081,0.109,1.010,1.015,-2.756,-0.175,Idle
0.081,0.109,1.010,1.041,-2.774,-0.157,Idle
0.082,0.108,1.011,1.059,-2.783,-0.192,Idle
0.081,0.109,1.010,1.050,-2.730,-0.157,Idle
0.081,0.111,1.010,1.076,-2.747,-0.166,Idle
0.081,0.108,1.009,1.050,-2.730,-0.149,Idle
0.082,0.108,1.012,1.067,-2.765,-0.157,Idle
0.081,0.109,1.009,1.129,-2.739,-0.166,Idle
0.081,0.110,1.012,1.076,-2.774,-0.123,Idle
0.081,0.109,1.009,1.050,-2.756,-0.149,Idle
0.081,0.108,1.011,1.085,-2.774,-0.157,Idle
0.081,0.110,1.009,1.076,-2.747,-0.157,Idle
0.081,0.110,1.010,1.041,-2.747,-0.131,Idle
0.082,0.110,1.010,1.015,-2.747,-0.166,Idle
0.082,0.109,1.010,1.050,-2.756,-0.140,Idle
0.081,0.109,1.010,1.067,-2.747,-0.157,Idle
0.082,0.111,1.012,1.024,-2.783,-0.149,Idle
0.081,0.110,1.011,1.059,-2.783,-0.175,Idle
0.081,0.108,1.010,1.041,-2.747,-0.140,Idle
0.081,0.110,1.011,1.067,-2.739,-0.184,Idle
0.081,0.110,1.011,1.085,-2.747,-0.166,Idle
0.081,0.110,1.012,1.050,-2.818,-0.149,Idle
0.082,0.109,1.009,1.015,-2.756,-0.157,Idle
0.081,0.109,1.009,1.041,-2.756,-0.131,Idle
0.081,0.109,1.011,1.050,-2.739,-0.175,Idle
0.082,0.110,1.011,1.085,-2.756,-0.140,Idle
0.081,0.109,1.009,1.050,-2.721,-0.157,Idle
0.081,0.110,1.011,1.059,-2.756,-0.175,Idle
0.081,0.110,1.011,1.015,-2.747,-0.140,Idle
0.081,0.109,1.010,1.024,-2.765,-0.157,Idle
0.080,0.109,1.009,1.067,-2.747,-0.140,Idle
0.081,0.108,1.008,1.067,-2.774,-0.140,Idle
0.080,0.109,1.011,1.059,-2.756,-0.149,Idle
0.081,0.110,1.011,1.041,-2.756,-0.175,Idle
0.081,0.108,1.009,1.067,-2.739,-0.131,Idle
0.081,0.108,1.009,1.050,-2.747,-0.149,Idle
0.082,0.110,1.011,1.076,-2.774,-0.149,Idle
0.081,0.109,1.010,1.094,-2.739,-0.175,Idle
0.082,0.108,1.008,1.059,-2.730,-0.140,Idle
0.081,0.109,1.008,1.067,-2.765,-0.184,Idle
0.082,0.110,1.011,1.041,-2.765,-0.157,Idle
0.081,0.109,1.010,1.085,-2.747,-0.166,Idle
0.082,0.109,1.010,1.067,-2.765,-0.192,Idle
0.081,0.109,1.008,1.015,-2.765,-0.166,Idle
0.082,0.110,1.011,1.050,-2.774,-0.123,Idle
0.081,0.108,1.010,1.085,-2.739,-0.140,Idle
0.081,0.109,1.011,1.076,-2.747,-0.140,Idle
0.081,0.108,1.009,1.041,-2.739,-0.149,Idle
0.082,0.110,1.011,1.050,-2.765,-0.157,Idle
0.081,0.108,1.008,1.024,-2.747,-0.140,Idle
0.081,0.109,1.009,1.059,-2.756,-0.157,Idle
0.083,0.110,1.009,1.076,-2.756,-0.123,Idle
0.082,0.109,1.011,1.033,-2.783,-0.123,Idle
0.081,0.109,1.012,1.059,-2.713,-0.123,Idle
0.081,0.109,1.010,1.033,-2.721,-0.157,Idle
0.081,0.110,1.010,1.076,-2.765,-0.149,Idle
0.082,0.109,1.011,1.033,-2.783,-0.140,Idle
0.081,0.110,1.011,1.067,-2.818,-0.166,Idle
0.082,0.110,1.010,1.067,-2.765,-0.123,Idle
0.082,0.109,1.010,1.059,-2.713,-0.184,Idle
0.081,0.109,1.011,1.033,-2.774,-0.175,Idle
0.081,0.109,1.010,1.033,-2.774,-0.175,Idle
0.082,0.109,1.009,1.067,-2.765,-0.184,Idle
0.081,0.109,1.010,1.067,-2.756,-0.192,Idle
0.082,0.110,1.010,1.067,-2.721,-0.157,Idle
0.081,0.110,1.009,1.085,-2.747,-0.175,Idle
0.081,0.109,1.011,1.033,-2.730,-0.166,Idle
0.081,0.109,1.010,1.067,-2.730,-0.175,Idle
0.081,0.109,1.009,1.067,-2.791,-0.140,Idle
0.080,0.110,1.010,1.094,-2.774,-0.149,Idle
0.081,0.109,1.010,1.067,-2.809,-0.131,Idle
0.082,0.108,1.010,1.050,-2.747,-0.114,Idle
0.081,0.110,1.008,1.067,-2.747,-0.123,Idle
0.082,0.109,1.010,1.067,-2.783,-0.131,Idle
0.080,0.109,1.010,1.050,-2.739,-0.175,Idle
0.081,0.110,1.010,1.050,-2.730,-0.131,Idle
0.080,0.109,1.008,1.050,-2.695,-0.166,Idle
0.082,0.110,1.010,1.041,-2.739,-0.131,Idle
0.082,0.109,1.010,1.102,-2.739,-0.149,Idle
0.081,0.110,1.011,1.076,-2.747,-0.149,Idle
0.081,0.109,1.009,1.050,-2.774,-0.140,Idle
0.082,0.110,1.012,1.076,-2.800,-0.140,Idle
0.081,0.110,1.011,1.006,-2.686,-0.123,Idle
0.082,0.109,1.011,1.024,-2.747,-0.114,Idle
0.080,0.109,1.008,1.059,-2.756,-0.166,Idle
0.081,0.110,1.012,1.076,-2.739,-0.114,Idle
0.083,0.109,1.011,1.076,-2.765,-0.140,Idle
0.082,0.109,1.010,1.041,-2.800,-0.149,Idle
0.081,0.109,1.008,1.050,-2.774,-0.166,Idle
0.082,0.109,1.010,1.050,-2.765,-0.157,Idle
0.080,0.109,1.011,0.998,-2.747,-0.175,Idle
0.081,0.109,1.010,1.059,-2.791,-0.157,Idle
0.082,0.109,1.008,1.033,-2.730,-0.123,Idle
0.081,0.109,1.009,1.059,-2.765,-0.131,Idle
0.082,0.110,1.012,1.059,-2.783,-0.123,Idle
0.081,0.109,1.010,1.050,-2.756,-0.184,Idle
0.082,0.108,1.009,1.067,-2.739,-0.166,Idle
0.082,0.108,1.008,1.076,-2.695,-0.140,Idle
0.081,0.109,1.013,1.059,-2.791,-0.166,Idle
0.082,0.108,1.009,1.015,-2.739,-0.149,Idle
0.081,0.109,1.009,1.076,-2.747,-0.149,Idle
0.081,0.109,1.009,1.050,-2.730,-0.123,Idle
0.082,0.109,1.012,1.033,-2.774,-0.149,Idle
0.081,0.109,1.009,1.076,-2.704,-0.140,Idle
0.081,0.108,1.010,1.050,-2.765,-0.175,Idle
0.081,0.110,1.008,1.041,-2.739,-0.175,Idle
0.081,0.109,1.012,1.067,-2.791,-0.149,Idle
0.080,0.109,1.008,1.041,-2.695,-0.184,Idle
0.081,0.109,1.010,1.033,-2.765,-0.140,Idle
0.081,0.109,1.009,1.050,-2.774,-0.157,Idle
0.082,0.110,1.012,1.050,-2.730,-0.149,Idle
0.082,0.109,1.008,1.041,-2.713,-0.166,Idle
0.082,0.109,1.009,1.041,-2.730,-0.184,Idle
0.081,0.109,1.010,1.059,-2.713,-0.149,Idle
0.081,0.111,1.011,1.076,-2.730,-0.166,Idle
0.080,0.110,1.011,1.102,-2.765,-0.157,Idle
0.082,0.109,1.008,1.015,-2.774,-0.140,Idle
0.082,0.108,1.010,1.041,-2.783,-0.123,Idle
0.081,0.109,1.010,1.076,-2.774,-0.166,Idle
0.082,0.109,1.010,1.024,-2.747,-0.166,Idle
0.081,0.109,1.009,1.041,-2.756,-0.157,Idle
0.083,0.110,1.010,1.059,-2.765,-0.184,Idle
0.082,0.109,1.010,1.102,-2.765,-0.114,Idle
0.081,0.109,1.011,1.033,-2.809,-0.123,Idle
0.081,0.109,1.009,1.024,-2.721,-0.157,Idle
0.081,0.109,1.010,1.094,-2.783,-0.140,Idle
0.081,0.109,1.011,1.059,-2.783,-0.105,Idle
0.081,0.110,1.011,1.059,-2.765,-0.175,Idle
0.081,0.110,1.009,1.050,-2.747,-0.140,Idle
0.082,0.109,1.010,1.059,-2.747,-0.157,Idle
0.082,0.108,1.010,0.998,-2.739,-0.149,Idle
0.081,0.110,1.010,1.050,-2.739,-0.166,Idle
0.081,0.109,1.010,1.059,-2.765,-0.140,Idle
0.081,0.109,1.010,1.059,-2.783,-0.149,Idle
0.083,0.109,1.009,1.067,-2.783,-0.140,Idle
0.081,0.109,1.010,1.033,-2.765,-0.131,Idle
0.081,0.109,1.009,1.076,-2.774,-0.192,Idle
0.081,0.110,1.011,1.024,-2.765,-0.149,Idle
0.081,0.110,1.010,1.094,-2.765,-0.140,Idle
0.082,0.109,1.011,1.076,-2.800,-0.157,Idle
0.081,0.110,1.009,1.059,-2.721,-0.175,Idle
0.081,0.109,1.010,1.076,-2.783,-0.123,Idle
0.083,0.108,1.011,1.076,-2.739,-0.184,Idle
0.082,0.110,1.010,1.076,-2.713,-0.131,Idle
0.082,0.110,1.011,1.067,-2.800,-0.114,Idle
0.081,0.108,1.009,1.059,-2.704,-0.149,Idle
0.081,0.109,1.010,1.094,-2.730,-0.157,Idle
0.081,0.111,1.010,1.076,-2.721,-0.175,Idle
0.081,0.110,1.011,1.006,-2.791,-0.114,Idle
0.081,0.108,1.009,1.041,-2.756,-0.140,Idle
0.081,0.109,1.011,1.094,-2.783,-0.105,Idle
0.081,0.108,1.011,1.033,-2.765,-0.166,Idle
0.082,0.110,1.011,1.033,-2.791,-0.149,Idle
0.081,0.108,1.008,1.033,-2.747,-0.175,Idle
0.082,0.108,1.011,1.067,-2.747,-0.157,Idle
0.081,0.109,1.010,1.041,-2.774,-0.219,Idle
0.082,0.110,1.012,1.033,-2.721,-0.131,Idle
0.080,0.108,1.008,1.050,-2.730,-0.157,Idle
0.081,0.110,1.012,1.041,-2.765,-0.096,Idle
0.081,0.109,1.011,1.059,-2.765,-0.140,Idle
0.081,0.110,1.011,1.067,-2.747,-0.105,Idle
0.081,0.110,1.009,1.059,-2.713,-0.149,Idle
0.080,0.109,1.008,1.059,-2.756,-0.123,Idle
0.082,0.110,1.010,1.050,-2.844,-0.105,Idle
0.081,0.110,1.010,1.067,-2.774,-0.157,Idle
0.081,0.109,1.008,1.041,-2.747,-0.140,Idle
0.082,0.109,1.008,1.050,-2.756,-0.175,Idle
0.082,0.109,1.012,1.024,-2.774,-0.166,Idle
0.081,0.109,1.008,1.024,-2.756,-0.184,Idle
0.081,0.108,1.009,1.094,-2.660,-0.157,Idle
0.081,0.109,1.008,1.024,-2.721,-0.140,Idle
0.082,0.110,1.012,1.050,-2.783,-0.166,Idle
0.082,0.110,1.008,1.015,-2.739,-0.157,Idle
0.081,0.109,1.010,1.033,-2.747,-0.140,Idle
0.082,0.109,1.008,1.085,-2.756,-0.149,Idle
0.082,0.109,1.012,1.015,-2.826,-0.123,Idle
0.081,0.109,1.008,1.067,-2.704,-0.166,Idle
0.081,0.110,1.009,1.050,-2.721,-0.157,Idle
0.081,0.109,1.008,1.006,-2.730,-0.184,Idle
0.082,0.110,1.012,1.050,-2.765,-0.114,Idle
0.082,0.109,1.009,1.024,-2.739,-0.184,Idle
0.080,0.109,1.009,0.989,-2.721,-0.149,Idle
0.081,0.109,1.010,1.085,-2.765,-0.140,Idle
0.082,0.110,1.012,1.059,-2.774,-0.140,Idle
0.082,0.110,1.012,1.059,-2.756,-0.131,Idle
0.081,0.110,1.008,1.041,-2.747,-0.210,Idle
0.082,0.108,1.011,1.050,-2.774,-0.149,Idle
0.082,0.108,1.010,1.033,-2.747,-0.114,Idle
0.082,0.110,1.012,1.041,-2.774,-0.131,Idle
0.081,0.109,1.009,1.050,-2.791,-0.149,Idle
0.082,0.109,1.009,1.033,-2.756,-0.131,Idle
0.081,0.109,1.010,1.024,-2.739,-0.123,Idle
0.082,0.109,1.010,1.076,-2.791,-0.131,Idle
0.081,0.109,1.008,1.050,-2.713,-0.149,Idle
0.082,0.110,1.012,1.067,-2.756,-0.149,Idle
0.082,0.109,1.011,1.059,-2.783,-0.166,Idle
0.080,0.110,1.011,1.015,-2.756,-0.140,Idle
0.082,0.109,1.010,1.033,-2.747,-0.201,Idle
0.082,0.109,1.010,1.050,-2.756,-0.123,Idle
0.081,0.109,1.011,1.085,-2.756,-0.140,Idle
0.081,0.109,1.009,1.041,-2.756,-0.140,Idle
0.081,0.109,1.010,1.085,-2.756,-0.149,Idle
0.081,0.110,1.010,1.041,-2.756,-0.175,Idle
0.082,0.109,1.011,1.041,-2.783,-0.175,Idle
0.080,0.109,1.010,1.076,-2.704,-0.175,Idle
0.081,0.109,1.009,1.033,-2.739,-0.157,Idle
0.081,0.110,1.009,1.006,-2.739,-0.149,Idle
0.080,0.110,1.011,1.102,-2.739,-0.140,Idle
0.081,0.110,1.010,1.050,-2.747,-0.175,Idle
0.081,0.109,1.010,1.050,-2.756,-0.166,Idle
0.081,0.110,1.010,1.033,-2.756,-0.175,Idle
0.082,0.109,1.010,1.033,-2.739,-0.184,Idle
0.083,0.109,1.011,1.076,-2.765,-0.166,Idle
0.082,0.109,1.010,1.050,-2.756,-0.149,Idle
0.081,0.109,1.011,1.050,-2.765,-0.201,Idle
0.081,0.110,1.009,1.050,-2.730,-0.140,Idle
0.081,0.111,1.010,1.050,-2.756,-0.123,Idle
0.081,0.110,1.010,1.067,-2.747,-0.201,Idle
0.081,0.109,1.009,1.050,-2.756,-0.140,Idle
0.082,0.108,1.009,1.041,-2.774,-0.175,Idle
0.081,0.109,1.010,1.050,-2.721,-0.140,Idle
0.081,0.110,1.010,1.050,-2.730,-0.140,Idle
0.081,0.108,1.010,1.041,-2.713,-0.192,Idle
0.081,0.109,1.010,1.041,-2.739,-0.157,Idle
0.082,0.110,1.010,1.041,-2.783,-0.157,Idle
0.082,0.110,1.010,1.076,-2.756,-0.149,Idle
0.081,0.110,1.011,1.041,-2.713,-0.166,Idle
0.081,0.110,1.010,1.024,-2.721,-0.166,Idle
0.081,0.108,1.010,1.067,-2.713,-0.157,Idle
0.081,0.110,1.012,1.050,-2.791,-0.123,Idle
0.081,0.109,1.008,1.024,-2.756,-0.201,Idle
0.081,0.109,1.009,1.111,-2.765,-0.157,Idle
0.081,0.109,1.010,1.067,-2.818,-0.114,Idle
0.082,0.110,1.010,1.067,-2.756,-0.157,Idle
0.081,0.109,1.010,0.998,-2.756,-0.114,Idle
0.081,0.108,1.009,1.024,-2.765,-0.149,Idle
0.082,0.109,1.012,1.067,-2.774,-0.140,Idle
0.082,0.110,1.009,1.024,-2.756,-0.175,Idle
0.081,0.109,1.010,0.998,-2.739,-0.201,Idle
0.081,0.109,1.011,1.024,-2.774,-0.157,Idle
0.082,0.110,1.012,1.024,-2.800,-0.114,Idle
0.081,0.110,1.008,1.067,-2.730,-0.175,Idle
0.081,0.109,1.011,1.085,-2.721,-0.175,Idle
0.081,0.108,1.009,1.033,-2.756,-0.210,Idle
0.081,0.109,1.011,1.050,-2.826,-0.157,Idle
0.081,0.109,1.008,1.094,-2.765,-0.184,Idle
0.082,0.110,1.010,1.076,-2.765,-0.166,Idle
0.082,0.109,1.010,1.076,-2.791,-0.157,Idle
0.081,0.110,1.011,1.050,-2.756,-0.157,Idle
0.081,0.109,1.009,1.059,-2.721,-0.210,Idle
0.081,0.109,1.008,1.041,-2.765,-0.184,Idle
0.082,0.109,1.011,1.102,-2.756,-0.166,Idle
0.081,0.108,1.009,1.041,-2.739,-0.140,Idle
0.081,0.109,1.011,1.041,-2.765,-0.175,Idle
0.081,0.110,1.009,1.067,-2.765,-0.157,Idle
0.082,0.110,1.010,1.050,-2.818,-0.157,Idle
0.081,0.109,1.011,1.085,-2.739,-0.166,Idle
0.082,0.110,1.011,1.033,-2.721,-0.149,Idle
0.081,0.110,1.009,1.059,-2.730,-0.192,Idle
0.082,0.109,1.012,1.059,-2.774,-0.166,Idle
0.081,0.110,1.011,1.041,-2.721,-0.166,Idle
0.081,0.109,1.011,1.067,-2.756,-0.149,Idle
0.081,0.110,1.009,1.033,-2.704,-0.228,Idle
0.081,0.109,1.013,1.067,-2.774,-0.096,Idle
0.081,0.110,1.012,1.076,-2.704,-0.184,Idle
0.081,0.108,1.010,1.050,-2.730,-0.149,Idle
0.080,0.109,1.009,1.041,-2.774,-0.192,Idle
0.081,0.109,1.011,1.024,-2.765,-0.166,Idle
0.082,0.110,1.012,1.059,-2.783,-0.157,Idle
0.081,0.109,1.010,1.033,-2.765,-0.166,Idle
0.081,0.109,1.011,1.041,-2.756,-0.131,Idle
0.082,0.109,1.009,1.067,-2.791,-0.149,Idle
0.081,0.109,1.012,1.085,-2.765,-0.096,Idle
0.081,0.108,1.009,1.006,-2.730,-0.131,Idle
0.081,0.110,1.009,1.076,-2.783,-0.140,Idle
0.081,0.109,1.009,1.076,-2.747,-0.166,Idle
0.082,0.109,1.012,1.067,-2.783,-0.140,Idle
0.081,0.109,1.009,1.041,-2.739,-0.166,Idle
0.081,0.110,1.011,1.059,-2.783,-0.131,Idle
0.081,0.110,1.011,1.076,-2.756,-0.149,Idle
0.081,0.110,1.010,1.050,-2.774,-0.140,Idle
0.081,0.110,1.010,1.067,-2.756,-0.149,Idle
0.081,0.109,1.008,1.050,-2.765,-0.131,Idle
0.082,0.109,1.011,1.085,-2.800,-0.166,Idle
0.080,0.109,1.010,1.033,-2.747,-0.157,Idle
0.081,0.110,1.008,1.041,-2.730,-0.157,Idle
0.081,0.108,1.007,1.076,-2.765,-0.175,Idle
0.082,0.111,1.011,1.050,-2.783,-0.149,Idle
0.082,0.110,1.011,1.094,-2.774,-0.140,Idle
0.081,0.110,1.010,1.024,-2.747,-0.192,Idle
0.081,0.109,1.009,1.050,-2.730,-0.140,Idle
0.082,0.109,1.011,1.033,-2.739,-0.140,Idle
0.081,0.109,1.008,1.006,-2.756,-0.166,Idle
0.080,0.108,1.011,1.041,-2.765,-0.175,Idle
0.081,0.109,1.009,1.085,-2.747,-0.149,Idle
0.081,0.110,1.011,1.076,-2.765,-0.175,Idle
0.080,0.109,1.011,1.050,-2.747,-0.149,Idle
0.080,0.110,1.010,1.067,-2.739,-0.149,Idle
0.082,0.109,1.011,1.076,-2.791,-0.149,Idle
0.082,0.110,1.011,1.050,-2.756,-0.149,Idle
0.081,0.109,1.010,1.050,-2.704,-0.123,Idle
0.081,0.109,1.009,1.050,-2.783,-0.157,Idle
0.080,0.109,1.009,1.041,-2.756,-0.131,Idle
0.082,0.109,1.011,1.015,-2.818,-0.157,Idle
0.083,0.109,1.010,1.041,-2.739,-0.140,Idle
0.081,0.110,1.010,1.033,-2.756,-0.123,Idle
0.081,0.109,1.011,1.050,-2.756,-0.175,Idle
0.082,0.110,1.010,1.059,-2.765,-0.157,Idle
0.081,0.109,1.011,1.033,-2.765,-0.149,Idle
0.081,0.109,1.009,1.076,-2.721,-0.140,Idle
0.082,0.109,1.011,1.041,-2.765,-0.157,Idle
0.080,0.109,1.009,1.059,-2.765,-0.123,Idle
0.081,0.109,1.011,1.059,-2.756,-0.105,Idle
0.081,0.109,1.010,1.067,-2.774,-0.096,Idle
0.082,0.110,1.010,1.041,-2.739,-0.131,Idle
0.080,0.109,1.010,1.059,-2.774,-0.123,Idle
0.082,0.109,1.011,0.998,-2.747,-0.157,Idle
0.081,0.109,1.010,1.024,-2.765,-0.140,Idle
0.082,0.109,1.010,1.041,-2.756,-0.140,Idle
0.081,0.109,1.009,1.067,-2.730,-0.123,Idle
0.081,0.110,1.009,1.033,-2.774,-0.131,Idle
0.081,0.110,1.009,1.041,-2.747,-0.157,Idle
0.082,0.109,1.010,1.059,-2.721,-0.166,Idle
0.082,0.110,1.009,0.998,-2.756,-0.157,Idle
0.082,0.109,1.012,1.033,-2.765,-0.166,Idle
0.081,0.110,1.008,1.050,-2.739,-0.184,Idle
0.081,0.110,1.010,1.050,-2.783,-0.157,Idle
0.082,0.109,1.010,1.050,-2.756,-0.123,Idle
0.081,0.110,1.011,1.067,-2.791,-0.157,Idle
0.083,0.110,1.009,1.041,-2.730,-0.157,Idle
0.081,0.109,1.009,1.067,-2.747,-0.149,Idle
0.082,0.110,1.010,1.094,-2.765,-0.157,Idle
0.080,0.110,1.012,1.050,-2.774,-0.149,Idle
0.083,0.110,1.012,1.067,-2.783,-0.166,Idle
0.081,0.109,1.007,1.059,-2.713,-0.175,Idle
0.081,0.110,1.009,1.085,-2.756,-0.140,Idle
0.082,0.110,1.012,1.050,-2.765,-0.149,Idle
0.081,0.110,1.012,1.094,-2.765,-0.114,Idle
0.081,0.109,1.008,1.094,-2.756,-0.175,Idle
0.083,0.109,1.010,1.006,-2.783,-0.166,Idle
0.083,0.110,1.010,1.033,-2.756,-0.210,Idle
0.080,0.110,1.012,1.050,-2.774,-0.184,Idle
0.081,0.108,1.007,1.067,-2.739,-0.149,Idle
0.083,0.110,1.012,1.076,-2.791,-0.166,Idle
0.083,0.110,1.011,1.050,-2.783,-0.166,Idle
0.081,0.110,1.013,1.033,-2.739,-0.140,Idle
0.079,0.108,1.009,1.076,-2.783,-0.157,Idle
0.082,0.110,1.011,1.067,-2.809,-0.105,Idle
0.082,0.110,1.013,1.033,-2.783,-0.184,Idle
0.082,0.109,1.010,1.059,-2.739,-0.096,Idle
0.080,0.109,1.007,0.998,-2.730,-0.184,Idle
0.081,0.109,1.008,1.033,-2.835,-0.166,Idle
0.082,0.110,1.012,1.041,-2.783,-0.166,Idle
0.080,0.109,1.010,1.076,-2.739,-0.140,Idle
0.080,0.109,1.008,1.050,-2.713,-0.149,Idle
0.080,0.109,1.007,1.006,-2.756,-0.140,Idle
0.082,0.109,1.012,1.067,-2.756,-0.157,Idle
0.081,0.109,1.009,1.024,-2.747,-0.184,Idle
0.080,0.109,1.010,1.085,-2.739,-0.201,Idle
0.080,0.109,1.007,1.059,-2.765,-0.166,Idle
0.082,0.110,1.011,1.024,-2.783,-0.123,Idle
0.082,0.108,1.009,0.989,-2.713,-0.192,Idle
0.081,0.110,1.010,1.094,-2.747,-0.131,Idle
0.079,0.110,1.009,1.041,-2.739,-0.192,Idle
0.081,0.109,1.012,1.041,-2.756,-0.175,Idle
0.081,0.108,1.007,1.041,-2.747,-0.157,Idle
0.080,0.108,1.009,1.015,-2.765,-0.166,Idle
0.082,0.109,1.009,1.050,-2.783,-0.149,Idle
0.081,0.110,1.012,1.033,-2.809,-0.131,Idle
0.081,0.109,1.008,1.050,-2.783,-0.131,Idle
0.081,0.109,1.008,1.024,-2.704,-0.157,Idle
0.082,0.110,1.010,1.076,-2.739,-0.157,Idle
0.082,0.110,1.010,1.033,-2.730,-0.184,Idle
0.081,0.109,1.013,1.050,-2.783,-0.157,Idle
0.080,0.109,1.008,1.015,-2.756,-0.184,Idle
0.082,0.109,1.011,1.094,-2.791,-0.166,Idle
0.081,0.110,1.011,1.067,-2.756,-0.149,Idle
0.081,0.108,1.012,1.050,-2.747,-0.166,Idle
0.081,0.109,1.008,1.085,-2.739,-0.140,Idle
0.081,0.109,1.012,1.085,-2.747,-0.131,Idle
0.081,0.108,1.009,1.033,-2.756,-0.105,Idle
0.081,0.110,1.012,1.076,-2.791,-0.166,Idle
0.081,0.108,1.008,1.059,-2.721,-0.149,Idle
0.082,0.108,1.011,1.041,-2.747,-0.123,Idle
0.081,0.108,1.011,1.067,-2.774,-0.149,Idle
0.082,0.109,1.010,1.076,-2.747,-0.157,Idle
0.080,0.110,1.010,1.067,-2.730,-0.184,Idle
0.081,0.109,1.011,1.050,-2.739,-0.166,Idle
0.081,0.109,1.011,1.085,-2.774,-0.131,Idle
0.081,0.109,1.010,1.050,-2.739,-0.184,Idle
0.081,0.109,1.009,1.050,-2.756,-0.140,Idle
0.081,0.109,1.009,1.024,-2.800,-0.166,Idle
0.081,0.109,1.011,1.067,-2.756,-0.105,Idle
0.080,0.109,1.010,1.050,-2.756,-0.157,Idle
0.081,0.109,1.008,1.033,-2.739,-0.114,Idle
0.080,0.110,1.009,1.102,-2.747,-0.157,Idle
0.081,0.110,1.011,1.076,-2.783,-0.149,Idle
0.081,0.109,1.010,1.033,-2.721,-0.175,Idle
0.081,0.108,1.010,1.041,-2.765,-0.140,Idle
0.081,0.109,1.007,1.015,-2.721,-0.166,Idle
0.082,0.110,1.013,1.050,-2.783,-0.149,Idle
0.081,0.109,1.008,1.041,-2.765,-0.157,Idle
0.081,0.110,1.010,1.050,-2.721,-0.166,Idle
0.081,0.109,1.008,1.050,-2.774,-0.175,Idle
0.082,0.109,1.012,1.033,-2.730,-0.157,Idle
0.081,0.108,1.009,1.050,-2.739,-0.157,Idle
0.082,0.109,1.012,1.076,-2.826,-0.140,Idle
0.081,0.109,1.008,1.067,-2.713,-0.140,Idle
0.082,0.110,1.012,1.094,-2.809,-0.123,Idle
0.082,0.110,1.007,1.033,-2.730,-0.140,Idle
0.081,0.109,1.010,1.015,-2.765,-0.131,Idle
0.080,0.110,1.007,1.041,-2.765,-0.175,Idle
0.083,0.110,1.013,1.059,-2.791,-0.131,Idle
0.082,0.109,1.012,1.067,-2.747,-0.175,Idle
0.082,0.109,1.008,1.094,-2.730,-0.175,Idle
0.080,0.109,1.008,1.041,-2.739,-0.201,Idle
0.082,0.110,1.012,1.041,-2.774,-0.149,Idle
0.082,0.110,1.012,1.050,-2.818,-0.175,Idle
0.082,0.109,1.010,1.041,-2.713,-0.157,Idle
0.081,0.109,1.008,1.102,-2.721,-0.157,Idle
0.081,0.109,1.007,1.050,-2.791,-0.149,Idle
0.081,0.110,1.013,1.085,-2.791,-0.131,Idle
0.081,0.109,1.009,1.050,-2.713,-0.157,Idle
0.081,0.109,1.009,1.006,-2.730,-0.184,Idle
0.080,0.109,1.008,1.033,-2.747,-0.175,Idle
0.082,0.110,1.012,1.041,-2.809,-0.166,Idle
0.081,0.109,1.008,1.111,-2.730,-0.140,Idle
0.081,0.109,1.010,1.006,-2.765,-0.096,Idle
0.081,0.108,1.008,1.024,-2.739,-0.131,Idle
0.082,0.110,1.014,1.076,-2.826,-0.175,Idle
0.081,0.109,1.009,1.041,-2.721,-0.131,Idle
0.080,0.109,1.008,1.059,-2.774,-0.149,Idle
0.081,0.108,1.009,1.041,-2.730,-0.079,Idle
0.082,0.109,1.011,1.041,-2.765,-0.140,Idle
0.080,0.109,1.007,1.033,-2.730,-0.192,Idle
0.080,0.110,1.008,1.059,-2.747,-0.166,Idle
0.082,0.110,1.010,1.033,-2.756,-0.131,Idle
0.080,0.109,1.013,1.050,-2.765,-0.175,Idle
0.081,0.109,1.007,1.076,-2.721,-0.140,Idle
0.080,0.109,1.008,1.076,-2.739,-0.175,Idle
0.082,0.109,1.011,1.076,-2.747,-0.166,Idle
0.081,0.109,1.011,1.076,-2.747,-0.166,Idle
0.081,0.111,1.011,1.059,-2.739,-0.149,Idle
0.081,0.108,1.008,1.067,-2.704,-0.166,Idle
0.080,0.110,1.012,0.998,-2.774,-0.166,Idle
0.081,0.110,1.011,1.050,-2.747,-0.157,Idle
0.081,0.109,1.012,1.041,-2.730,-0.114,Idle
0.082,0.109,1.008,1.006,-2.747,-0.157,Idle
0.083,0.110,1.012,1.076,-2.774,-0.131,Idle
0.082,0.109,1.010,1.067,-2.756,-0.166,Idle
0.082,0.110,1.011,1.033,-2.756,-0.184,Idle
0.081,0.110,1.009,1.050,-2.747,-0.192,Idle
0.082,0.110,1.012,1.041,-2.730,-0.166,Idle
0.081,0.109,1.012,1.067,-2.765,-0.175,Idle
0.081,0.110,1.012,1.067,-2.730,-0.140,Idle
0.081,0.110,1.009,1.076,-2.713,-0.166,Idle
0.082,0.109,1.012,1.067,-2.765,-0.140,Idle
0.082,0.110,1.012,1.059,-2.818,-0.184,Idle
0.082,0.110,1.010,1.015,-2.730,-0.140,Idle
0.082,0.108,1.009,1.033,-2.747,-0.157,Idle
0.078,0.110,1.008,1.076,-2.783,-0.175,Idle
0.082,0.109,1.012,1.050,-2.791,-0.140,Idle
0.081,0.110,1.009,1.076,-2.739,-0.175,Idle
0.081,0.110,1.010,1.059,-2.800,-0.166,Idle
0.082,0.109,1.009,1.041,-2.765,-0.166,Idle
0.081,0.109,1.011,1.059,-2.774,-0.149,Idle
0.080,0.110,1.010,1.059,-2.730,-0.157,Idle
0.082,0.109,1.010,0.998,-2.783,-0.157,Idle
0.081,0.109,1.010,1.024,-2.774,-0.149,Idle
0.081,0.110,1.012,1.076,-2.809,-0.192,Idle
0.081,0.109,1.008,1.041,-2.756,-0.123,Idle
0.082,0.110,1.009,1.015,-2.713,-0.175,Idle
0.082,0.109,1.009,1.076,-2.791,-0.149,Idle
0.081,0.109,1.012,1.050,-2.765,-0.140,Idle
0.080,0.110,1.009,1.050,-2.783,-0.192,Idle
0.082,0.109,1.009,1.076,-2.747,-0.166,Idle
0.082,0.110,1.011,1.085,-2.721,-0.131,Idle
0.081,0.109,1.010,1.015,-2.747,-0.149,Idle
0.080,0.108,1.010,1.024,-2.713,-0.175,Idle
0.081,0.110,1.009,1.067,-2.721,-0.166,Idle
0.082,0.109,1.010,1.076,-2.747,-0.166,Idle
0.082,0.109,1.011,1.102,-2.791,-0.123,Idle
0.080,0.110,1.010,1.059,-2.756,-0.157,Idle
0.081,0.109,1.009,1.015,-2.730,-0.123,Idle
0.082,0.108,1.010,1.059,-2.774,-0.157,Idle
0.082,0.110,1.012,1.024,-2.756,-0.131,Idle
0.082,0.109,1.011,1.050,-2.747,-0.184,Idle
0.081,0.109,1.008,1.041,-2.739,-0.131,Idle
0.082,0.110,1.011,1.024,-2.721,-0.114,Idle
0.081,0.111,1.010,1.059,-2.756,-0.114,Idle
0.081,0.109,1.012,1.050,-2.756,-0.166,Idle
0.081,0.109,1.010,1.059,-2.713,-0.157,Idle
0.081,0.109,1.010,1.076,-2.756,-0.131,Idle
0.081,0.109,1.010,1.059,-2.747,-0.114,Idle
0.082,0.110,1.012,1.024,-2.730,-0.175,Idle
0.080,0.109,1.009,1.041,-2.774,-0.131,Idle
0.082,0.109,1.009,1.041,-2.739,-0.192,Idle
0.082,0.110,1.010,1.033,-2.747,-0.175,Idle
0.081,0.109,1.011,1.059,-2.809,-0.192,Idle
0.080,0.109,1.009,1.059,-2.730,-0.166,Idle
0.081,0.108,1.009,1.059,-2.704,-0.114,Idle
0.081,0.110,1.011,1.041,-2.765,-0.175,Idle
0.081,0.109,1.011,1.085,-2.747,-0.140,Idle
0.081,0.109,1.009,1.041,-2.721,-0.192,Idle
0.081,0.109,1.008,1.033,-2.730,-0.131,Idle
0.082,0.109,1.010,1.085,-2.747,-0.175,Idle
0.082,0.109,1.012,1.102,-2.765,-0.149,Idle
0.080,0.109,1.009,1.076,-2.730,-0.184,Idle
0.081,0.109,1.008,1.050,-2.747,-0.157,Idle
0.082,0.109,1.012,1.102,-2.756,-0.184,Idle
0.081,0.110,1.010,1.076,-2.713,-0.157,Idle
0.082,0.109,1.012,1.041,-2.704,-0.123,Idle
0.081,0.109,1.009,1.024,-2.721,-0.123,Idle
0.081,0.109,1.012,1.041,-2.730,-0.175,Idle
0.081,0.109,1.011,1.033,-2.747,-0.228,Idle
0.081,0.109,1.011,1.015,-2.739,-0.210,Idle
0.081,0.109,1.009,1.024,-2.756,-0.166,Idle
0.082,0.110,1.011,1.076,-2.783,-0.166,Idle
0.082,0.109,1.009,1.067,-2.730,-0.149,Idle
0.082,0.109,1.011,1.033,-2.739,-0.123,Idle
0.081,0.108,1.008,1.059,-2.739,-0.210,Idle
0.082,0.109,1.012,1.111,-2.739,-0.131,Idle
0.082,0.110,1.011,1.041,-2.765,-0.131,Idle
0.081,0.109,1.010,1.041,-2.739,-0.149,Idle
0.082,0.109,1.009,1.024,-2.739,-0.149,Idle
0.081,0.109,1.012,1.059,-2.783,-0.131,Idle
0.080,0.110,1.012,1.085,-2.747,-0.140,Idle
0.081,0.109,1.009,1.015,-2.774,-0.157,Idle
0.082,0.109,1.009,1.076,-2.765,-0.140,Idle
0.081,0.108,1.010,1.050,-2.739,-0.123,Idle
0.081,0.109,1.011,1.076,-2.791,-0.166,Idle
0.080,0.109,1.009,1.033,-2.721,-0.192,Idle
0.081,0.109,1.011,1.067,-2.765,-0.140,Idle
0.081,0.110,1.011,1.041,-2.747,-0.149,Idle
0.081,0.110,1.011,1.067,-2.756,-0.140,Idle
0.081,0.109,1.009,1.067,-2.704,-0.201,Idle
0.081,0.109,1.011,1.076,-2.783,-0.105,Idle
0.082,0.110,1.012,1.067,-2.747,-0.105,Idle
0.081,0.108,1.010,1.059,-2.721,-0.184,Idle
0.081,0.108,1.010,1.006,-2.765,-0.175,Idle
0.081,0.109,1.007,1.050,-2.765,-0.157,Idle
0.081,0.109,1.012,1.033,-2.765,-0.149,Idle
0.082,0.109,1.009,1.059,-2.747,-0.149,Idle
0.081,0.109,1.010,1.041,-2.774,-0.201,Idle
0.081,0.109,1.010,1.076,-2.747,-0.140,Idle
0.082,0.109,1.012,1.041,-2.774,-0.105,Idle
0.081,0.108,1.009,1.050,-2.704,-0.157,Idle
0.080,0.110,1.011,1.059,-2.730,-0.157,Idle
0.081,0.109,1.010,1.050,-2.730,-0.149,Idle
0.081,0.109,1.011,1.059,-2.774,-0.140,Idle
0.080,0.109,1.009,1.050,-2.713,-0.175,Idle
0.081,0.109,1.009,1.067,-2.739,-0.157,Idle
0.081,0.109,1.010,1.076,-2.791,-0.114,Idle
0.081,0.108,1.012,1.059,-2.765,-0.149,Idle
0.081,0.109,1.009,1.015,-2.765,-0.114,Idle
0.082,0.109,1.009,1.050,-2.774,-0.166,Idle
0.081,0.109,1.010,1.076,-2.721,-0.175,Idle
0.081,0.108,1.012,1.033,-2.765,-0.157,Idle
0.081,0.110,1.007,1.050,-2.730,-0.166,Idle
0.081,0.109,1.009,1.041,-2.704,-0.140,Idle
0.081,0.109,1.010,1.050,-2.774,-0.123,Idle
0.081,0.109,1.011,1.015,-2.818,-0.175,Idle
0.080,0.110,1.012,1.033,-2.747,-0.149,Idle
0.082,0.108,1.009,1.033,-2.695,-0.149,Idle
0.081,0.109,1.012,1.006,-2.765,-0.140,Idle
0.081,0.109,1.010,1.050,-2.739,-0.096,Idle
0.082,0.110,1.011,1.050,-2.739,-0.149,Idle
0.081,0.109,1.008,1.024,-2.747,-0.192,Idle
0.082,0.109,1.013,1.050,-2.774,-0.140,Idle
0.082,0.109,1.009,1.041,-2.774,-0.131,Idle
0.081,0.109,1.011,1.059,-2.747,-0.114,Idle
0.080,0.109,1.009,1.033,-2.730,-0.166,Idle
0.081,0.110,1.012,1.059,-2.765,-0.140,Idle
0.080,0.110,1.011,1.085,-2.721,-0.166,Idle
0.081,0.109,1.011,1.041,-2.721,-0.166,Idle
0.081,0.109,1.009,1.085,-2.704,-0.140,Idle
0.081,0.109,1.012,1.033,-2.774,-0.166,Idle
0.081,0.109,1.010,1.085,-2.747,-0.149,Idle
0.082,0.109,1.011,1.067,-2.747,-0.105,Idle
0.081,0.109,1.009,1.050,-2.739,-0.166,Idle
0.082,0.109,1.009,1.067,-2.756,-0.184,Idle
0.081,0.109,1.011,1.015,-2.739,-0.140,Idle
0.081,0.109,1.011,1.059,-2.765,-0.166,Idle
0.081,0.109,1.009,1.041,-2.756,-0.149,Idle
0.080,0.109,1.009,1.024,-2.730,-0.123,Idle
0.081,0.110,1.010,1.067,-2.774,-0.149,Idle
0.082,0.109,1.010,1.050,-2.713,-0.175,Idle
0.082,0.109,1.008,1.067,-2.783,-0.166,Idle
0.080,0.109,1.010,1.024,-2.747,-0.175,Idle
0.082,0.109,1.011,1.050,-2.791,-0.140,Idle
0.080,0.109,1.010,1.059,-2.721,-0.166,Idle
0.081,0.109,1.011,1.041,-2.721,-0.140,Idle
0.081,0.108,1.009,1.076,-2.721,-0.149,Idle
0.082,0.109,1.013,1.006,-2.747,-0.166,Idle
0.080,0.109,1.009,1.041,-2.739,-0.166,Idle
0.081,0.109,1.012,1.067,-2.739,-0.114,Idle
0.080,0.109,1.009,1.041,-2.791,-0.123,Idle
0.082,0.110,1.012,1.050,-2.756,-0.131,Idle
0.082,0.110,1.010,1.041,-2.765,-0.175,Idle
0.081,0.110,1.010,1.094,-2.774,-0.149,Idle
0.081,0.108,1.010,1.033,-2.730,-0.166,Idle
0.081,0.109,1.010,1.015,-2.774,-0.149,Idle
0.082,0.110,1.011,1.076,-2.774,-0.149,Idle
0.082,0.109,1.011,1.067,-2.774,-0.114,Idle
0.080,0.109,1.007,1.041,-2.747,-0.166,Idle
0.082,0.111,1.012,0.998,-2.747,-0.131,Idle
0.082,0.110,1.013,1.067,-2.800,-0.140,Idle
0.080,0.110,1.008,1.067,-2.774,-0.157,Idle
0.081,0.109,1.010,1.015,-2.747,-0.149,Idle
0.081,0.109,1.009,1.033,-2.783,-0.131,Idle
0.082,0.111,1.012,1.067,-2.791,-0.123,Idle
0.081,0.109,1.007,1.085,-2.739,-0.175,Idle
0.082,0.110,1.011,1.067,-2.765,-0.149,Idle
0.081,0.107,1.009,1.024,-2.765,-0.175,Idle
0.082,0.110,1.011,1.050,-2.739,-0.149,Idle
0.081,0.108,1.008,1.041,-2.756,-0.184,Idle
0.081,0.109,1.011,1.111,-2.721,-0.201,Idle
0.081,0.109,1.010,1.059,-2.747,-0.175,Idle
0.082,0.111,1.013,1.024,-2.721,-0.131,Idle
0.081,0.109,1.007,1.085,-2.739,-0.210,Idle
0.080,0.109,1.008,1.067,-2.783,-0.166,Idle
0.081,0.109,1.011,1.067,-2.783,-0.114,Idle
0.081,0.110,1.012,1.033,-2.765,-0.175,Idle
0.081,0.108,1.007,1.059,-2.747,-0.201,Idle
0.080,0.109,1.007,1.067,-2.756,-0.123,Idle
0.081,0.109,1.011,1.041,-2.721,-0.166,Idle
0.081,0.110,1.011,1.059,-2.791,-0.166,Idle
0.082,0.110,1.008,1.006,-2.747,-0.184,Idle
0.080,0.109,1.006,1.050,-2.704,-0.157,Idle
0.082,0.109,1.012,1.006,-2.730,-0.131,Idle
0.080,0.110,1.011,1.024,-2.730,-0.157,Idle
0.081,0.110,1.013,1.050,-2.774,-0.149,Idle
0.080,0.109,1.007,1.033,-2.739,-0.140,Idle
0.083,0.110,1.013,1.015,-2.783,-0.157,Idle
0.082,0.109,1.009,1.033,-2.756,-0.166,Idle
0.082,0.110,1.012,1.067,-2.756,-0.184,Idle
0.080,0.108,1.007,1.033,-2.730,-0.184,Idle
0.083,0.110,1.013,1.041,-2.747,-0.175,Idle
0.082,0.110,1.012,1.085,-2.765,-0.157,Idle
0.081,0.109,1.012,1.041,-2.756,-0.157,Idle
0.080,0.108,1.007,1.033,-2.695,-0.184,Idle
0.081,0.110,1.014,1.041,-2.765,-0.175,Idle
0.082,0.110,1.011,1.059,-2.783,-0.166,Idle
0.081,0.109,1.010,1.024,-2.774,-0.219,Idle
0.082,0.108,1.009,1.076,-2.774,-0.157,Idle
0.082,0.109,1.012,1.085,-2.756,-0.131,Idle
0.082,0.109,1.011,1.050,-2.783,-0.149,Idle
0.081,0.109,1.009,1.059,-2.747,-0.131,Idle
0.080,0.109,1.008,1.024,-2.704,-0.157,Idle
0.081,0.109,1.008,1.050,-2.791,-0.140,Idle
0.082,0.109,1.012,1.041,-2.774,-0.096,Idle
0.081,0.108,1.009,0.989,-2.704,-0.123,Idle
0.081,0.109,1.009,1.067,-2.765,-0.157,Idle
0.080,0.108,1.008,1.076,-2.686,-0.166,Idle
0.082,0.111,1.012,1.085,-2.800,-0.149,Idle
0.082,0.108,1.008,1.041,-2.756,-0.149,Idle
0.080,0.108,1.010,1.050,-2.765,-0.140,Idle
0.081,0.108,1.008,1.076,-2.721,-0.175,Idle
0.082,0.110,1.011,1.059,-2.826,-0.157,Idle
0.080,0.108,1.010,1.059,-2.747,-0.149,Idle
0.081,0.110,1.010,1.067,-2.756,-0.140,Idle
0.080,0.109,1.009,1.041,-2.791,-0.175,Idle
0.081,0.110,1.012,1.076,-2.747,-0.140,Idle
0.081,0.109,1.008,1.041,-2.747,-0.166,Idle
0.081,0.109,1.012,1.041,-2.747,-0.175,Idle
0.081,0.109,1.008,1.085,-2.730,-0.140,Idle
0.082,0.110,1.012,1.067,-2.739,-0.157,Idle
0.082,0.109,1.008,1.059,-2.756,-0.149,Idle
0.082,0.109,1.010,1.041,-2.783,-0.140,Idle
0.081,0.109,1.010,1.067,-2.739,-0.149,Idle
0.081,0.110,1.012,1.041,-2.747,-0.149,Idle
0.082,0.110,1.010,1.015,-2.721,-0.149,Idle
0.080,0.109,1.009,1.059,-2.765,-0.166,Idle
0.080,0.109,1.009,1.024,-2.713,-0.192,Idle
0.082,0.110,1.011,1.041,-2.791,-0.131,Idle
0.081,0.109,1.012,1.050,-2.774,-0.166,Idle
0.080,0.109,1.009,1.050,-2.739,-0.123,Idle
0.080,0.110,1.009,1.033,-2.739,-0.105,Idle
0.082,0.108,1.009,1.067,-2.747,-0.140,Idle
0.081,0.110,1.011,1.059,-2.818,-0.175,Idle
0.080,0.110,1.010,1.041,-2.747,-0.114,Idle
0.081,0.109,1.010,1.067,-2.739,-0.140,Idle
0.081,0.109,1.010,1.085,-2.739,-0.157,Idle
0.082,0.111,1.013,1.059,-2.783,-0.140,Idle
0.081,0.108,1.008,1.033,-2.747,-0.149,Idle
0.082,0.109,1.010,1.067,-2.783,-0.149,Idle
0.083,0.109,1.011,1.006,-2.747,-0.157,Idle
0.084,0.110,1.011,1.067,-2.774,-0.114,Idle
0.080,0.109,1.009,1.076,-2.713,-0.175,Idle
0.081,0.108,1.008,1.006,-2.774,-0.131,Idle
0.081,0.109,1.010,1.041,-2.756,-0.157,Idle
0.081,0.109,1.010,1.076,-2.800,-0.131,Idle
0.081,0.107,1.009,1.085,-2.747,-0.131,Idle
0.080,0.109,1.009,1.085,-2.730,-0.149,Idle
0.081,0.109,1.010,1.041,-2.783,-0.149,Idle
0.082,0.110,1.011,1.050,-2.765,-0.166,Idle
0.082,0.108,1.008,1.041,-2.765,-0.184,Idle
0.081,0.109,1.009,1.006,-2.713,-0.149,Idle
0.081,0.109,1.013,1.033,-2.756,-0.140,Idle
0.081,0.109,1.009,1.059,-2.774,-0.192,Idle
0.082,0.110,1.011,1.050,-2.730,-0.149,Idle
0.081,0.110,1.008,1.033,-2.721,-0.149,Idle
0.081,0.109,1.012,1.067,-2.783,-0.166,Idle
0.081,0.110,1.009,1.050,-2.756,-0.166,Idle
0.082,0.110,1.009,1.067,-2.774,-0.131,Idle
0.081,0.109,1.007,1.050,-2.695,-0.166,Idle
0.081,0.110,1.012,1.085,-2.783,-0.123,Idle
0.081,0.109,1.011,1.041,-2.756,-0.140,Idle
0.082,0.109,1.011,1.041,-2.730,-0.157,Idle
0.081,0.109,1.009,1.024,-2.721,-0.157,Idle
0.082,0.109,1.011,1.006,-2.774,-0.140,Idle
0.081,0.109,1.012,1.059,-2.783,-0.123,Idle
0.081,0.110,1.009,0.998,-2.739,-0.245,Idle
0.082,0.109,1.009,1.059,-2.800,-0.149,Idle
0.082,0.110,1.012,1.050,-2.739,-0.131,Idle
0.082,0.109,1.012,1.050,-2.756,-0.114,Idle
0.081,0.109,1.009,1.006,-2.783,-0.175,Idle
0.081,0.109,1.009,1.067,-2.721,-0.166,Idle
0.082,0.109,1.009,1.041,-2.791,-0.131,Idle
0.082,0.109,1.012,1.024,-2.791,-0.140,Idle
0.080,0.109,1.008,1.050,-2.739,-0.166,Idle
0.082,0.109,1.011,1.067,-2.739,-0.157,Idle
0.081,0.109,1.009,1.050,-2.756,-0.166,Idle
0.082,0.109,1.011,1.050,-2.809,-0.123,Idle
0.082,0.109,1.007,1.085,-2.721,-0.123,Idle
0.082,0.109,1.011,1.050,-2.765,-0.175,Idle
0.079,0.108,1.009,1.041,-2.739,-0.166,Idle
0.080,0.111,1.010,1.050,-2.783,-0.131,Idle
0.081,0.109,1.010,1.033,-2.730,-0.166,Idle
0.084,0.109,1.010,1.085,-2.756,-0.192,Idle
0.083,0.109,1.010,1.015,-2.730,-0.131,Idle
0.081,0.110,1.011,1.067,-2.783,-0.140,Idle
0.081,0.109,1.009,1.059,-2.756,-0.166,Idle
0.081,0.111,1.007,1.041,-2.783,-0.192,Idle
0.081,0.111,1.010,1.085,-2.783,-0.140,Idle
0.080,0.108,1.010,1.041,-2.765,-0.149,Idle
0.080,0.108,1.011,1.050,-2.756,-0.123,Idle
0.083,0.110,1.010,1.024,-2.774,-0.157,Idle
0.083,0.108,1.010,1.041,-2.747,-0.210,Idle
0.080,0.109,1.010,1.033,-2.730,-0.201,Idle
0.078,0.110,1.009,1.050,-2.747,-0.123,Idle
0.079,0.109,1.010,1.059,-2.756,-0.140,Idle
0.083,0.109,1.011,1.024,-2.783,-0.140,Idle
0.083,0.109,1.010,1.050,-2.721,-0.149,Idle
0.081,0.109,1.010,1.067,-2.774,-0.192,Idle
0.080,0.110,1.011,1.033,-2.739,-0.131,Idle
0.080,0.109,1.010,1.033,-2.704,-0.175,Idle
0.082,0.108,1.009,1.041,-2.774,-0.157,Idle
0.082,0.109,1.009,1.041,-2.739,-0.131,Idle
0.082,0.110,1.010,1.033,-2.783,-0.140,Idle
0.082,0.109,1.010,1.067,-2.730,-0.192,Idle
0.082,0.109,1.011,1.033,-2.774,-0.166,Idle
0.082,0.108,1.011,1.085,-2.739,-0.157,Idle
0.080,0.109,1.010,1.059,-2.739,-0.184,Idle
0.081,0.109,1.009,1.067,-2.730,-0.192,Idle
0.080,0.109,1.009,1.041,-2.704,-0.166,Idle
0.082,0.110,1.011,1.067,-2.765,-0.175,Idle
0.083,0.109,1.009,1.006,-2.765,-0.149,Idle
0.080,0.110,1.011,1.076,-2.765,-0.140,Idle
0.080,0.110,1.009,1.094,-2.809,-0.157,Idle
0.082,0.109,1.009,1.033,-2.765,-0.175,Idle
0.082,0.109,1.010,1.033,-2.765,-0.157,Idle
0.082,0.109,1.010,1.041,-2.739,-0.140,Idle
0.081,0.109,1.010,1.033,-2.747,-0.175,Idle
0.080,0.109,1.011,1.059,-2.686,-0.166,Idle
0.081,0.109,1.011,1.041,-2.783,-0.123,Idle
0.082,0.109,1.011,1.050,-2.800,-0.184,Idle
0.080,0.109,1.011,1.076,-2.756,-0.166,Idle
0.080,0.110,1.010,1.050,-2.809,-0.140,Idle
0.081,0.111,1.011,1.067,-2.774,-0.157,Idle
0.084,0.109,1.010,1.094,-2.739,-0.131,Idle
0.083,0.109,1.009,1.102,-2.774,-0.123,Idle
0.079,0.109,1.010,1.050,-2.730,-0.175,Idle
0.078,0.110,1.010,1.059,-2.756,-0.149,Idle
0.083,0.109,1.010,1.059,-2.747,-0.131,Idle
0.084,0.109,1.011,1.094,-2.721,-0.175,Idle
0.083,0.110,1.010,1.050,-2.730,-0.192,Idle
0.079,0.109,1.009,1.015,-2.747,-0.192,Idle
0.081,0.108,1.011,1.076,-2.765,-0.114,Idle
0.082,0.110,1.009,1.094,-2.739,-0.166,Idle
0.083,0.109,1.009,1.024,-2.756,-0.166,Idle
0.080,0.109,1.011,1.085,-2.739,-0.175,Idle
0.081,0.109,1.009,1.033,-2.739,-0.166,Idle
0.082,0.109,1.010,1.041,-2.721,-0.166,Idle
0.083,0.109,1.010,1.015,-2.739,-0.140,Idle
0.080,0.109,1.009,1.059,-2.730,-0.149,Idle
0.080,0.109,1.012,1.033,-2.756,-0.149,Idle
-0.127,0.908,0.153,-66.369,1.067,6.930,Pitch
-0.124,1.075,0.200,-200.629,-21.735,-12.381,Pitch
-0.122,1.454,0.562,-286.685,-28.542,-26.819,Pitch
-0.299,1.494,0.493,-286.685,-52.754,-42.910,Pitch
-0.055,0.861,-0.007,-286.685,-123.970,-44.249,Pitch
0.109,0.230,0.054,-286.685,-66.272,-54.600,Pitch
-0.051,0.201,0.876,-226.686,-32.191,-36.908,Pitch
0.016,0.052,1.273,-188.711,23.730,-47.451,Pitch
0.047,-0.135,1.100,-172.804,38.080,-21.438,Pitch
-0.050,-0.146,0.988,-84.236,21.788,8.041,Pitch
-0.021,-0.217,0.856,58.354,3.754,18.086,Pitch
0.070,-0.089,0.990,253.689,17.640,32.498,Pitch
0.025,0.283,1.010,286.685,54.810,40.057,Pitch
-0.174,0.568,0.872,286.685,35.455,47.827,Pitch
-0.204,0.605,0.676,286.685,-7.831,48.842,Pitch
-0.140,0.804,0.371,286.685,-6.475,42.193,Pitch
-0.015,1.110,0.535,286.685,2.809,30.494,Pitch
-0.027,1.125,0.426,286.685,30.345,33.145,Pitch
-0.060,1.012,0.157,255.342,-5.057,54.583,Pitch
-0.031,0.975,0.093,40.950,-17.430,24.824,Pitch
0.005,0.926,0.213,-61.714,-4.095,4.051,Pitch
-0.110,1.248,0.496,-285.889,-8.391,-22.129,Pitch
-0.122,1.511,0.531,-286.685,-31.167,-16.292,Pitch
-0.214,1.374,0.441,-286.685,-51.380,-27.834,Pitch
0.065,0.376,-0.095,-286.685,-88.952,-42.236,Pitch
0.023,0.097,0.604,-285.994,-18.454,-37.870,Pitch
-0.021,-0.022,0.984,-180.031,80.955,-53.804,Pitch
-0.002,0.046,1.259,-117.836,76.064,-34.064,Pitch
-0.036,-0.038,1.036,-59.412,3.211,-2.704,Pitch
0.074,-0.285,0.720,137.611,17.194,24.036,Pitch
0.073,0.155,1.006,286.685,77.787,43.225,Pitch
-0.108,0.653,1.099,286.685,106.916,47.206,Pitch
-0.324,0.956,0.729,286.685,74.419,55.169,Pitch
-0.198,0.760,0.421,286.685,-6.807,58.686,Pitch
0.097,0.959,0.375,286.685,42.289,75.967,Pitch
-0.002,1.220,0.309,286.685,60.235,98.630,Pitch
-0.131,1.167,-0.098,217.193,-3.517,83.650,Pitch
-0.072,0.922,-0.117,70.131,19.066,18.244,Pitch
-0.112,0.855,-0.042,21.534,20.991,-4.235,Pitch
-0.072,0.893,0.028,-173.924,-2.424,-41.580,Pitch
-0.023,1.165,0.204,-286.685,-34.869,-53.060,Pitch
-0.142,1.418,0.509,-286.685,-14.936,-63.577,Pitch
-0.300,1.307,0.327,-286.685,-20.221,-63.647,Pitch
-0.181,0.844,0.169,-286.685,-115.290,-81.664,Pitch
0.259,0.122,0.153,-286.685,-82.311,-80.518,Pitch
-0.239,0.285,1.188,-151.148,35.079,-41.309,Pitch
-0.188,0.199,1.306,-145.688,30.888,-58.380,Pitch
-0.018,0.010,1.095,-132.720,-5.372,-35.639,Pitch
-0.061,-0.040,0.937,17.675,-21.507,8.155,Pitch
0.007,-0.037,0.932,220.430,14.542,30.222,Pitch
0.008,0.246,0.973,286.685,64.662,42.341,Pitch
-0.228,0.723,0.757,286.685,98.446,49.971,Pitch
-0.299,0.776,0.319,286.685,49.831,55.029,Pitch
-0.073,0.997,0.422,286.685,60.821,56.429,Pitch
-0.063,1.199,0.221,286.685,87.876,114.074,Pitch
-0.153,1.117,0.068,284.533,42.928,89.005,Pitch
-0.195,0.956,-0.111,116.489,31.745,46.471,Pitch
-0.141,0.875,-0.166,55.825,33.609,15.356,Pitch
-0.112,0.812,-0.037,-117.889,2.765,-22.496,Pitch
-0.017,1.043,0.050,-285.897,-43.120,-39.314,Pitch
-0.099,1.317,0.247,-286.685,-65.048,-49.630,Pitch
-0.303,1.259,0.293,-286.685,-58.153,-63.928,Pitch
-0.231,0.851,0.370,-286.685,-75.040,-102.690,Pitch
0.168,0.282,0.488,-286.685,-89.976,-55.230,Pitch
-0.078,0.291,1.058,-226.503,1.951,-38.579,Pitch
-0.200,0.339,1.308,-165.366,9.214,-51.695,Pitch
-0.009,0.173,0.994,-161.962,-29.698,-54.022,Pitch
0.032,0.105,1.032,-52.841,-40.373,-10.990,Pitch
-0.046,0.132,0.996,13.799,-26.644,6.309,Pitch
0.039,0.123,1.007,155.496,17.483,20.361,Pitch
-0.007,0.404,0.972,286.685,88.777,33.495,Pitch
-0.286,0.817,0.875,286.685,82.486,45.806,Pitch
-0.351,0.775,0.314,286.685,28.472,35.446,Pitch
0.010,1.100,0.456,286.685,24.141,45.272,Pitch
-0.059,1.122,0.504,286.685,114.021,88.419,Pitch
-0.208,0.978,-0.151,286.685,47.101,100.721,Pitch
-0.096,0.993,-0.031,230.352,26.101,66.369,Pitch
-0.134,0.741,-0.207,82.399,22.365,39.480,Pitch
-0.061,0.676,-0.118,-61.285,-16.135,-3.693,Pitch
0.012,0.883,0.013,-214.988,-47.119,-18.366,Pitch
0.045,1.052,0.038,-286.685,-75.206,-13.562,Pitch
-0.174,1.258,0.331,-286.685,-91.971,-8.041,Pitch
-0.129,0.740,0.372,-286.685,-66.929,-45.062,Pitch
0.158,0.414,0.169,-286.685,-36.995,-62.667,Pitch
-0.044,0.584,0.999,-285.740,39.147,-15.041,Pitch
-0.282,0.489,1.147,-224.595,23.240,-18.480,Pitch
-0.145,0.209,1.096,-199.273,1.076,-58.958,Pitch
-0.038,0.342,1.318,-154.114,-5.338,-41.169,Pitch
-0.162,0.087,0.912,-97.169,-37.424,-14.201,Pitch
-0.055,0.101,0.992,32.786,-45.474,-11.016,Pitch
0.043,0.137,1.067,102.261,-35.315,19.119,Pitch
0.031,0.249,0.987,127.724,-42.884,19.766,Pitch
0.011,0.328,0.803,166.390,20.204,-3.246,Pitch
0.027,0.607,0.870,270.349,61.994,6.685,Pitch
0.044,0.289,0.962,286.685,43.225,20.843,Pitch
-0.193,0.813,1.192,230.099,1.067,-33.241,Pitch
-0.057,0.738,0.784,286.685,11.699,-13.606,Pitch
-0.000,0.618,0.505,286.685,48.930,-3.684,Pitch
-0.094,0.902,0.015,286.685,33.049,7.472,Pitch
-0.115,1.009,-0.133,254.494,-17.614,27.186,Pitch
-0.064,0.907,-0.124,95.270,10.369,5.880,Pitch
-0.074,0.825,-0.041,47.994,11.454,-3.658,Pitch
-0.021,0.884,-0.043,1.164,13.834,-10.325,Pitch
0.044,1.132,0.222,-200.174,6.904,1.452,Pitch
-0.322,1.494,0.514,-286.685,-32.428,29.356,Pitch
-0.334,1.512,0.664,-286.685,-82.749,28.403,Pitch
0.071,0.647,0.204,-286.685,-111.720,33.714,Pitch
0.074,0.223,0.214,-286.685,-3.071,10.491,Pitch
-0.069,0.091,1.211,-236.477,63.682,-6.186,Pitch
-0.193,0.232,1.425,-214.279,69.580,-21.263,Pitch
-0.109,0.042,1.084,-250.040,-15.033,-33.539,Pitch
-0.044,-0.155,0.841,-190.925,-39.769,-32.130,Pitch
-0.048,-0.242,0.933,-52.588,-12.906,-13.694,Pitch
0.044,-0.297,1.021,45.159,0.989,1.934,Pitch
0.099,-0.152,1.128,250.845,41.869,34.326,Pitch
-0.047,0.200,0.965,286.685,76.020,40.626,Pitch
-0.073,0.431,0.757,286.685,64.899,21.639,Pitch
-0.063,0.735,0.311,286.685,58.266,13.248,Pitch
-0.031,1.181,0.734,286.685,58.494,48.300,Pitch
-0.019,1.067,0.285,286.685,39.042,83.099,Pitch
-0.117,0.928,-0.075,286.685,25.515,68.198,Pitch
-0.008,0.973,-0.137,195.134,32.533,7.411,Pitch
-0.094,0.879,-0.085,97.834,47.294,-14.149,Pitch
-0.114,0.809,-0.079,-53.952,-2.949,-23.695,Pitch
-0.054,0.882,-0.129,-166.854,-22.785,-26.661,Pitch
-0.109,1.176,0.192,-285.171,-29.601,-28.560,Pitch
-0.243,1.291,0.350,-286.685,-40.897,-32.147,Pitch
-0.152,1.128,0.504,-286.685,-54.836,-39.025,Pitch
-0.037,0.703,0.206,-286.685,-48.676,-22.382,Pitch
0.006,0.376,0.705,-286.685,-33.670,-25.323,Pitch
-0.187,0.191,0.981,-261.975,28.595,-66.894,Pitch
-0.096,0.399,1.298,-212.529,10.649,-41.239,Pitch
-0.107,0.188,1.055,-278.766,-57.803,-39.865,Pitch
-0.063,-0.092,0.760,-208.548,-60.165,-37.975,Pitch
-0.065,-0.207,0.776,-44.188,-32.664,-20.440,Pitch
0.036,-0.196,1.010,165.086,4.436,5.845,Pitch
0.125,-0.020,1.154,284.891,22.382,28.446,Pitch
-0.025,0.306,0.821,286.685,53.077,44.170,Pitch
-0.310,0.673,0.298,286.685,74.043,32.419,Pitch
-0.128,1.009,0.386,286.685,102.445,35.026,Pitch
-0.037,1.347,0.678,286.685,98.551,65.870,Pitch
-0.052,0.971,-0.049,286.685,84.175,100.214,Pitch
-0.048,0.917,-0.199,236.749,53.401,74.637,Pitch
-0.077,0.862,-0.324,102.323,39.077,46.086,Pitch
-0.100,0.852,-0.183,-12.556,2.362,4.655,Pitch
0.097,0.938,-0.013,-253.601,-58.406,-40.197,Pitch
0.040,1.317,0.023,-286.685,-70.376,-33.381,Pitch
-0.254,1.481,0.285,-286.685,-73.036,-25.305,Pitch
-0.066,0.745,0.141,-286.685,-73.815,-24.692,Pitch
0.183,0.244,0.529,-286.685,10.780,-70.455,Pitch
-0.250,0.417,1.079,-280.438,16.538,-73.080,Pitch
-0.253,0.207,1.222,-245.875,-40.381,-73.281,Pitch
0.068,0.114,1.136,-229.399,-41.265,-60.594,Pitch
-0.032,-0.081,0.852,-152.941,-27.326,-11.016,Pitch
-0.055,-0.104,0.938,82.652,-7.989,5.556,Pitch
-0.026,-0.091,0.877,262.797,25.664,17.999,Pitch
-0.071,0.400,0.924,286.685,104.370,5.311,Pitch
-0.276,0.707,0.512,286.685,120.759,-0.613,Pitch
-0.263,0.815,0.434,286.685,114.196,14.446,Pitch
0.027,1.097,0.203,286.685,125.239,28.604,Pitch
0.050,0.939,-0.024,286.685,113.636,97.624,Pitch
-0.263,0.853,-0.218,166.066,62.781,93.345,Pitch
-0.182,0.713,-0.268,39.393,16.301,70.534,Pitch
-0.049,0.800,-0.162,-184.266,-48.947,28.052,Pitch
0.164,1.331,0.239,-286.685,-94.395,-8.759,Pitch
-0.082,1.424,0.148,-286.685,-98.149,3.360,Pitch
-0.123,0.896,0.380,-286.685,-87.360,0.683,Pitch
-0.227,-0.284,0.050,-286.685,-5.985,-46.200,Pitch
-0.143,0.285,1.449,-266.359,21.438,-84.551,Pitch
-0.133,0.341,1.690,-204.636,-10.517,-61.478,Pitch
-0.025,-0.040,0.964,-178.964,-36.759,-31.929,Pitch
0.113,-0.118,0.907,84.919,1.759,-2.196,Pitch
-0.060,0.229,0.734,286.685,67.419,5.093,Pitch
-0.010,0.665,0.919,286.685,99.969,-1.741,Pitch
-0.260,0.845,0.526,286.685,91.577,8.654,Pitch
-0.016,0.933,0.144,286.685,85.969,19.267,Pitch
0.000,1.077,0.006,286.685,131.792,59.771,Pitch
-0.054,1.011,0.019,286.633,104.781,88.524,Pitch
-0.181,0.882,-0.199,16.450,19.696,80.168,Pitch
-0.045,0.851,-0.198,-124.215,-33.162,56.359,Pitch
-0.002,1.039,0.102,-230.405,-52.124,37.940,Pitch
-0.061,1.450,0.336,-286.685,-71.636,21.927,Pitch
-0.172,1.382,0.318,-286.685,-72.625,-4.611,Pitch
0.198,0.524,0.363,-286.685,-63.376,4.218,Pitch
-0.132,-0.201,0.079,-286.685,-13.807,4.786,Pitch
-0.185,0.025,0.889,-266.814,30.389,-43.295,Pitch
0.086,0.141,1.345,-199.281,51.616,-65.861,Pitch
-0.016,0.029,0.871,-136.640,-51.100,-7.709,Pitch
-0.060,-0.238,0.666,-15.068,-24.474,4.594,Pitch
-0.022,-0.078,0.822,276.832,78.435,2.415,Pitch
-0.083,0.478,1.054,286.685,122.220,5.906,Pitch
-0.133,0.783,0.990,286.685,103.101,16.642,Pitch
-0.151,0.794,0.723,286.685,64.164,56.158,Pitch
0.131,0.810,0.129,286.685,99.698,75.801,Pitch
0.088,0.984,-0.065,286.685,112.849,89.941,Pitch
-0.087,1.088,-0.056,271.661,78.155,91.394,Pitch
-0.127,0.850,-0.269,2.021,-1.470,48.641,Pitch
0.017,0.858,-0.047,-122.430,-28.420,3.071,Pitch
0.057,0.966,0.001,-286.685,-79.853,-37.774,Pitch
-0.003,1.040,0.016,-286.685,-87.089,-41.178,Pitch
-0.023,1.091,0.437,-286.685,-45.307,-45.264,Pitch
-0.014,0.405,0.553,-286.685,-14.709,-29.138,Pitch
-0.209,-0.072,0.889,-286.685,52.360,-92.164,Pitch
-0.336,0.418,1.699,-232.321,46.576,-131.128,Pitch
-0.242,0.327,1.315,-286.169,-98.376,-50.085,Pitch
0.069,-0.347,0.647,-115.299,-84.044,-40.574,Pitch
0.119,-0.268,0.775,109.349,16.065,-26.792,Pitch
-0.077,0.225,0.875,286.685,90.221,-5.005,Pitch
-0.234,0.764,0.849,286.685,107.765,19.206,Pitch
-0.165,0.820,0.742,286.685,100.555,59.404,Pitch
0.068,0.989,0.661,286.685,94.404,79.188,Pitch
0.132,0.868,-0.117,286.685,77.647,114.319,Pitch
-0.081,1.115,0.032,251.729,48.589,100.940,Pitch
-0.091,1.072,0.054,41.002,18.235,84.166,Pitch
-0.141,1.030,0.180,-269.955,-47.950,28.542,Pitch
-0.094,1.267,0.067,-286.685,-123.183,-4.883,Pitch
0.027,1.054,0.590,-286.685,-103.469,-17.780,Pitch
0.049,0.561,0.384,-286.685,-50.181,-15.908,Pitch
-0.116,0.221,0.824,-286.685,60.016,-52.666,Pitch
-0.104,0.142,1.103,-276.658,69.204,-78.409,Pitch
-0.106,0.134,1.192,-217.499,-28.779,-52.658,Pitch
-0.080,-0.089,0.815,-201.565,-48.746,-59.903,Pitch
0.036,-0.210,0.806,-70.744,-30.599,-35.998,Pitch
-0.028,-0.181,1.068,104.107,8.750,3.902,Pitch
-0.047,-0.073,1.139,280.000,29.295,23.284,Pitch
-0.026,0.176,1.039,286.685,50.146,28.280,Pitch
-0.162,0.323,0.437,286.685,93.870,13.825,Pitch
-0.184,0.867,0.522,286.685,138.845,16.310,Pitch
-0.197,1.106,0.655,286.685,137.961,32.331,Pitch
-0.011,1.113,0.310,286.685,108.062,69.930,Pitch
-0.085,1.104,0.171,286.396,65.397,89.390,Pitch
-0.110,0.957,-0.047,90.160,20.571,66.955,Pitch
-0.117,0.863,-0.049,-17.701,-2.537,37.424,Pitch
-0.053,0.948,0.122,-216.449,-45.159,-8.295,Pitch
-0.051,1.152,0.329,-286.685,-95.594,-28.744,Pitch
-0.121,1.093,0.437,-286.685,-122.500,-16.319,Pitch
-0.013,0.573,0.475,-286.685,-95.874,-18.970,Pitch
-0.113,0.131,0.818,-286.685,-2.809,-30.861,Pitch
-0.132,0.266,1.174,-228.200,35.009,-52.386,Pitch
-0.119,0.159,1.226,-203.219,-13.081,-48.204,Pitch
-0.108,0.044,0.989,-161.840,-52.202,-36.584,Pitch
0.010,-0.183,0.965,14.411,-44.039,-10.552,Pitch
0.045,-0.020,0.829,269.763,41.449,0.586,Pitch
0.015,0.373,0.818,286.685,85.374,2.809,Pitch
-0.140,0.735,0.619,286.685,112.009,1.190,Pitch
-0.110,1.071,0.843,286.685,73.710,42.875,Pitch
0.041,0.945,0.507,286.685,50.741,65.293,Pitch
0.113,0.878,0.153,286.685,74.226,72.607,Pitch
-0.086,0.966,0.036,217.656,70.324,79.030,Pitch
-0.162,0.991,0.036,2.240,40.154,46.952,Pitch
-0.125,0.955,0.061,-110.346,-14.648,18.935,Pitch
-0.088,1.082,0.222,-286.169,-43.181,5.040,Pitch
-0.098,1.353,0.476,-286.685,-82.889,-25.034,Pitch
-0.189,0.888,0.354,-286.685,-109.200,-38.596,Pitch
0.125,0.175,0.366,-286.685,-50.838,-35.586,Pitch
-0.221,0.190,1.259,-286.685,40.871,-43.601,Pitch
-0.038,-0.049,1.000,-203.280,45.990,-72.529,Pitch
-0.088,-0.027,0.956,-94.369,-8.400,-45.272,Pitch
-0.116,-0.096,0.748,-25.042,-32.279,-35.709,Pitch
0.022,-0.095,0.691,198.048,-2.975,-11.751,Pitch
0.068,0.219,0.820,286.685,56.394,-2.695,Pitch
-0.107,0.501,0.737,286.685,55.344,16.756,Pitch
0.017,0.861,0.659,286.685,46.419,27.571,Pitch
-0.010,1.123,0.361,286.685,130.217,30.747,Pitch
-0.294,1.321,0.427,286.685,143.369,53.375,Pitch
-0.220,1.171,0.266,274.978,48.982,46.952,Pitch
-0.088,0.949,-0.171,97.711,2.432,46.200,Pitch
-0.060,1.039,-0.020,84.455,-12.495,14.910,Pitch
0.068,0.835,-0.104,-35.000,5.766,-25.603,Pitch
0.070,0.751,-0.083,-158.209,-3.797,-61.486,Pitch
-0.009,0.902,0.044,-286.685,-57.514,-87.605,Pitch
-0.206,1.147,0.313,-286.685,-113.960,-16.844,Pitch
-0.270,1.077,0.784,-286.685,-160.895,3.500,Pitch
-0.110,0.726,0.779,-286.685,-173.723,27.353,Pitch
0.007,0.297,0.914,-286.685,-109.909,-20.431,Pitch
0.103,0.297,1.171,-286.685,-88.235,-44.529,Pitch
0.197,-0.173,0.913,-233.564,-60.865,-34.344,Pitch
0.100,-0.186,0.976,-169.181,-68.836,-24.386,Pitch
0.192,-0.256,0.913,-12.005,-44.424,-38.036,Pitch
0.265,-0.117,0.961,189.928,3.850,-27.632,Pitch
0.215,0.059,1.067,280.753,53.917,-11.366,Pitch
0.022,0.284,0.942,286.685,109.812,-8.514,Pitch
-0.158,0.578,1.159,286.685,108.938,-3.299,Pitch
-0.059,0.666,0.873,286.685,37.555,-15.374,Pitch
0.014,0.778,0.429,286.685,-26.906,10.010,Pitch
0.221,0.905,0.003,286.685,-1.470,18.987,Pitch
0.036,0.968,0.321,286.685,78.750,-5.582,Pitch
-0.038,0.971,0.222,177.450,65.713,-47.259,Pitch
0.132,1.030,0.095,107.039,49.499,-32.147,Pitch
0.080,0.966,0.147,-85.531,22.400,-3.089,Pitch
-0.112,1.181,0.209,-286.685,-25.909,-8.977,Pitch
-0.203,1.329,0.223,-286.685,-72.231,-2.432,Pitch
-0.141,1.007,0.423,-286.685,-137.253,4.874,Pitch
0.166,0.289,0.531,-286.685,-142.345,4.935,Pitch
0.045,0.035,0.846,-286.685,-58.905,-6.834,Pitch
-0.109,0.019,1.153,-286.685,-5.644,-36.278,Pitch
0.112,-0.170,1.100,-217.131,-25.629,-35.840,Pitch
0.095,-0.257,1.019,-100.240,-60.673,-6.125,Pitch
0.200,-0.395,0.925,96.110,-9.170,0.044,Pitch
0.294,-0.219,0.918,257.731,56.700,3.806,Pitch
0.119,0.196,0.921,286.685,117.408,8.557,Pitch
-0.166,0.813,1.199,286.685,125.221,12.250,Pitch
-0.118,0.680,0.838,286.685,126.236,-14.700,Pitch
0.043,0.906,0.643,286.685,141.645,-18.603,Pitch
-0.081,1.000,0.193,286.685,166.556,-6.055,Pitch
-0.146,0.956,0.047,286.685,136.045,-7.245,Pitch
-0.103,0.873,-0.124,225.094,102.454,-5.504,Pitch
-0.111,0.797,-0.226,9.818,34.982,6.134,Pitch
-0.040,0.866,0.005,-237.186,-30.433,-8.295,Pitch
-0.009,1.094,0.038,-286.685,-86.152,-10.920,Pitch
-0.433,1.262,0.234,-286.685,-110.381,-19.819,Pitch
-0.054,0.748,0.293,-286.685,-159.232,-65.082,Pitch
0.005,0.149,0.643,-286.685,-139.816,-65.494,Pitch
-0.144,-0.057,0.904,-286.685,-111.256,-94.815,Pitch
0.066,-0.301,0.900,-286.685,-109.769,-85.094,Pitch
0.229,-0.369,1.030,-204.759,-122.850,-33.880,Pitch
0.218,-0.543,0.941,-28.070,-96.294,26.924,Pitch
0.315,-0.376,1.077,193.821,0.157,38.386,Pitch
0.223,-0.022,1.126,286.685,88.436,30.721,Pitch
0.087,0.174,0.939,286.685,133.473,15.855,Pitch
-0.210,0.453,0.737,286.685,153.878,-8.278,Pitch
-0.151,0.893,0.779,286.685,144.856,-34.842,Pitch
0.123,1.127,0.569,286.685,140.796,-14.586,Pitch
0.083,1.016,0.043,286.685,122.465,28.017,Pitch
-0.061,0.932,-0.110,286.685,99.365,38.614,Pitch
-0.135,0.898,-0.235,170.625,78.251,9.502,Pitch
-0.091,0.899,-0.146,75.058,38.307,10.972,Pitch
-0.053,0.797,-0.231,-99.628,-13.038,-7.210,Pitch
0.013,1.029,-0.013,-283.062,-77.280,-13.667,Pitch
-0.255,1.320,0.123,-286.685,-130.253,-2.922,Pitch
-0.280,1.257,0.222,-286.685,-129.850,-16.327,Pitch
0.011,0.531,0.366,-286.685,-106.969,-46.673,Pitch
0.147,0.171,0.637,-286.685,-57.347,-59.693,Pitch
-0.240,0.140,1.120,-286.685,-0.280,-59.150,Pitch
-0.135,0.063,1.141,-269.019,-30.389,-70.105,Pitch
0.049,-0.063,1.053,-200.148,-92.514,-32.734,Pitch
0.055,-0.298,0.954,-57.103,-80.771,2.651,Pitch
0.146,-0.200,1.070,205.564,19.705,10.115,Pitch
0.087,0.039,1.100,286.685,71.146,13.011,Pitch
-0.147,0.494,0.995,286.685,130.305,8.846,Pitch
-0.182,0.831,0.909,286.685,138.276,-8.234,Pitch
0.052,0.952,0.614,286.685,128.415,12.836,Pitch
-0.006,0.987,0.122,286.685,163.292,41.440,Pitch
-0.126,1.088,0.141,286.685,116.970,65.957,Pitch
-0.074,0.837,-0.194,98.192,51.222,72.284,Pitch
-0.056,0.812,-0.139,-1.304,15.540,64.286,Pitch
-0.110,0.917,0.078,-188.738,-35.035,29.094,Pitch
-0.169,1.156,0.099,-286.685,-96.731,-20.064,Pitch
-0.154,1.254,0.355,-286.685,-98.700,-42.691,Pitch
0.005,0.909,0.433,-286.685,-73.019,-38.719,Pitch
0.041,0.159,0.555,-286.685,-39.165,-65.065,Pitch
-0.176,0.087,1.028,-286.685,51.537,-118.554,Pitch
-0.155,0.128,1.279,-286.685,25.760,-124.162,Pitch
-0.099,-0.172,0.996,-251.046,-75.241,-78.838,Pitch
0.142,-0.461,0.781,-103.749,-58.966,-43.146,Pitch
0.093,-0.295,1.075,172.909,8.540,7.149,Pitch
0.064,-0.038,1.156,284.340,46.839,40.810,Pitch
-0.053,0.287,1.063,286.685,85.881,50.129,Pitch
-0.267,0.494,0.785,286.685,124.346,44.669,Pitch
-0.120,0.877,0.757,286.685,144.708,40.320,Pitch
-0.034,0.898,0.348,286.685,139.676,52.281,Pitch
-0.148,1.049,-0.011,286.685,88.445,83.755,Pitch
-0.162,1.100,0.120,278.897,28.359,72.450,Pitch
-0.167,0.934,-0.048,82.408,3.106,41.711,Pitch
-0.069,0.839,-0.091,25.025,-9.494,23.730,Pitch
-0.129,0.931,0.186,-142.266,-29.855,-8.899,Pitch
-0.171,1.125,0.056,-286.685,-92.942,-50.006,Pitch
-0.232,1.186,0.199,-286.685,-117.294,-54.206,Pitch
-0.058,1.102,0.518,-286.685,-123.918,-29.312,Pitch
0.142,0.119,0.169,-286.685,-110.985,-20.177,Pitch
-0.123,0.031,0.884,-286.685,-16.161,-55.720,Pitch
-0.039,-0.043,1.284,-268.992,-5.171,-73.920,Pitch
-0.109,-0.054,1.250,-208.320,-76.939,-20.580,Pitch
-0.043,-0.332,0.860,-145.434,-105.271,-9.914,Pitch
0.146,-0.357,1.051,95.804,-20.965,1.295,Pitch
0.076,-0.010,1.234,286.650,45.255,27.843,Pitch
-0.004,0.233,1.126,286.685,83.484,30.660,Pitch
-0.135,0.642,0.973,286.685,128.083,22.960,Pitch
-0.258,0.806,0.793,286.685,150.054,27.247,Pitch
-0.059,0.956,0.050,286.685,127.916,24.132,Pitch
0.121,1.037,0.008,286.685,108.658,48.842,Pitch
-0.080,0.982,0.082,251.352,68.897,73.710,Pitch
-0.174,0.759,-0.017,-133.665,-33.329,57.181,Pitch
-0.113,0.947,0.040,-282.704,-132.143,38.745,Pitch
-0.075,1.132,0.090,-286.685,-158.585,39.095,Pitch
-0.046,1.066,0.213,-286.685,-125.309,19.994,Pitch
0.349,0.235,0.234,-286.685,-92.094,1.452,Pitch
0.307,-0.083,0.780,-286.685,-13.781,14.604,Pitch
-0.155,0.046,1.230,-286.641,30.782,-8.890,Pitch
0.029,-0.023,1.258,-219.747,-21.997,-12.084,Pitch
-0.014,-0.168,0.934,-134.356,-18.331,-6.904,Pitch
0.105,-0.275,1.217,47.364,23.923,6.090,Pitch
0.064,-0.083,1.205,276.797,77.219,24.176,Pitch
-0.005,0.286,1.071,286.685,134.794,24.920,Pitch
-0.257,0.604,0.943,286.685,165.725,17.850,Pitch
-0.297,0.940,1.039,286.685,154.473,24.474,Pitch
0.002,0.916,0.242,286.685,89.136,66.649,Pitch
0.101,0.821,-0.022,286.685,68.075,86.310,Pitch
-0.015,0.805,-0.085,227.701,36.689,63.385,Pitch
-0.099,0.721,-0.152,-65.975,-47.127,30.205,Pitch
-0.062,0.902,0.045,-279.851,-139.746,14.525,Pitch
-0.028,1.026,-0.066,-286.685,-161.140,15.172,Pitch
0.046,0.875,0.165,-286.685,-122.491,12.504,Pitch
0.242,0.313,0.379,-286.685,-75.871,12.845,Pitch
-0.054,0.065,1.044,-286.685,24.159,12.705,Pitch
-0.215,0.110,1.208,-286.685,33.040,-34.729,Pitch
-0.000,0.015,1.219,-262.964,-1.304,-37.126,Pitch
0.058,-0.265,0.962,-236.180,-45.658,-21.341,Pitch
0.027,-0.314,1.155,-20.571,-1.444,3.229,Pitch
0.050,-0.279,1.177,148.977,61.959,15.584,Pitch
-0.023,0.125,1.322,286.685,104.169,30.030,Pitch
-0.195,0.417,1.120,286.685,124.933,30.914,Pitch
-0.317,0.725,0.804,286.685,126.315,44.345,Pitch
-0.239,0.870,0.839,286.685,93.152,60.235,Pitch
0.124,0.771,0.023,286.685,96.040,69.895,Pitch
0.099,0.841,-0.155,286.685,105.744,79.677,Pitch
-0.047,0.918,-0.110,111.230,44.599,64.654,Pitch
-0.137,0.690,-0.169,-64.960,-29.593,55.466,Pitch
-0.035,0.846,-0.003,-260.138,-115.824,10.544,Pitch
0.010,1.161,0.142,-286.685,-160.807,4.366,Pitch
-0.005,1.183,0.405,-286.685,-149.249,30.406,Pitch
0.094,0.524,0.372,-286.685,-105.131,6.851,Pitch
0.197,-0.067,0.497,-286.685,14.140,-10.745,Pitch
-0.150,0.156,1.348,-286.685,42.472,-11.489,Pitch
-0.135,0.053,1.245,-260.015,14.770,-15.059,Pitch
0.035,-0.343,0.978,-143.360,-3.736,-34.694,Pitch
0.115,-0.217,1.151,166.696,39.909,-4.445,Pitch
0.014,0.141,1.000,286.685,85.181,21.446,Pitch
-0.109,0.497,0.788,286.685,121.546,19.635,Pitch
-0.253,1.095,0.890,286.685,108.552,36.006,Pitch
-0.151,0.924,0.605,286.685,54.880,70.849,Pitch
0.027,0.724,-0.041,286.685,89.933,75.294,Pitch
0.076,0.845,-0.166,286.685,89.408,80.535,Pitch
-0.032,0.766,-0.210,90.247,1.111,74.804,Pitch
-0.002,0.837,-0.040,-160.720,-79.905,37.179,Pitch
0.088,0.946,0.030,-265.134,-93.170,7.805,Pitch
0.011,1.086,0.159,-286.685,-94.150,-6.624,Pitch
-0.011,1.036,0.330,-286.685,-91.796,-1.540,Pitch
0.196,0.491,0.399,-286.685,-40.897,-24.859,Pitch
0.197,0.249,0.680,-286.685,-12.994,-5.661,Pitch
-0.236,0.185,0.938,-286.685,28.595,-10.535,Pitch
-0.029,0.078,1.140,-269.386,10.185,-44.678,Pitch
0.010,0.063,1.272,-173.967,-24.395,-13.965,Pitch
-0.097,-0.241,1.037,-49.534,-23.109,-8.767,Pitch
0.031,-0.127,1.051,260.706,66.806,-12.399,Pitch
-0.025,0.485,1.149,286.685,101.412,-4.244,Pitch
-0.176,0.686,0.887,286.685,119.831,0.306,Pitch
-0.251,0.911,0.901,286.685,154.971,30.196,Pitch
-0.013,0.754,0.394,286.685,121.940,54.775,Pitch
0.034,0.795,-0.133,286.685,74.497,88.261,Pitch
0.003,0.928,-0.161,286.405,48.046,93.319,Pitch
-0.056,0.888,-0.092,85.330,8.172,69.493,Pitch
0.005,0.870,-0.056,-50.601,-10.876,19.976,Pitch
-0.016,0.933,0.094,-153.904,-55.195,-18.926,Pitch
-0.056,1.107,0.039,-286.685,-107.800,-20.116,Pitch
-0.067,1.196,0.315,-286.685,-153.029,12.276,Pitch
0.066,0.748,0.486,-286.685,-135.284,18.235,Pitch
0.098,0.388,0.628,-286.685,-35.814,-16.879,Pitch
0.036,0.412,1.077,-286.685,-12.163,-8.068,Pitch
-0.042,0.238,1.085,-240.791,-12.985,-4.926,Pitch
-0.041,0.139,1.129,-202.466,-24.045,-22.584,Pitch
0.055,0.036,1.052,-133.096,-33.119,-17.675,Pitch
0.001,-0.011,1.068,80.526,30.048,-20.519,Pitch
-0.024,0.235,1.146,286.659,106.050,-30.266,Pitch
-0.027,0.645,1.078,286.685,122.850,-4.016,Pitch
-0.177,0.738,0.947,286.685,124.101,26.504,Pitch
-0.166,0.796,0.817,286.685,92.365,54.478,Pitch
0.073,0.630,-0.039,286.685,82.766,54.250,Pitch
0.113,0.812,-0.272,286.685,80.658,42.709,Pitch
0.037,0.957,-0.120,127.470,52.019,44.354,Pitch
0.060,0.791,-0.135,-69.484,-5.233,42.726,Pitch
-0.079,0.819,-0.009,-184.476,-53.340,8.094,Pitch
-0.019,0.949,0.027,-285.416,-91.026,-22.916,Pitch
0.121,0.869,0.225,-286.685,-101.929,-8.549,Pitch
0.010,0.557,0.452,-286.685,-86.433,-4.760,Pitch
0.107,0.403,0.688,-286.685,-50.243,-27.484,Pitch
-0.070,0.227,0.998,-286.685,-27.458,-30.284,Pitch
-0.050,0.453,1.434,-286.685,-44.074,-19.390,Pitch
-0.154,0.091,1.336,-233.048,-78.978,-1.636,Pitch
0.062,-0.070,1.153,-105.455,-53.086,-20.510,Pitch
0.086,0.021,1.102,132.440,41.011,-17.701,Pitch
-0.035,0.359,1.291,286.685,82.495,-15.041,Pitch
0.021,0.586,0.917,286.685,134.916,-29.794,Pitch
-0.066,0.702,0.569,286.685,164.089,-10.736,Pitch
-0.221,0.878,0.534,286.685,144.515,13.011,Pitch
-0.003,0.759,-0.073,286.685,108.614,33.355,Pitch
0.009,0.905,-0.250,286.589,80.062,40.749,Pitch
-0.025,0.885,-0.273,176.330,45.500,50.417,Pitch
-0.023,0.803,-0.268,36.286,-3.701,46.638,Pitch
-0.016,0.799,-0.174,-50.076,-25.489,13.134,Pitch
-0.079,0.912,0.026,-190.724,-75.119,-4.497,Pitch
0.148,1.158,-0.044,-286.685,-159.950,6.685,Pitch
-0.188,1.112,0.407,-286.685,-154.053,41.256,Pitch
0.088,0.808,0.431,-286.685,-136.981,34.414,Pitch
0.194,0.366,0.425,-286.685,-109.174,51.188,Pitch
0.032,0.084,0.831,-286.685,-31.868,23.958,Pitch
-0.078,0.074,1.248,-286.685,-10.605,-9.398,Pitch
0.131,-0.094,1.174,-194.635,-49.814,-0.455,Pitch
0.103,-0.185,0.993,-106.286,-31.552,15.453,Pitch
0.144,-0.275,1.091,109.585,25.121,5.827,Pitch
0.093,-0.013,1.172,286.685,60.751,-3.684,Pitch
0.133,0.235,1.072,286.685,75.250,-15.899,Pitch
-0.078,0.613,0.872,286.685,125.099,-29.942,Pitch
-0.020,0.838,0.715,286.685,141.575,-15.374,Pitch
0.038,0.900,0.300,286.685,81.961,30.459,Pitch
0.108,0.833,-0.122,286.685,68.198,50.557,Pitch
-0.011,0.990,-0.001,275.258,82.031,31.255,Pitch
0.019,0.835,-0.144,19.880,34.221,20.834,Pitch
0.041,0.834,-0.057,-188.169,-42.306,18.226,Pitch
0.081,0.959,0.007,-286.685,-82.215,0.035,Pitch
-0.119,1.130,0.378,-286.685,-99.216,13.414,Pitch
-0.046,0.905,0.622,-286.685,-95.812,-7.674,Pitch
0.207,0.493,0.547,-286.685,-71.908,-7.227,Pitch
-0.043,0.158,1.008,-286.685,4.795,3.386,Pitch
-0.073,-0.015,1.159,-286.668,9.502,-9.249,Pitch
-0.078,-0.156,1.000,-231.691,-15.243,-17.220,Pitch
0.051,-0.268,1.033,-106.374,-30.590,0.805,Pitch
0.000,-0.299,1.054,63.175,0.394,6.352,Pitch
0.087,-0.146,1.067,278.495,47.399,6.729,Pitch
0.038,0.375,1.218,286.685,73.342,1.785,Pitch
-0.181,0.531,0.957,286.685,97.580,-12.189,Pitch
-0.218,0.707,0.970,286.685,69.300,-24.106,Pitch
0.318,0.712,0.218,286.685,122.439,6.501,Pitch
0.175,0.702,-0.322,286.685,172.550,73.482,Pitch
-0.142,1.133,0.017,286.668,136.456,64.461,Pitch
-0.058,0.897,-0.235,33.836,38.167,57.794,Pitch
-0.020,0.741,-0.225,-65.091,-16.861,52.089,Pitch
-0.026,0.811,-0.058,-149.214,-45.115,19.635,Pitch
-0.007,1.103,0.027,-286.685,-102.401,-18.270,Pitch
-0.048,1.187,0.306,-286.685,-116.935,-13.335,Pitch
-0.094,0.731,0.452,-286.685,-103.827,-19.451,Pitch
0.221,0.174,0.607,-286.685,-52.132,-25.191,Pitch
-0.003,0.124,0.977,-286.685,7.298,-26.425,Pitch
-0.046,-0.111,1.283,-259.035,15.601,-31.728,Pitch
-0.069,-0.267,0.996,-177.800,-14.595,-34.764,Pitch
0.042,-0.276,1.073,6.790,1.960,-12.425,Pitch
0.064,-0.210,1.091,143.404,41.632,-9.310,Pitch
0.021,0.107,1.084,286.685,82.539,-4.489,Pitch
-0.190,0.563,0.997,286.685,98.787,-1.505,Pitch
-0.199,0.717,0.970,286.685,83.335,11.410,Pitch
0.049,0.874,0.785,286.685,82.268,26.381,Pitch
0.116,0.736,-0.077,286.685,140.840,55.755,Pitch
-0.152,0.984,-0.126,282.940,100.756,45.351,Pitch
-0.112,1.017,-0.126,65.363,22.269,36.041,Pitch
-0.018,0.811,-0.128,-147.411,-52.850,44.222,Pitch
-0.060,0.894,0.016,-274.767,-77.332,5.512,Pitch
0.080,1.051,0.151,-286.685,-115.246,-17.728,Pitch
0.043,0.979,0.303,-286.685,-117.863,-5.530,Pitch
-0.029,0.590,0.607,-286.685,-113.741,1.636,Pitch
-0.090,0.215,0.968,-286.685,-61.206,-24.124,Pitch
0.038,-0.052,0.915,-280.219,-23.984,-39.182,Pitch
-0.007,-0.063,1.210,-196.831,-20.029,-29.671,Pitch
0.071,-0.206,1.094,-154.053,-27.265,-28.621,Pitch
0.068,-0.317,1.003,15.531,-0.998,-13.449,Pitch
0.053,-0.237,1.026,268.179,64.312,-17.360,Pitch
0.011,0.234,1.238,286.685,86.118,-8.951,Pitch
-0.067,0.462,1.001,286.685,93.599,-0.998,Pitch
-0.180,0.816,0.824,286.685,113.277,24.640,Pitch
-0.018,0.858,0.482,286.685,126.464,25.716,Pitch
0.024,0.983,-0.022,286.685,114.152,41.309,Pitch
0.034,0.997,-0.052,270.664,75.924,46.576,Pitch
-0.063,0.794,-0.221,-40.425,8.724,43.549,Pitch
-0.007,0.752,-0.161,-133.105,-17.439,29.216,Pitch
0.006,0.816,-0.086,-281.592,-46.909,-10.483,Pitch
-0.119,0.946,0.231,-286.685,-96.775,-21.490,Pitch
-0.150,0.914,0.403,-286.685,-133.735,-40.022,Pitch
0.224,0.334,0.270,-286.685,-116.760,-29.916,Pitch
0.017,0.139,1.117,-286.685,-2.345,-15.094,Pitch
-0.160,-0.057,1.338,-286.003,13.344,-18.025,Pitch
-0.152,-0.009,1.497,-212.135,-16.345,-37.914,Pitch
-0.067,-0.191,1.373,-103.311,-35.560,-17.911,Pitch
0.044,-0.356,1.159,172.830,18.690,11.900,Pitch
0.057,0.189,1.097,286.685,120.137,8.776,Pitch
-0.185,0.581,0.733,286.685,179.996,4.497,Pitch
-0.193,0.850,0.567,286.685,171.658,17.334,Pitch
-0.085,0.889,0.463,286.685,109.900,59.430,Pitch
0.008,0.767,-0.027,286.685,86.573,52.421,Pitch
0.124,0.903,-0.076,243.792,65.249,61.819,Pitch
-0.028,0.764,-0.252,11.261,18.839,70.893,Pitch
-0.133,0.856,-0.055,-147.376,-43.339,33.862,Pitch
-0.125,1.061,0.145,-263.209,-78.628,-6.746,Pitch
-0.097,1.145,0.289,-286.685,-104.081,-12.705,Pitch
-0.115,1.000,0.298,-286.685,-140.630,-21.000,Pitch
0.085,0.694,0.728,-286.685,-158.550,-3.780,Pitch
0.032,0.234,1.111,-286.685,-117.793,36.190,Pitch
0.097,-0.230,0.690,-255.106,-19.320,5.381,Pitch
0.013,-0.012,1.196,-112.647,35.263,-18.296,Pitch
-0.106,-0.087,1.285,-46.209,-9.021,-4.979,Pitch
0.111,-0.108,1.154,106.750,-49.647,-2.485,Pitch
0.121,-0.097,0.920,271.119,-1.592,-11.533,Pitch
0.045,0.331,0.936,286.685,85.251,-37.669,Pitch
-0.056,0.783,0.993,286.685,125.886,-11.113,Pitch
-0.136,0.828,0.738,286.685,122.080,23.573,Pitch
0.026,0.834,0.290,286.685,115.622,34.667,Pitch
0.043,0.961,-0.041,286.685,125.300,40.355,Pitch
-0.033,0.935,-0.181,200.235,62.072,48.580,Pitch
-0.014,0.776,-0.319,4.524,0.271,44.406,Pitch
0.065,0.756,-0.246,-20.676,-4.191,20.501,Pitch
0.093,0.785,-0.225,-98.061,-11.550,-23.424,Pitch
-0.006,0.982,0.002,-272.283,-60.576,-45.447,Pitch
-0.085,1.156,0.126,-286.685,-101.780,-42.131,Pitch
-0.203,1.043,0.405,-286.685,-152.898,-28.849,Pitch
0.071,0.569,0.611,-286.685,-146.230,-40.127,Pitch
0.084,0.301,0.969,-286.685,-91.963,-24.981,Pitch
0.082,0.257,1.402,-286.020,-49.884,-13.632,Pitch
0.038,-0.030,1.015,-183.732,-20.580,-11.620,Pitch
0.076,-0.030,1.079,-4.156,10.062,-1.190,Pitch
0.005,-0.024,0.998,165.497,41.685,0.831,Pitch
-0.022,0.132,1.023,286.379,52.176,-8.951,Pitch
0.004,0.542,1.086,286.685,85.234,-36.899,Pitch
-0.125,0.725,0.894,286.685,105.823,-18.454,Pitch
0.026,0.867,0.660,286.685,108.701,6.974,Pitch
0.013,0.811,0.111,286.685,122.666,22.286,Pitch
-0.058,0.915,-0.057,286.685,121.161,27.667,Pitch
-0.025,0.898,-0.276,162.129,50.557,32.454,Pitch
-0.120,0.754,-0.296,47.854,2.905,33.040,Pitch
0.106,0.739,-0.247,36.838,6.773,10.745,Pitch
0.030,0.795,-0.216,3.176,4.506,-11.471,Pitch
-0.040,0.907,-0.151,-137.944,-51.459,-15.102,Pitch
-0.069,1.011,-0.063,-286.659,-105.254,-9.135,Pitch
-0.088,1.139,0.210,-286.685,-150.561,18.077,Pitch
-0.173,1.139,0.618,-286.685,-190.811,27.921,Pitch
0.202,0.507,0.506,-286.685,-120.662,13.195,Pitch
0.021,0.113,0.564,-286.685,-26.618,-3.421,Pitch
0.091,0.129,1.429,-199.054,6.344,0.403,Pitch
0.023,0.025,1.224,-143.185,8.627,-11.314,Pitch
-0.038,-0.084,1.120,-64.846,-33.530,8.260,Pitch
0.012,-0.244,0.890,10.456,-28.044,0.805,Pitch
0.144,0.036,0.968,284.279,23.100,-9.940,Pitch
0.067,0.518,1.121,286.685,100.389,-18.261,Pitch
-0.084,0.730,1.023,286.685,115.272,14.682,Pitch
-0.191,0.719,0.820,286.685,102.043,25.865,Pitch
0.037,0.926,0.622,286.685,74.848,21.438,Pitch
-0.016,0.921,0.025,286.685,86.730,24.596,Pitch
0.029,0.934,-0.104,259.193,85.908,30.993,Pitch
-0.022,0.826,-0.137,131.294,59.028,26.792,Pitch
-0.025,0.761,-0.197,18.812,-7.324,22.181,Pitch
0.017,0.838,-0.035,-5.355,-7.114,-9.039,Pitch
0.058,0.879,0.095,-101.360,-22.794,-13.991,Pitch
0.032,1.002,0.115,-286.685,-67.156,-2.905,Pitch
-0.144,1.168,0.504,-286.685,-135.126,15.549,Pitch
-0.029,0.605,0.644,-286.685,-116.725,14.306,Pitch
-0.109,0.325,0.821,-286.685,-57.584,-13.466,Pitch
0.114,0.052,1.378,-286.685,11.323,-30.039,Pitch
-0.044,-0.082,1.149,-205.625,11.734,-32.996,Pitch
-0.054,-0.065,1.134,-142.091,-20.799,-21.726,Pitch
0.064,-0.346,1.009,-4.611,6.370,-20.221,Pitch
-0.036,-0.131,1.160,248.587,51.257,-8.286,Pitch
-0.015,0.299,1.271,286.685,45.351,-11.716,Pitch
-0.075,0.440,1.072,286.685,63.490,-6.562,Pitch
-0.196,0.678,0.939,286.685,69.991,3.736,Pitch
0.079,0.766,0.597,286.685,61.355,-10.001,Pitch
0.103,0.802,-0.046,286.685,130.165,3.299,Pitch
0.048,0.884,-0.142,286.685,136.762,28.122,Pitch
-0.128,0.886,-0.095,176.479,92.470,49.744,Pitch
-0.072,0.829,-0.221,2.739,7.866,42.394,Pitch
0.008,0.851,-0.038,-46.646,-7.901,18.996,Pitch
-0.019,0.828,0.021,-169.050,-21.184,-10.404,Pitch
0.016,1.080,0.131,-286.685,-61.749,-22.487,Pitch
-0.320,1.155,0.515,-286.685,-103.014,10.369,Pitch
-0.179,0.772,0.566,-286.685,-144.751,-12.443,Pitch
0.143,0.336,0.737,-286.685,-113.610,-18.725,Pitch
-0.057,0.095,1.055,-286.685,-34.772,-35.088,Pitch
0.112,-0.061,1.178,-158.139,-19.407,-13.773,Pitch
0.011,-0.035,1.193,-36.549,-8.706,1.794,Pitch
0.047,-0.108,0.981,75.066,6.081,-1.575,Pitch
0.054,0.182,0.947,282.879,53.611,-13.212,Pitch
-0.090,0.503,0.802,286.685,91.201,-25.069,Pitch
-0.082,0.725,0.806,286.685,98.271,-31.605,Pitch
0.055,0.974,0.578,286.685,133.394,-18.681,Pitch
-0.013,1.048,0.249,286.685,174.921,15.899,Pitch
-0.034,0.978,-0.047,286.685,146.449,70.665,Pitch
-0.057,0.828,-0.265,169.934,79.599,91.954,Pitch
0.068,0.744,-0.341,-92.680,-29.837,82.652,Pitch
0.027,0.962,0.065,-278.591,-96.775,40.862,Pitch
-0.076,1.137,0.276,-286.685,-145.784,6.764,Pitch
-0.060,1.126,0.462,-286.685,-152.539,-6.160,Pitch
0.183,0.676,0.734,-286.685,-124.661,10.911,Pitch
-0.026,0.070,0.821,-286.685,-35.411,1.330,Pitch
-0.099,-0.147,0.841,-286.668,2.616,-35.893,Pitch
0.140,-0.082,1.280,-149.931,15.995,-23.677,Pitch
-0.077,-0.124,1.039,-67.104,-28.683,7.866,Pitch
0.042,-0.160,0.930,30.074,-9.240,-11.611,Pitch
0.123,-0.018,1.031,138.801,8.356,-15.225,Pitch
0.170,0.149,1.057,251.090,36.006,-8.846,Pitch
0.042,0.433,1.149,286.685,75.320,-18.882,Pitch
-0.021,0.481,0.852,286.685,103.259,-33.950,Pitch
-0.000,0.813,0.911,286.685,118.650,-33.460,Pitch
-0.021,0.976,0.728,286.685,104.195,-14.604,Pitch
-0.005,0.900,0.234,286.685,99.829,14.140,Pitch
0.039,0.798,0.052,286.685,107.599,30.511,Pitch
-0.050,0.822,-0.025,224.122,104.291,26.591,Pitch
0.017,0.759,-0.077,-4.034,23.634,32.795,Pitch
0.112,0.805,-0.050,-223.790,-50.347,28.210,Pitch
-0.052,0.985,0.166,-286.685,-83.991,14.700,Pitch
-0.370,1.089,0.641,-286.685,-164.824,2.581,Pitch
0.051,0.702,0.703,-286.685,-161.070,-30.048,Pitch
0.190,0.254,0.761,-286.685,-15.312,-29.059,Pitch
-0.140,0.226,1.239,-263.051,72.581,-59.185,Pitch
-0.052,0.228,1.233,-173.136,-7.551,-45.780,Pitch
-0.007,0.104,0.884,-76.912,-67.961,-15.199,Pitch
0.036,0.103,0.790,-2.931,-49.822,-13.834,Pitch
0.142,0.139,0.832,167.099,-0.805,-13.877,Pitch
0.021,0.355,0.989,285.854,67.016,-7.849,Pitch
-0.004,0.635,0.999,286.685,89.460,-3.859,Pitch
-0.112,0.706,0.896,286.685,84.149,-0.192,Pitch
-0.038,0.854,0.650,286.685,105.411,-16.782,Pitch
-0.087,0.940,0.424,286.685,115.378,-1.505,Pitch
-0.123,0.957,0.284,286.685,94.430,41.221,Pitch
-0.178,0.942,0.177,209.178,54.714,59.675,Pitch
-0.139,0.898,0.085,92.934,22.514,52.307,Pitch
-0.110,0.893,-0.010,9.608,-9.266,31.386,Pitch
-0.005,0.921,0.070,-28.044,-25.611,29.409,Pitch
0.010,1.005,0.188,-257.635,-67.331,44.406,Pitch
-0.127,1.143,0.391,-286.685,-152.355,61.390,Pitch
-0.056,0.974,0.516,-286.685,-200.165,57.514,Pitch
0.267,0.493,0.507,-286.685,-126.131,29.767,Pitch
-0.016,0.163,0.810,-286.685,40.049,-32.839,Pitch
0.204,0.328,1.332,-214.436,38.955,-32.016,Pitch
-0.001,0.189,1.123,-198.144,-2.214,17.001,Pitch
-0.001,0.085,1.094,-97.982,23.415,4.191,Pitch
0.005,0.069,0.978,113.680,59.185,-6.615,Pitch
0.000,0.267,0.861,286.527,90.116,-18.515,Pitch
-0.088,0.542,0.844,286.685,94.929,-25.620,Pitch
-0.164,0.890,0.901,286.685,94.955,-37.362,Pitch
0.012,0.968,0.783,286.685,75.609,-22.759,Pitch
-0.017,0.955,0.586,286.685,89.145,-17.343,Pitch
-0.039,0.861,0.128,286.685,74.769,4.095,Pitch
-0.014,0.905,0.188,160.405,31.509,42.035,Pitch
-0.035,0.686,0.090,-147.122,-1.452,41.991,Pitch
-0.103,0.856,0.236,-284.611,-31.833,26.302,Pitch
-0.049,1.096,0.408,-286.685,-71.846,30.923,Pitch
-0.192,0.737,0.474,-286.685,-87.334,23.188,Pitch
-0.123,0.397,0.782,-286.685,-39.165,-41.939,Pitch
-0.178,0.422,1.081,-286.685,-36.741,-53.725,Pitch
0.039,0.094,1.032,-252.499,-96.723,-21.823,Pitch
0.063,-0.028,1.032,-217.551,-79.485,-20.755,Pitch
0.126,-0.016,1.069,-133.210,-66.754,-11.121,Pitch
0.072,-0.015,1.114,-1.155,-24.587,-10.071,Pitch
0.136,0.036,1.099,155.584,15.873,-11.051,Pitch
0.112,0.261,1.136,285.897,67.926,-13.965,Pitch
-0.011,0.404,1.032,286.685,99.321,-20.536,Pitch
-0.162,0.563,0.804,286.685,130.034,-37.625,Pitch
0.036,0.893,0.795,286.685,145.652,-33.425,Pitch
-0.003,0.907,0.406,286.685,174.475,-8.934,Pitch
-0.052,0.933,0.212,286.685,126.044,28.052,Pitch
-0.058,0.945,0.073,143.911,60.882,55.877,Pitch
-0.073,0.801,-0.053,44.748,44.275,37.275,Pitch
-0.054,0.798,0.053,-38.369,11.874,14.971,Pitch
-0.086,0.932,0.186,-189.254,-33.285,2.126,Pitch
-0.141,1.072,0.288,-286.685,-99.636,16.747,Pitch
-0.064,0.895,0.375,-286.685,-152.976,31.185,Pitch
-0.018,0.525,0.442,-286.685,-152.723,19.478,Pitch
-0.004,0.349,0.877,-286.685,-74.270,-30.424,Pitch
-0.071,0.099,0.973,-285.775,-33.854,-41.291,Pitch
0.062,0.062,1.266,-156.852,-21.035,-31.649,Pitch
-0.017,0.033,1.222,-110.784,-24.360,-11.725,Pitch
-0.006,-0.048,1.091,9.861,10.623,-9.047,Pitch
0.008,-0.032,0.975,196.525,67.541,-14.201,Pitch
-0.106,0.313,1.138,286.685,88.944,-18.812,Pitch
-0.173,0.597,1.125,286.685,99.041,-22.076,Pitch
-0.102,0.874,1.208,286.685,80.850,-11.559,Pitch
0.158,0.851,0.421,286.685,144.357,-4.690,Pitch
0.207,0.622,-0.154,286.685,185.019,28.166,Pitch
0.024,0.805,-0.097,278.845,122.150,81.287,Pitch
0.015,0.624,-0.231,-20.913,-10.071,109.979,Pitch
0.113,0.665,-0.194,-178.701,-62.615,68.294,Pitch
-0.024,0.694,-0.182,-282.686,-94.999,30.529,Pitch
0.062,0.911,0.214,-286.685,-126.079,-3.483,Pitch
0.069,0.774,0.593,-286.685,-93.100,-17.789,Pitch
0.117,0.637,0.779,-286.685,-43.531,-16.511,Pitch
-0.217,0.378,0.887,-286.685,-24.684,-29.846,Pitch
0.078,0.191,1.147,-286.650,-41.956,-36.759,Pitch
-0.043,0.144,1.177,-227.211,-102.445,-2.459,Pitch
0.098,-0.003,0.931,-181.606,-90.073,0.298,Pitch
0.135,-0.031,1.016,-45.115,-5.819,-5.346,Pitch
0.141,0.113,1.222,61.530,39.069,-23.056,Pitch
0.165,0.217,1.281,69.387,30.949,-28.017,Pitch
0.143,0.438,1.206,51.091,22.759,0.306,Pitch
-0.019,0.158,1.091,8.846,-10.920,27.659,Pitch
0.111,0.008,0.921,16.301,-11.314,-30.529,Pitch
0.096,0.168,1.338,4.769,-34.361,-37.275,Pitch
0.197,0.041,0.951,48.344,-17.544,-7.508,Pitch
0.103,0.199,1.046,183.601,33.845,-27.694,Pitch
-0.060,0.397,0.929,286.685,63.682,-56.184,Pitch
-0.044,0.485,0.799,286.685,79.957,-65.590,Pitch
-0.075,0.703,0.912,286.685,103.355,-58.643,Pitch
-0.144,0.773,0.495,286.685,122.229,-48.440,Pitch
-0.032,0.848,0.224,286.685,119.857,-46.174,Pitch
-0.128,0.968,0.156,286.685,110.101,-23.704,Pitch
-0.086,0.876,-0.179,160.624,47.215,27.484,Pitch
-0.295,0.840,0.012,-111.615,-16.599,66.395,Pitch
-0.139,0.928,0.048,-246.566,-78.732,41.860,Pitch
-0.093,1.006,0.186,-286.685,-109.436,40.897,Pitch
-0.059,1.138,0.524,-286.685,-161.219,56.333,Pitch
0.387,0.651,0.677,-286.685,-157.789,100.581,Pitch
0.193,0.077,0.808,-286.685,-100.118,107.581,Pitch
-0.014,-0.056,0.988,-286.685,-13.291,-0.744,Pitch
0.158,-0.066,1.324,-127.662,-14.840,7.420,Pitch
-0.002,-0.035,1.276,-31.421,-27.125,16.931,Pitch
0.067,-0.208,0.989,56.018,-25.673,-0.595,Pitch
0.256,0.052,0.992,246.479,31.876,-27.878,Pitch
0.118,0.347,0.883,286.685,87.981,-39.856,Pitch
0.065,0.584,0.869,286.685,118.948,-43.750,Pitch
-0.156,0.772,0.768,286.685,119.149,-53.025,Pitch
-0.044,0.965,0.650,286.685,105.770,-68.128,Pitch
-0.030,1.052,0.339,286.685,97.650,-37.161,Pitch
0.010,0.934,0.144,286.685,82.066,0.131,Pitch
-0.097,0.942,-0.004,245.569,60.480,32.970,Pitch
-0.081,0.941,-0.121,115.649,43.295,19.285,Pitch
-0.107,0.839,-0.087,59.202,29.470,4.401,Pitch
-0.047,0.752,-0.059,-32.769,11.786,-17.859,Pitch
0.112,0.874,-0.054,-249.113,-33.915,-9.432,Pitch
-0.222,1.067,0.158,-286.685,-97.046,49.586,Pitch
-0.179,1.101,0.368,-286.685,-175.648,60.996,Pitch
0.208,0.877,0.431,-286.685,-185.421,60.734,Pitch
0.152,0.237,0.564,-286.685,-75.749,57.330,Pitch
-0.275,-0.021,1.191,-282.704,-18.191,-3.553,Pitch
0.113,0.112,1.465,-175.341,-32.856,-42.560,Pitch
0.070,-0.154,1.184,-70.280,-8.802,-11.533,Pitch
0.055,-0.102,1.186,77.079,16.135,-5.346,Pitch
0.132,0.042,1.063,280.700,61.661,-25.743,Pitch
0.055,0.502,1.139,286.685,105.228,-43.496,Pitch
-0.126,0.627,0.964,286.685,118.107,-30.879,Pitch
0.104,0.955,0.696,286.685,143.736,-59.167,Pitch
0.126,0.986,0.268,286.685,182.604,-43.461,Pitch
-0.110,0.967,-0.001,286.685,153.204,-4.664,Pitch
0.023,0.799,-0.217,197.102,70.753,52.264,Pitch
-0.038,0.682,-0.363,68.723,31.001,68.119,Pitch
-0.038,0.738,-0.304,59.220,17.981,44.826,Pitch
0.020,0.743,-0.148,-90.781,-25.646,3.684,Pitch
0.016,0.918,-0.151,-286.615,-59.430,-8.890,Pitch
-0.105,1.087,0.183,-286.685,-80.439,5.233,Pitch
-0.120,1.124,0.381,-286.685,-94.098,-2.564,Pitch
-0.015,0.874,0.714,-286.685,-116.209,-37.214,Pitch
0.006,0.496,0.925,-286.685,-105.866,-41.046,Pitch
-0.220,-0.005,0.981,-286.685,-143.325,-30.485,Pitch
0.020,-0.078,0.923,-268.354,-85.802,-60.812,Pitch
0.175,-0.073,1.245,-118.711,-37.949,-42.936,Pitch
0.013,-0.197,1.197,7.035,-41.650,9.931,Pitch
0.105,-0.293,0.794,200.585,29.129,-19.915,Pitch
0.199,0.230,1.088,286.685,82.171,-32.357,Pitch
0.065,0.605,1.002,286.685,171.955,-38.553,Pitch
-0.150,0.851,1.099,286.685,182.971,-29.733,Pitch
0.111,0.846,0.724,286.685,224.534,-50.050,Pitch
-0.093,0.874,-0.027,286.685,222.661,-30.739,Pitch
-0.029,0.936,-0.108,286.685,160.851,23.634,Pitch
-0.072,0.553,-0.499,92.706,72.905,87.378,Pitch
-0.037,0.609,-0.402,-23.301,1.251,102.357,Pitch
-0.014,0.726,-0.241,-171.727,-68.845,59.684,Pitch
-0.115,0.975,-0.035,-286.650,-100.966,0.726,Pitch
-0.116,1.067,0.146,-286.685,-104.466,-42.569,Pitch
0.063,0.962,0.169,-286.685,-91.700,-50.330,Pitch
0.013,0.803,0.563,-286.685,-114.100,17.001,Pitch
-0.115,0.410,0.848,-286.685,-95.979,-2.188,Pitch
-0.018,0.198,1.012,-286.685,-40.696,-52.159,Pitch
0.058,0.278,1.264,-245.096,-41.256,-24.474,Pitch
-0.093,0.059,1.204,-82.302,-19.792,8.243,Pitch
0.046,0.073,1.109,92.838,30.686,2.642,Pitch
-0.003,0.188,1.039,170.441,75.372,-3.010,Pitch
-0.088,0.569,1.095,286.685,91.376,-5.591,Pitch
-0.173,0.655,0.838,286.685,102.471,2.459,Pitch
-0.028,0.893,0.579,286.685,101.780,-22.619,Pitch
-0.018,1.055,0.338,286.685,143.605,-17.211,Pitch
-0.159,1.025,0.183,286.685,149.021,34.204,Pitch
-0.041,0.822,-0.159,256.253,84.709,56.989,Pitch
0.040,0.652,-0.383,99.934,28.814,68.819,Pitch
-0.046,0.699,-0.362,61.127,11.252,55.116,Pitch
-0.044,0.720,-0.196,-6.921,-5.233,17.378,Pitch
0.140,0.697,-0.235,-163.292,-49.866,-15.636,Pitch
0.132,0.824,-0.084,-281.059,-75.556,-11.419,Pitch
-0.226,1.101,0.215,-286.685,-115.666,3.631,Pitch
-0.177,1.047,0.495,-286.685,-187.758,18.576,Pitch
0.239,0.531,0.594,-286.685,-164.894,5.705,Pitch
-0.026,0.241,0.719,-286.685,-86.415,-19.924,Pitch
-0.013,0.037,0.920,-285.469,-58.432,-40.661,Pitch
0.151,0.195,1.214,-236.714,-59.220,-15.960,Pitch
0.071,0.011,1.074,-133.980,-28.639,2.100,Pitch
0.121,-0.057,1.038,-57.304,1.750,3.509,Pitch
0.121,0.123,1.144,118.169,37.721,12.154,Pitch
0.080,0.279,1.073,283.351,64.899,6.142,Pitch
0.067,0.488,1.046,286.685,84.175,2.993,Pitch
-0.070,0.645,0.812,286.685,118.825,-7.009,Pitch
-0.216,0.965,0.762,286.685,114.467,-19.058,Pitch
0.038,1.035,0.443,286.685,92.146,-35.070,Pitch
0.032,1.138,0.212,286.685,107.065,-40.530,Pitch
-0.043,0.900,-0.036,286.685,103.582,3.693,Pitch
-0.080,0.645,-0.255,199.106,65.993,19.583,Pitch
-0.015,0.642,-0.239,3.684,12.057,18.305,Pitch
-0.004,0.740,-0.281,-91.018,-13.948,10.911,Pitch
0.129,0.798,-0.154,-185.474,-28.595,13.825,Pitch
-0.101,0.866,0.133,-286.685,-67.637,33.670,Pitch
-0.192,1.057,0.446,-286.685,-120.610,31.194,Pitch
0.252,1.217,0.506,-286.685,-151.008,57.033,Pitch
-0.296,0.826,0.852,-286.685,-108.771,61.670,Pitch
0.029,-0.004,0.687,-286.685,-100.625,-32.156,Pitch
0.192,0.160,1.249,-205.616,-54.136,-32.830,Pitch
0.065,0.111,1.175,-174.414,-13.554,3.894,Pitch
0.025,0.019,1.011,-44.844,28.201,-1.881,Pitch
0.077,0.221,1.152,161.674,65.975,-12.574,Pitch
-0.012,0.163,0.878,239.006,81.130,-23.292,Pitch
-0.018,0.565,0.927,286.685,74.926,-30.205,Pitch
-0.092,0.838,0.792,286.685,79.537,-15.724,Pitch
-0.149,0.998,0.692,286.685,87.351,2.879,Pitch
0.038,0.998,0.400,286.685,92.802,-9.949,Pitch
0.035,1.097,0.117,286.685,92.277,-7.831,Pitch
0.064,0.729,-0.162,267.146,62.589,36.068,Pitch
0.028,0.665,-0.216,110.381,35.691,40.022,Pitch
0.021,0.582,-0.229,-50.671,-7.665,30.284,Pitch
0.129,0.571,-0.204,-180.609,-26.731,-20.519,Pitch
-0.007,0.925,0.171,-286.685,-51.249,-26.959,Pitch
-0.176,1.207,0.399,-286.685,-97.466,2.056,Pitch
-0.067,1.230,0.548,-286.685,-135.992,11.708,Pitch
-0.065,0.885,0.684,-286.685,-109.244,-21.140,Pitch
-0.128,-0.093,0.839,-286.685,-108.911,0.018,Pitch
-0.041,0.183,1.174,-286.685,-88.331,-35.630,Pitch
-0.007,-0.131,0.956,-268.415,-55.099,-19.653,Pitch
0.023,-0.156,1.038,-11.847,4.366,-15.496,Pitch
0.088,0.034,1.099,185.911,25.541,5.224,Pitch
0.030,0.278,1.285,282.966,31.115,16.494,Pitch
0.165,0.520,1.029,286.685,78.838,-7.831,Pitch
-0.069,0.724,0.924,286.685,125.353,-4.191,Pitch
-0.257,0.854,0.801,286.685,116.882,-23.958,Pitch
0.145,1.033,0.582,286.685,112.341,-51.651,Pitch
-0.043,1.042,0.119,286.685,171.080,-39.926,Pitch
-0.151,0.887,-0.009,286.685,129.640,8.435,Pitch
0.004,0.660,-0.210,197.321,81.384,24.185,Pitch
0.050,0.564,-0.351,50.444,16.581,35.228,Pitch
0.074,0.504,-0.288,-51.896,-24.237,17.719,Pitch
-0.040,0.792,-0.123,-168.367,-43.479,-19.924,Pitch
-0.130,0.945,0.064,-275.004,-57.050,-15.094,Pitch
-0.197,1.140,0.246,-286.685,-105.796,-2.949,Pitch
-0.008,1.253,0.514,-286.685,-158.734,18.288,Pitch
-0.010,0.880,0.687,-286.685,-136.824,47.119,Pitch
-0.222,0.541,0.884,-286.685,-136.491,41.064,Pitch
0.071,-0.004,0.924,-286.685,-124.399,37.048,Pitch
-0.055,-0.024,1.107,-198.905,2.485,-7.499,Pitch
-0.140,-0.226,1.200,4.594,42.053,-13.300,Pitch
0.076,0.043,1.327,89.548,38.439,6.580,Pitch
0.068,-0.013,0.981,282.704,77.840,4.979,Pitch
-0.081,0.536,1.062,286.685,113.488,-39.112,Pitch
-0.085,0.737,0.932,286.685,107.319,-19.276,Pitch
-0.066,0.913,0.797,286.685,81.454,5.661,Pitch
0.021,0.960,0.150,286.685,118.116,-8.015,Pitch
-0.102,1.183,0.127,286.685,142.538,1.837,Pitch
-0.055,1.003,0.060,286.633,110.372,30.013,Pitch
-0.056,0.628,-0.321,105.919,40.731,61.530,Pitch
-0.057,0.721,-0.360,43.610,-8.943,47.626,Pitch
-0.001,0.763,-0.119,-10.246,-13.729,-0.184,Pitch
0.095,0.700,-0.127,-151.384,-35.910,-27.344,Pitch
0.144,0.897,0.014,-286.685,-55.755,-26.661,Pitch
-0.286,1.315,0.280,-286.685,-95.585,-1.383,Pitch
-0.270,1.217,0.447,-286.685,-129.080,-13.536,Pitch
0.520,0.663,0.663,-286.685,-78.286,-54.303,Pitch
-0.520,0.308,0.804,-286.685,7.560,-29.855,Pitch
-0.146,0.214,1.151,-286.685,-69.291,-59.010,Pitch
0.032,-0.088,0.826,-274.234,-50.873,-62.982,Pitch
-0.040,-0.030,1.137,-117.897,-44.415,-29.811,Pitch
-0.083,-0.085,1.134,-0.411,10.754,-16.284,Pitch
0.019,-0.050,1.056,256.594,54.399,5.267,Pitch
-0.059,0.272,1.172,286.685,68.889,11.252,Pitch
-0.167,0.585,1.083,286.685,79.257,-3.929,Pitch
-0.267,0.775,0.867,286.685,68.801,14.184,Pitch
0.019,0.732,0.428,286.685,86.354,-7.823,Pitch
0.080,0.926,-0.003,286.685,158.742,-30.424,Pitch
0.016,1.033,-0.006,286.685,163.818,12.915,Pitch
0.039,0.779,-0.229,204.566,95.375,74.926,Pitch
-0.076,0.642,-0.374,16.459,38.754,78.584,Pitch
-0.035,0.760,-0.258,-5.976,17.544,59.334,Pitch
0.032,0.686,-0.087,-135.415,0.604,0.070,Pitch
0.055,0.854,0.018,-286.685,-32.839,-42.481,Pitch
-0.034,1.086,0.260,-286.685,-65.406,-44.231,Pitch
-0.380,1.149,0.390,-286.685,-71.934,-53.585,Pitch
-0.163,0.759,0.765,-286.685,-80.342,-62.169,Pitch
-0.234,0.253,0.827,-286.685,-29.356,-70.289,Pitch
-0.218,0.506,1.392,-282.117,-0.446,-85.225,Pitch
-0.298,0.211,1.084,-210.280,-49.166,-45.202,Pitch
-0.102,0.054,1.017,-136.456,-63.166,-55.589,Pitch
-0.204,0.126,1.002,-8.811,-42.263,-43.776,Pitch
0.031,0.049,1.029,160.387,-31.728,-13.983,Pitch
0.017,0.395,1.150,286.685,23.275,17.089,Pitch
-0.076,0.680,0.940,286.685,81.296,13.387,Pitch
-0.200,0.832,0.835,286.685,79.118,23.975,Pitch
-0.182,0.947,0.661,286.685,59.150,20.676,Pitch
0.205,0.771,-0.035,286.685,67.060,38.080,Pitch
0.177,0.809,-0.256,286.685,139.519,49.875,Pitch
0.075,0.933,0.043,266.875,135.432,60.541,Pitch
-0.011,0.714,-0.204,-42.175,43.251,78.479,Pitch
-0.094,0.921,-0.008,-241.281,-39.603,48.160,Pitch
0.028,1.054,-0.018,-286.685,-71.890,16.074,Pitch
-0.160,1.161,0.219,-286.685,-96.189,12.775,Pitch
-0.054,0.707,0.285,-286.685,-168.857,-19.521,Pitch
0.414,0.221,0.523,-286.685,-82.740,-53.699,Pitch
0.038,0.136,1.273,-262.019,-12.451,-8.610,Pitch
-0.022,0.149,1.233,-245.936,37.616,-52.526,Pitch
0.150,0.142,1.332,-161.508,17.176,-52.588,Pitch
-0.062,-0.033,1.064,-102.489,-11.821,-8.706,Pitch
-0.029,-0.165,0.910,6.414,27.125,-16.100,Pitch
0.137,-0.094,0.841,226.266,65.835,-14.919,Pitch
0.017,0.400,1.027,286.685,99.199,12.644,Pitch
-0.221,0.656,0.835,286.685,99.173,13.615,Pitch
-0.097,0.810,0.714,286.685,108.334,15.321,Pitch
-0.079,1.102,0.543,286.685,119.805,32.428,Pitch
0.050,0.960,-0.001,286.685,55.396,89.591,Pitch
-0.029,0.962,0.016,284.664,19.276,102.069,Pitch
0.038,0.882,-0.062,150.701,23.914,76.370,Pitch
-0.011,0.834,-0.100,-3.203,3.412,40.066,Pitch
0.073,0.789,-0.051,-98.359,-11.436,2.957,Pitch
0.184,0.903,-0.108,-205.056,4.025,-36.015,Pitch
0.047,1.148,0.251,-286.685,-16.459,-37.993,Pitch
-0.315,1.249,0.418,-286.685,-64.750,-33.950,Pitch
0.015,0.857,0.372,-286.685,-125.808,-85.505,Pitch
0.397,0.417,0.454,-286.685,-98.683,-57.487,Pitch
-0.231,0.161,1.043,-285.967,-2.467,-32.077,Pitch
-0.044,0.165,1.215,-205.747,61.241,-95.200,Pitch
0.045,0.173,1.043,-111.370,-33.784,-31.211,Pitch
-0.045,0.005,0.889,-72.975,-39.463,-12.941,Pitch
-0.012,0.013,0.915,33.967,-23.782,-13.983,Pitch
0.046,0.112,1.036,184.783,-4.734,-2.896,Pitch
0.079,0.261,1.077,274.628,25.708,9.222,Pitch
-0.089,0.545,0.997,286.685,41.283,24.780,Pitch
-0.251,0.664,0.815,286.685,54.705,13.099,Pitch
-0.249,1.103,0.869,286.685,24.264,-12.049,Pitch
0.146,1.033,0.563,286.685,33.749,-26.845,Pitch
0.109,1.121,0.248,286.685,58.572,37.380,Pitch
-0.069,0.768,0.022,242.594,35.805,54.556,Pitch
-0.006,0.795,-0.064,73.404,0.420,28.665,Pitch
0.132,0.715,-0.099,-2.266,-15.759,23.415,Pitch
0.158,0.780,0.035,-175.473,1.969,17.946,Pitch
-0.021,1.098,0.288,-286.685,-27.335,15.995,Pitch
-0.273,1.148,0.365,-286.685,-95.095,-5.539,Pitch
0.174,0.741,0.378,-286.685,-118.107,-19.801,Pitch
-0.001,0.231,0.563,-286.685,7.420,-10.623,Pitch
-0.163,0.366,1.454,-256.182,51.126,-54.425,Pitch
0.115,0.151,1.184,-222.985,32.436,-61.259,Pitch
0.001,0.148,1.041,-145.696,-23.826,-7.429,Pitch
-0.074,-0.028,0.900,-78.706,-21.289,-8.724,Pitch
0.006,-0.023,0.969,88.839,3.701,-6.886,Pitch
0.071,0.088,0.991,216.685,27.361,7.901,Pitch
0.024,0.516,1.204,286.685,50.365,32.445,Pitch
-0.205,0.612,0.788,286.685,41.947,43.811,Pitch
-0.185,0.890,0.865,286.685,27.869,17.999,Pitch
0.010,1.065,0.677,286.685,20.702,4.419,Pitch
0.195,0.830,0.030,286.685,67.375,10.981,Pitch
-0.010,1.012,0.174,282.258,53.620,37.739,Pitch
0.027,0.963,0.064,135.887,37.284,37.179,Pitch
0.017,0.765,-0.101,-4.532,20.956,39.804,Pitch
-0.011,0.744,-0.008,-106.872,7.927,5.031,Pitch
0.082,0.985,0.238,-284.279,-10.894,-19.556,Pitch
-0.041,1.106,0.437,-286.685,-52.237,6.457,Pitch
-0.180,1.143,0.621,-286.685,-101.728,-23.503,Pitch
0.280,0.506,0.462,-286.685,-46.016,-48.221,Pitch
-0.198,0.341,1.198,-286.685,9.389,-20.055,Pitch
-0.019,0.031,0.822,-255.885,39.638,-46.086,Pitch
0.046,0.246,1.361,-136.789,58.257,-40.495,Pitch
-0.133,0.156,1.057,-90.230,-3.955,7.403,Pitch
-0.153,0.102,0.972,-51.800,-35.674,1.531,Pitch
-0.010,-0.018,0.920,33.416,-29.549,4.095,Pitch
0.045,0.089,1.212,61.460,-0.814,-0.534,Pitch
-0.085,0.035,1.190,6.773,-7.604,2.214,Pitch
-0.027,0.113,1.193,-7.280,-22.032,-14.438,Pitch
0.115,-0.105,0.934,65.573,-23.879,-22.374,Pitch
-0.093,0.159,1.268,250.434,22.610,-57.391,Pitch
-0.033,0.457,0.905,286.685,38.089,-39.384,Pitch
0.031,0.479,0.739,286.685,49.018,-34.090,Pitch
0.023,0.880,0.596,286.685,32.025,7.061,Pitch
-0.102,0.907,0.490,286.685,47.171,58.931,Pitch
-0.158,0.856,0.504,286.685,29.435,51.975,Pitch
0.058,0.876,0.284,286.685,26.390,39.393,Pitch
0.112,0.859,0.081,271.530,45.369,41.011,Pitch
-0.057,0.791,0.096,26.792,37.249,43.190,Pitch
-0.156,0.863,0.141,-162.225,10.745,17.491,Pitch
-0.027,0.993,0.137,-286.685,-42.936,-4.839,Pitch
0.042,1.124,0.372,-286.685,-87.482,24.596,Pitch
0.052,0.807,0.484,-286.685,-59.299,14.901,Pitch
-0.009,0.400,0.466,-286.685,-26.031,-20.326,Pitch
0.158,0.128,0.754,-286.685,-11.620,-55.825,Pitch
0.064,0.022,1.139,-196.009,11.856,-33.915,Pitch
0.019,0.056,1.239,-102.812,5.057,-15.767,Pitch
0.005,-0.044,1.157,-78.006,-11.270,-11.524,Pitch
0.082,-0.079,1.079,42.726,-31.526,5.276,Pitch
0.103,0.037,1.100,223.344,-8.496,13.212,Pitch
0.082,0.238,0.968,286.685,24.579,8.172,Pitch
-0.004,0.737,0.998,286.685,77.490,-15.794,Pitch
-0.298,0.994,0.866,286.685,77.814,-23.275,Pitch
-0.010,1.012,0.626,286.685,48.291,-29.872,Pitch
0.102,1.124,0.401,286.685,65.879,-30.905,Pitch
0.117,0.992,0.132,286.685,89.381,13.300,Pitch
-0.049,0.748,-0.149,157.955,54.022,63.674,Pitch
-0.061,0.668,-0.262,24.045,19.714,53.786,Pitch
-0.062,0.697,-0.179,0.394,4.034,34.676,Pitch
0.029,0.697,-0.045,-125.580,-18.401,-8.129,Pitch
0.157,0.899,0.116,-278.311,-34.431,-23.782,Pitch
0.115,1.123,0.294,-286.685,-40.171,0.228,Pitch
-0.208,1.228,0.610,-286.685,-72.223,22.347,Pitch
0.109,0.648,0.434,-286.685,-82.381,-7.945,Pitch
0.025,0.379,0.649,-286.685,-16.153,-12.556,Pitch
-0.064,0.272,1.179,-227.281,19.792,-14.341,Pitch
-0.011,0.157,1.211,-187.740,27.038,-35.228,Pitch
0.031,0.241,1.186,-148.129,-0.210,-16.765,Pitch
-0.123,0.080,1.016,-47.906,-16.030,1.278,Pitch
-0.053,-0.023,0.963,75.075,-6.860,-11.358,Pitch
0.108,0.192,0.914,282.389,20.597,-9.380,Pitch
0.058,0.648,1.023,286.685,59.526,3.246,Pitch
-0.017,0.815,0.980,286.685,69.317,14.280,Pitch
-0.274,0.867,0.971,286.685,32.830,37.914,Pitch
-0.016,0.758,0.507,286.685,4.392,1.768,Pitch
0.049,0.963,0.232,286.685,43.452,-13.038,Pitch
0.046,0.949,0.109,286.685,53.839,-0.726,Pitch
-0.074,0.904,-0.066,194.924,61.486,4.506,Pitch
-0.072,0.822,-0.210,68.740,53.708,-9.590,Pitch
-0.001,0.837,-0.166,7.840,35.105,-15.802,Pitch
-0.009,0.773,-0.167,-71.199,15.208,-22.435,Pitch
0.164,0.835,0.012,-205.126,-14.087,-17.517,Pitch
-0.046,1.144,0.336,-286.685,-33.932,-0.683,Pitch
-0.228,1.164,0.311,-286.685,-58.222,-8.698,Pitch
-0.037,0.729,0.267,-286.685,-101.115,-47.618,Pitch
-0.020,0.437,0.764,-286.685,-71.671,-52.535,Pitch
-0.284,0.117,1.334,-268.503,-80.395,-69.466,Pitch
-0.049,0.143,1.309,-275.861,-49.831,-84.893,Pitch
0.164,0.068,1.111,-162.496,-57.908,-34.764,Pitch
0.056,-0.054,0.996,-63.674,-45.658,16.397,Pitch
0.005,-0.119,0.915,72.677,-18.069,24.220,Pitch
0.058,0.092,1.115,191.791,-6.633,28.263,Pitch
0.093,0.356,1.244,286.633,33.451,27.510,Pitch
0.046,0.512,1.014,286.685,67.095,29.365,Pitch
-0.108,0.648,0.857,286.685,61.626,37.669,Pitch
-0.200,0.778,0.653,286.685,50.278,25.909,Pitch
0.185,1.023,0.431,286.685,57.103,-9.030,Pitch
0.255,1.077,0.177,286.685,88.139,26.302,Pitch
0.090,0.874,-0.118,286.685,65.756,91.210,Pitch
-0.122,0.734,-0.098,219.800,51.196,71.531,Pitch
0.099,0.731,-0.147,143.246,41.624,20.571,Pitch
0.151,0.573,-0.158,-86.861,8.575,1.059,Pitch
0.106,0.677,-0.068,-259.228,-39.638,-1.829,Pitch
-0.070,1.032,0.104,-286.685,-80.841,-18.847,Pitch
-0.059,1.032,0.413,-286.685,-82.591,-20.353,Pitch
0.154,0.753,0.610,-286.685,-48.676,-26.722,Pitch
0.167,0.715,0.964,-286.685,-19.381,-26.276,Pitch
-0.326,0.267,0.828,-286.685,-30.292,-50.671,Pitch
0.157,0.291,1.243,-216.790,-59.763,-65.844,Pitch
0.240,0.180,1.191,-188.702,-31.841,-48.562,Pitch
0.112,0.312,1.357,-101.001,-19.294,-8.453,Pitch
0.029,0.061,1.028,88.909,-22.015,-0.805,Pitch
0.156,0.291,1.030,276.456,28.647,-9.826,Pitch
0.202,0.484,0.966,286.685,72.826,-15.505,Pitch
-0.038,0.721,0.758,286.685,126.149,-3.614,Pitch
-0.205,0.914,0.776,286.685,129.649,-6.536,Pitch
-0.171,0.985,0.529,286.685,121.109,-25.331,Pitch
0.120,1.091,0.310,286.685,146.501,-21.814,Pitch
0.010,0.756,-0.047,270.804,131.749,34.213,Pitch
-0.134,0.621,-0.425,90.510,73.089,48.799,Pitch
-0.124,0.726,-0.340,65.275,38.246,31.649,Pitch
-0.075,0.732,-0.175,-11.349,-1.995,-5.285,Pitch
0.099,0.684,-0.108,-206.833,-53.550,-40.941,Pitch
0.172,1.004,0.189,-286.685,-114.643,-42.630,Pitch
-0.026,1.242,0.421,-286.685,-139.449,-5.582,Pitch
-0.410,1.217,0.804,-286.685,-132.484,12.329,Pitch
-0.173,0.433,0.663,-286.685,-63.569,-82.897,Pitch
0.002,0.217,0.781,-276.290,-40.976,-86.957,Pitch
-0.046,0.371,1.208,-213.238,-11.016,-62.256,Pitch
-0.046,0.179,0.991,-168.473,-42.752,-40.171,Pitch
0.041,0.107,1.004,-101.868,-58.844,-22.155,Pitch
0.048,-0.111,0.791,7.892,-38.824,-12.932,Pitch
0.045,0.147,0.967,199.745,-23.249,2.721,Pitch
0.187,0.339,1.068,286.685,17.911,9.301,Pitch
0.016,0.622,0.969,286.685,67.725,25.086,Pitch
-0.105,0.737,0.893,286.685,83.125,25.690,Pitch
-0.089,0.846,0.720,286.685,84.691,19.294,Pitch
0.084,0.914,0.440,286.685,76.370,27.370,Pitch
0.097,0.912,0.160,286.685,62.037,52.176,Pitch
0.002,0.912,0.056,286.011,39.646,62.755,Pitch
-0.004,0.900,-0.013,129.596,28.569,49.009,Pitch
-0.053,0.738,-0.034,25.305,18.323,25.847,Pitch
-0.035,0.713,0.002,-83.589,-0.858,-4.568,Pitch
0.153,0.834,0.219,-262.124,-31.728,-20.440,Pitch
0.043,1.100,0.399,-286.685,-48.256,15.059,Pitch
-0.235,1.177,0.689,-286.685,-48.186,-6.195,Pitch
0.034,0.745,0.687,-286.685,-63.359,-45.500,Pitch
0.060,0.453,0.857,-286.685,-27.510,-58.485,Pitch
0.052,0.198,1.095,-284.016,-0.543,-57.671,Pitch
-0.014,0.137,1.111,-189.656,-3.264,-53.944,Pitch
0.099,0.197,1.212,-131.057,-14.595,-34.309,Pitch
0.020,-0.102,0.878,38.938,1.575,-3.474,Pitch
0.015,0.112,1.045,226.669,29.505,6.711,Pitch
0.089,0.256,1.021,286.685,35.368,16.170,Pitch
-0.013,0.578,1.099,286.685,67.533,3.509,Pitch
-0.155,0.822,1.042,286.685,66.824,-11.401,Pitch
-0.020,0.592,0.471,286.685,49.840,9.441,Pitch
-0.007,0.874,0.283,286.685,75.827,3.964,Pitch
-0.010,1.167,0.178,286.685,110.941,9.056,Pitch
0.029,1.009,0.200,284.716,85.732,59.071,Pitch
-0.001,0.816,-0.161,70.280,72.625,52.220,Pitch
-0.099,0.777,-0.199,2.844,54.827,27.046,Pitch
-0.112,0.839,0.008,-108.168,3.115,-5.819,Pitch
0.026,1.020,0.146,-279.527,-40.075,-30.993,Pitch
0.020,1.086,0.168,-286.685,-60.314,-22.881,Pitch
-0.154,1.032,0.266,-286.685,-73.089,-23.774,Pitch
-0.042,0.703,0.658,-286.685,-93.319,-34.772,Pitch
-0.066,0.471,0.846,-286.685,-68.950,-53.244,Pitch
-0.184,0.245,0.834,-286.685,-24.054,-79.809,Pitch
0.044,0.215,1.120,-192.071,-18.856,-81.086,Pitch
0.074,0.078,0.939,-115.973,-40.722,-12.836,Pitch
-0.005,0.029,1.021,-36.566,-7.227,1.216,Pitch
0.015,0.012,0.960,68.189,18.603,-1.986,Pitch
-0.054,0.258,1.110,190.033,27.125,9.555,Pitch
0.003,0.457,1.255,277.874,28.735,12.425,Pitch
-0.061,0.465,1.060,286.685,30.958,23.686,Pitch
-0.190,0.548,0.872,286.685,21.534,22.540,Pitch
-0.247,0.864,0.886,286.685,38.911,-2.651,Pitch
0.077,0.793,0.277,286.685,44.879,-2.949,Pitch
0.088,0.784,-0.107,286.685,26.416,18.112,Pitch
0.039,0.939,-0.008,282.791,25.288,39.384,Pitch
0.010,0.967,0.070,185.133,46.252,19.145,Pitch
0.082,0.867,0.018,103.232,39.279,13.851,Pitch
0.270,0.661,-0.232,-15.969,35.709,3.062,Pitch
-0.123,0.920,0.016,-233.240,-17.833,7.586,Pitch
-0.163,1.255,0.330,-286.685,-84.665,23.712,Pitch
-0.234,1.134,0.370,-286.685,-116.716,6.983,Pitch
0.073,0.801,0.524,-286.685,-88.183,-28.647,Pitch
-0.099,0.362,0.632,-286.685,26.906,-71.321,Pitch
0.074,0.204,0.824,-281.426,-11.882,-76.143,Pitch
-0.029,0.311,1.295,-227.167,-41.991,-39.244,Pitch
-0.038,0.124,1.045,-170.117,-37.914,-30.861,Pitch
-0.006,-0.052,0.975,-61.486,-24.972,-15.846,Pitch
0.088,0.062,1.004,151.891,18.069,2.713,Pitch
0.050,0.204,0.949,261.082,38.054,16.135,Pitch
0.071,0.521,1.025,286.685,41.790,28.954,Pitch
-0.245,0.698,0.831,286.685,47.994,31.955,Pitch
-0.243,0.884,0.918,286.685,12.285,5.880,Pitch
0.067,0.902,0.424,286.685,36.838,-9.914,Pitch
0.082,1.021,-0.254,286.685,143.421,6.204,Pitch
-0.224,1.161,0.197,286.685,137.812,25.235,Pitch
-0.056,1.002,-0.020,208.644,89.285,24.351,Pitch
0.047,0.726,-0.420,104.886,62.965,41.151,Pitch
0.013,0.722,-0.376,86.651,41.501,5.705,Pitch
0.039,0.862,-0.378,66.841,16.459,-16.091,Pitch
0.112,0.883,-0.214,22.243,12.810,-22.995,Pitch
0.073,0.792,-0.127,-177.074,-21.796,-19.478,Pitch
0.066,1.092,0.007,-286.685,-101.482,-0.805,Pitch
-0.053,1.273,0.061,-286.685,-159.451,36.444,Pitch
-0.133,1.148,0.317,-286.685,-178.544,42.700,Pitch
0.351,0.551,0.302,-286.685,-153.851,4.506,Pitch
-0.053,0.447,0.810,-286.685,-42.079,-13.921,Pitch
0.171,0.096,0.788,-280.070,-48.090,-5.959,Pitch
0.139,0.245,1.227,-111.790,10.771,-21.534,Pitch
0.136,0.192,1.195,-63.350,40.521,-3.938,Pitch
0.007,0.220,1.098,38.938,53.305,0.962,Pitch
0.009,0.049,0.810,164.902,58.004,-11.060,Pitch
0.068,0.429,0.849,286.685,66.728,-24.649,Pitch
-0.022,0.691,0.579,286.685,89.959,-8.951,Pitch
-0.230,0.915,0.550,286.685,89.889,8.243,Pitch
-0.038,1.129,0.621,286.685,75.486,0.324,Pitch
0.223,1.136,0.111,286.685,110.469,18.970,Pitch
0.040,0.895,-0.130,259.569,100.581,95.401,Pitch
-0.176,0.874,-0.277,86.249,58.660,96.022,Pitch
-0.032,0.861,-0.301,68.582,38.465,17.763,Pitch
-0.001,0.901,-0.238,98.586,57.444,-51.013,Pitch
0.091,0.859,-0.267,36.444,23.914,-47.766,Pitch
0.065,0.860,-0.072,-65.012,-14.499,-22.190,Pitch
0.040,0.835,-0.196,-241.859,-72.354,7.499,Pitch
-0.114,1.093,0.135,-286.685,-124.941,25.567,Pitch
-0.180,1.244,0.348,-286.685,-182.289,29.750,Pitch
0.172,1.156,0.470,-286.685,-193.497,36.829,Pitch
0.384,0.773,0.638,-286.685,-98.455,74.637,Pitch
-0.238,-0.020,0.574,-286.685,1.750,45.605,Pitch
0.112,-0.228,0.589,-262.272,-19.058,5.985,Pitch
0.228,0.204,1.217,-184.319,1.076,-18.664,Pitch
0.044,-0.006,0.872,-143.981,-25.576,-0.752,Pitch
0.035,-0.030,0.984,-23.599,22.094,-27.221,Pitch
0.238,-0.183,0.805,140.079,44.520,-25.191,Pitch
0.214,0.068,0.880,286.685,61.985,-10.736,Pitch
0.117,0.535,1.053,286.685,92.864,-5.635,Pitch
-0.148,0.754,1.029,286.685,80.894,4.944,Pitch
-0.073,0.943,0.991,286.685,24.509,-6.668,Pitch
0.335,1.050,0.295,286.685,87.299,-52.334,Pitch
-0.002,1.020,0.160,286.685,166.652,-21.298,Pitch
-0.120,1.008,0.043,286.685,133.473,-18.147,Pitch
0.008,0.848,-0.227,72.546,64.654,-13.038,Pitch
-0.015,0.693,-0.286,-38.255,14.341,22.741,Pitch
-0.099,0.789,-0.199,-91.271,-10.684,-9.196,Pitch
-0.064,0.947,0.019,-159.057,-36.487,-23.301,Pitch
-0.046,1.066,0.094,-286.685,-67.874,-17.351,Pitch
-0.029,1.101,0.204,-286.685,-113.750,5.565,Pitch
-0.080,0.970,0.463,-286.685,-116.244,3.325,Pitch
0.093,0.775,0.664,-286.685,-102.095,-9.170,Pitch
-0.059,0.291,0.738,-286.685,-55.029,-27.510,Pitch
0.042,0.270,1.070,-273.814,-33.294,-47.714,Pitch
0.146,0.234,1.157,-198.546,-53.585,-19.583,Pitch
0.038,0.082,0.947,-93.511,-51.284,10.421,Pitch
0.097,0.147,1.078,34.204,-13.983,-3.999,Pitch
0.216,0.138,0.909,194.845,15.243,-4.305,Pitch
0.139,0.354,0.956,282.424,45.386,0.595,Pitch
-0.056,0.583,0.884,286.685,79.853,-2.503,Pitch
-0.112,0.816,0.950,286.685,16.599,11.261,Pitch
0.098,0.959,0.750,286.685,28.009,-16.800,Pitch
0.124,0.986,0.229,286.685,73.946,-25.480,Pitch
0.026,1.020,0.170,286.685,116.891,-15.715,Pitch
-0.091,0.889,-0.004,219.791,57.068,4.655,Pitch
-0.051,0.792,-0.221,100.170,19.906,9.039,Pitch
-0.018,0.754,-0.208,29.741,1.059,5.871,Pitch
-0.079,0.803,-0.221,14.998,9.030,-19.688,Pitch
-0.007,0.913,0.009,0.394,16.214,-38.544,Pitch
0.087,0.804,-0.104,-119.761,19.119,-58.564,Pitch
0.080,1.015,0.064,-267.601,-4.218,-30.459,Pitch
-0.267,1.203,0.290,-286.685,-63.271,7.604,Pitch
-0.342,1.240,0.393,-286.685,-124.679,-16.275,Pitch
-0.024,0.678,0.420,-286.685,-144.489,-24.404,Pitch
0.148,0.381,0.916,-286.685,-72.030,-38.307,Pitch
-0.296,0.146,1.270,-228.051,3.771,-86.660,Pitch
0.180,0.107,1.277,-194.600,-54.513,-65.424,Pitch
0.186,-0.023,0.987,-105.210,-35.735,-19.513,Pitch
0.102,-0.158,0.718,32.209,17.246,-4.830,Pitch
0.044,0.298,0.924,276.622,42.770,13.073,Pitch
-0.140,0.636,0.965,286.685,61.950,18.524,Pitch
-0.227,0.675,0.660,286.685,46.760,14.534,Pitch
0.059,1.232,0.349,286.685,122.386,-56.604,Pitch
0.072,1.394,0.478,286.685,171.220,-59.167,Pitch
-0.000,1.086,0.073,286.431,133.262,15.829,Pitch
-0.125,0.845,-0.216,201.688,100.004,35.516,Pitch
-0.073,0.696,-0.419,83.317,56.717,43.094,Pitch
-0.106,0.695,-0.315,13.029,18.147,30.634,Pitch
-0.171,0.761,-0.158,-72.783,-19.049,5.915,Pitch
-0.150,0.836,-0.099,-256.664,-72.205,-43.479,Pitch
-0.129,1.184,0.187,-286.685,-111.816,-45.780,Pitch
-0.195,1.141,0.300,-286.685,-155.610,13.930,Pitch
-0.187,1.105,0.580,-286.685,-179.777,20.667,Pitch
0.119,0.786,0.654,-286.685,-163.879,7.044,Pitch
-0.045,0.327,0.772,-286.685,-112.096,-0.052,Pitch
0.066,0.047,0.943,-260.225,-53.436,-12.399,Pitch
0.203,0.031,1.114,-182.630,-32.996,-2.188,Pitch
0.050,0.069,1.110,-118.405,-45.771,32.454,Pitch
-0.079,0.030,0.991,-27.869,-26.784,19.285,Pitch
0.163,0.001,0.850,209.974,21.000,-3.211,Pitch
0.149,0.235,0.933,286.685,54.268,-6.720,Pitch
0.031,0.540,0.839,286.685,76.659,-8.671,Pitch
-0.008,0.834,0.740,286.685,68.967,-30.074,Pitch
0.124,1.001,0.526,286.685,93.826,-42.368,Pitch
0.049,1.227,0.243,286.685,126.114,-36.715,Pitch
-0.004,1.183,0.368,286.685,156.949,-21.726,Pitch
-0.177,0.937,-0.064,226.021,108.789,11.725,Pitch
-0.060,0.771,-0.218,121.048,72.634,8.024,Pitch
-0.064,0.748,-0.233,7.236,27.134,0.166,Pitch
0.015,0.747,-0.125,-95.533,-1.776,-14.569,Pitch
-0.043,1.010,0.076,-285.985,-41.886,-26.539,Pitch
-0.133,1.086,0.100,-286.685,-79.065,-9.704,Pitch
-0.063,1.282,0.482,-286.685,-101.412,0.560,Pitch
-0.169,0.894,0.620,-286.685,-108.430,7.499,Pitch
-0.116,0.479,0.735,-286.685,-79.021,-39.331,Pitch
0.002,0.208,0.921,-286.554,-52.089,-45.421,Pitch
0.017,0.290,1.217,-97.064,-29.654,-31.378,Pitch
-0.052,0.143,0.981,-10.062,-13.825,-17.587,Pitch
0.031,0.294,1.057,63.420,-10.238,-19.670,Pitch
0.048,0.241,0.774,203.490,28.665,-26.792,Pitch
-0.061,0.546,0.807,286.685,18.480,-20.895,Pitch
-0.114,0.766,0.673,286.685,-34.283,-23.861,Pitch
0.089,0.926,0.473,286.685,-14.306,-48.956,Pitch
0.007,1.305,0.280,286.685,94.999,-57.435,Pitch
-0.129,1.262,0.376,286.685,138.171,-45.850,Pitch
-0.003,1.120,0.006,279.204,115.141,-18.112,Pitch
-0.026,0.751,-0.295,158.148,94.430,5.259,Pitch
-0.080,0.763,-0.325,39.891,43.584,19.618,Pitch
0.011,0.715,-0.181,-64.426,0.210,17.194,Pitch
0.024,0.759,-0.084,-198.205,-31.719,-5.889,Pitch
0.014,0.946,-0.048,-286.685,-75.329,-7.306,Pitch
-0.231,1.322,0.398,-286.685,-121.091,22.741,Pitch
0.063,1.103,0.662,-286.685,-132.274,5.198,Pitch
0.265,0.887,0.925,-286.685,-119.971,9.214,Pitch
-0.249,0.274,0.780,-286.685,-94.850,-23.590,Pitch
0.147,0.236,1.190,-215.609,-94.684,-55.816,Pitch
0.294,0.101,0.976,-162.173,-94.526,-0.123,Pitch
0.064,-0.013,0.889,-81.034,-81.489,25.970,Pitch
0.177,0.087,0.969,120.304,-17.833,12.250,Pitch
0.247,0.202,0.815,285.574,48.755,-9.844,Pitch
0.126,0.565,0.886,286.685,78.356,-20.204,Pitch
-0.046,0.731,0.720,286.685,97.037,-47.329,Pitch
0.109,0.967,0.500,286.685,111.195,-101.351,Pitch
0.188,1.449,0.462,286.685,137.384,-83.965,Pitch
0.235,1.207,0.225,286.685,173.224,-40.845,Pitch
-0.146,0.948,-0.007,286.633,188.982,-0.306,Pitch
-0.184,0.900,-0.340,142.310,88.077,0.044,Pitch
-0.086,0.865,-0.415,70.000,32.349,-4.839,Pitch
-0.049,0.770,-0.464,58.844,13.755,-3.360,Pitch
-0.074,0.732,-0.212,-35.341,-19.372,-28.236,Pitch
0.043,0.847,-0.160,-273.228,-78.662,-58.607,Pitch
0.006,1.033,0.024,-286.685,-103.416,-38.850,Pitch
-0.070,1.276,0.252,-286.685,-98.245,-16.546,Pitch
-0.160,1.037,0.300,-286.685,-73.404,-19.206,Pitch
-0.147,1.081,1.159,-286.685,-63.945,-58.923,Pitch
-0.300,0.681,0.723,-286.685,-133.621,-59.124,Pitch
-0.117,0.026,0.417,-286.685,-157.141,-66.588,Pitch
0.131,-0.090,0.813,-229.049,-48.458,-62.790,Pitch
0.173,0.071,1.425,-109.830,-51.914,-18.454,Pitch
0.054,-0.011,1.094,-64.164,-70.963,30.397,Pitch
0.004,-0.259,0.725,21.000,-44.039,10.273,Pitch
0.193,0.063,0.900,239.417,-10.894,-0.420,Pitch
0.241,0.327,0.906,286.685,78.382,-7.481,Pitch
0.028,0.608,0.979,286.685,118.781,-5.145,Pitch
-0.091,0.687,0.771,286.685,77.735,-7.140,Pitch
0.008,0.985,0.182,286.685,61.460,-15.216,Pitch
0.038,1.136,0.497,286.685,110.285,-34.326,Pitch
0.096,1.139,0.397,286.685,100.756,-12.722,Pitch
-0.044,1.074,0.048,161.508,74.244,45.745,Pitch
-0.095,0.794,-0.195,97.326,51.791,50.697,Pitch
-0.123,0.749,-0.157,32.191,39.917,3.246,Pitch
-0.037,0.730,-0.017,-32.252,26.705,-20.746,Pitch
-0.085,0.930,0.141,-241.981,-23.940,-30.581,Pitch
-0.045,1.122,0.363,-286.685,-65.363,-21.595,Pitch
-0.077,1.215,0.432,-286.685,-80.299,-12.547,Pitch
-0.197,1.180,0.703,-286.685,-107.686,-19.084,Pitch
0.020,0.548,0.368,-286.685,-136.351,-65.284,Pitch
0.197,0.103,0.648,-284.489,-107.424,-43.041,Pitch
0.081,0.376,1.243,-240.161,-69.632,-20.676,Pitch
0.091,0.117,1.052,-172.349,-48.528,3.649,Pitch
0.083,0.049,0.975,-106.986,-26.521,6.781,Pitch
0.002,-0.008,0.780,-20.501,13.615,-3.246,Pitch
0.021,0.059,0.884,64.199,25.900,-7.044,Pitch
0.044,0.071,1.149,98.831,63.350,-26.976,Pitch
0.320,0.223,1.256,77.805,48.991,-21.420,Pitch
-0.021,0.109,1.150,59.421,10.238,4.585,Pitch
-0.098,0.138,0.952,80.238,29.907,-14.464,Pitch
-0.001,0.374,0.981,110.372,29.671,-39.393,Pitch
-0.031,0.311,1.048,135.048,36.225,-17.622,Pitch
-0.059,0.452,1.062,141.461,24.596,-15.356,Pitch
-0.008,0.474,0.904,161.884,-11.996,17.281,Pitch
-0.113,0.478,0.731,209.431,-10.841,28.481,Pitch
-0.047,0.611,0.669,248.745,16.573,11.366,Pitch
-0.097,0.662,0.540,286.659,29.400,6.186,Pitch
-0.026,0.888,0.506,286.685,27.939,0.831,Pitch
0.047,1.066,0.516,286.685,29.461,7.385,Pitch
-0.019,1.061,0.249,286.685,57.015,19.766,Pitch
0.056,0.859,-0.016,286.685,76.073,31.579,Pitch
-0.045,0.929,0.074,255.378,86.039,5.425,Pitch
-0.025,0.820,0.109,99.645,65.004,2.170,Pitch
-0.058,0.757,0.072,-83.694,33.583,-11.165,Pitch
-0.044,1.100,0.221,-286.527,-37.537,-8.347,Pitch
-0.104,1.215,0.474,-286.685,-76.738,12.084,Pitch
-0.013,1.086,0.538,-286.685,-81.270,-8.356,Pitch
0.009,0.982,0.525,-286.685,-79.835,-50.234,Pitch
0.087,0.440,0.517,-286.685,-112.105,-35.088,Pitch
-0.024,0.002,0.766,-286.685,-127.951,-24.614,Pitch
0.129,-0.346,0.873,-154.079,-62.493,-24.798,Pitch
0.048,-0.302,0.873,-62.274,-16.450,-24.692,Pitch
0.194,-0.177,1.073,163.021,-2.082,-0.604,Pitch
0.164,0.028,0.980,286.685,0.324,12.241,Pitch
0.194,0.348,0.925,286.685,69.239,-20.860,Pitch
0.043,0.724,0.879,286.685,99.741,-42.507,Pitch
-0.158,1.038,0.683,286.685,98.796,-46.638,Pitch
-0.191,1.096,0.468,286.685,85.628,-55.554,Pitch
0.056,1.232,0.244,286.685,114.581,-91.018,Pitch
0.133,1.180,0.207,286.685,169.312,-92.505,Pitch
-0.058,0.817,-0.046,270.690,129.938,-6.790,Pitch
-0.010,0.557,-0.418,84.455,61.889,10.964,Pitch
-0.017,0.645,-0.188,-7.481,22.505,11.996,Pitch
0.061,0.696,-0.129,-240.039,-36.400,-8.479,Pitch
-0.193,1.058,-0.111,-286.685,-96.022,3.693,Pitch
-0.291,1.098,0.134,-286.685,-173.635,11.620,Pitch
0.172,1.153,0.377,-286.685,-196.219,13.790,Pitch
0.055,1.094,0.907,-286.685,-146.309,53.533,Pitch
-0.433,0.321,0.834,-286.685,-172.191,11.961,Pitch
0.100,-0.371,0.423,-285.617,-207.550,-7.026,Pitch
0.466,-0.074,0.929,-126.613,-82.889,-4.559,Pitch
0.177,0.018,1.167,51.013,19.504,45.010,Pitch
0.044,0.180,1.136,130.550,44.118,32.795,Pitch
0.031,0.143,0.968,250.967,46.130,10.990,Pitch
0.126,0.533,1.066,286.685,72.826,-31.745,Pitch
-0.113,0.718,0.913,286.685,67.804,-50.601,Pitch
0.060,0.782,0.947,286.685,33.014,-55.116,Pitch
0.237,0.931,0.369,286.685,86.170,-76.011,Pitch
0.124,1.191,0.136,286.685,163.905,-49.726,Pitch
-0.128,0.944,0.079,286.685,199.920,-14.779,Pitch
-0.106,0.944,-0.009,281.943,146.309,-3.946,Pitch
0.135,0.689,-0.301,101.684,87.386,-8.041,Pitch
0.116,0.576,-0.368,-51.494,31.045,-10.255,Pitch
-0.005,0.721,-0.081,-235.690,-43.129,-22.409,Pitch
0.090,0.908,-0.103,-286.685,-96.582,-32.935,Pitch
-0.015,1.031,0.071,-286.685,-123.445,-22.103,Pitch
-0.105,0.894,0.493,-286.685,-61.854,-76.466,Pitch
-0.080,0.841,0.836,-286.685,-40.303,-115.238,Pitch
-0.268,0.615,1.131,-286.685,-46.795,-103.198,Pitch
-0.181,0.367,1.026,-286.685,-19.766,-121.161,Pitch
-0.091,0.320,1.111,-257.163,-10.701,-99.409,Pitch
-0.067,0.156,0.934,-186.935,-40.005,-34.781,Pitch
-0.143,-0.185,0.650,-91.989,-14.717,-20.064,Pitch
-0.120,0.132,0.980,52.981,-14.394,0.341,Pitch
-0.094,0.209,1.098,164.342,-9.345,31.544,Pitch
0.047,0.341,1.097,286.291,39.419,51.923,Pitch
-0.180,0.568,0.830,286.685,128.975,53.970,Pitch
-0.270,0.806,0.640,286.685,151.235,42.236,Pitch
-0.174,1.103,0.522,286.685,139.326,73.238,Pitch
-0.026,1.045,0.194,286.685,136.080,111.344,Pitch
-0.079,0.956,0.130,276.850,86.363,114.214,Pitch
0.036,0.694,-0.239,137.034,69.335,86.100,Pitch
-0.055,0.714,-0.332,74.427,49.717,62.930,Pitch
0.037,0.789,-0.194,65.196,58.809,20.501,Pitch
0.082,0.791,-0.243,27.423,51.721,6.440,Pitch
0.226,0.810,-0.079,-96.897,13.309,3.106,Pitch
0.004,0.986,0.071,-280.350,-53.165,-13.519,Pitch
-0.130,0.930,-0.013,-286.685,-153.650,-48.851,Pitch
-0.114,0.894,0.199,-286.685,-194.863,-81.261,Pitch
0.079,1.006,0.960,-286.685,-176.663,-87.106,Pitch
-0.183,0.572,0.887,-286.685,-153.379,-50.286,Pitch
0.030,-0.022,0.698,-286.256,-109.944,-74.480,Pitch
0.247,0.091,0.991,-247.301,-51.214,-71.216,Pitch
0.192,0.007,1.013,-164.911,-38.351,-24.010,Pitch
0.103,-0.081,0.989,-37.319,-4.952,15.645,Pitch
0.069,-0.002,1.008,120.015,36.732,15.820,Pitch
0.053,0.130,1.032,270.121,60.734,8.592,Pitch
0.089,0.367,1.035,286.685,78.558,3.386,Pitch
-0.027,0.646,0.917,286.685,112.438,-10.789,Pitch
-0.127,0.768,0.669,286.685,137.699,-12.775,Pitch
-0.134,0.937,0.536,286.685,154.753,-29.802,Pitch
-0.072,1.198,0.560,286.685,141.925,-14.009,Pitch
0.081,1.065,0.237,286.685,123.130,14.840,Pitch
-0.041,0.890,-0.043,241.885,117.688,45.404,Pitch
-0.071,0.781,-0.130,153.326,95.427,41.186,Pitch
-0.097,0.697,-0.145,23.188,41.816,17.596,Pitch
-0.095,0.693,-0.055,-163.966,-8.794,-32.112,Pitch
0.033,1.035,0.182,-286.685,-76.326,-46.445,Pitch
-0.164,1.239,0.283,-286.685,-110.854,-35.026,Pitch
-0.320,1.124,0.456,-286.685,-150.684,-46.751,Pitch
-0.195,0.547,0.485,-286.685,-161.516,-100.424,Pitch
0.009,0.455,0.888,-286.685,-140.989,-102.988,Pitch
0.041,-0.023,0.860,-284.331,-110.084,-67.253,Pitch
0.147,-0.118,1.148,-228.777,-64.260,-36.461,Pitch
0.142,-0.168,1.191,-169.531,-35.735,-3.973,Pitch
0.093,-0.332,0.785,-22.558,-20.177,12.399,Pitch
0.132,0.021,1.036,175.402,10.203,13.493,Pitch
0.067,0.104,0.999,263.436,32.987,19.635,Pitch
0.046,0.414,1.254,286.685,66.640,19.119,Pitch
-0.055,0.546,0.936,286.685,80.290,9.677,Pitch
-0.114,0.664,0.764,286.685,108.098,-7.140,Pitch
-0.212,0.855,0.578,286.685,133.525,-19.241,Pitch
-0.068,0.919,0.295,286.685,148.208,-32.410,Pitch
-0.141,1.046,0.265,286.685,140.542,-22.890,Pitch
-0.154,1.059,0.152,281.286,114.144,-12.539,Pitch
-0.045,0.854,-0.116,110.250,71.951,1.636,Pitch
-0.086,0.798,-0.190,23.958,42.717,14.892,Pitch
-0.248,0.731,-0.065,-118.834,-6.169,-19.014,Pitch
-0.131,0.824,-0.055,-264.171,-52.824,-57.496,Pitch
-0.089,1.090,0.130,-286.685,-132.011,-42.989,Pitch
-0.368,1.209,0.534,-286.685,-177.065,-17.132,Pitch
-0.162,0.681,0.525,-286.685,-195.790,-69.151,Pitch
-0.029,0.396,0.753,-286.685,-211.383,-60.751,Pitch
0.065,0.063,0.907,-286.685,-150.482,-31.894,Pitch
0.006,-0.159,0.888,-257.723,-76.011,-32.541,Pitch
0.094,-0.230,1.102,-148.916,-54.845,-19.976,Pitch
0.220,-0.341,0.898,-28.420,-54.075,8.890,Pitch
0.134,-0.103,1.116,100.783,-29.111,28.245,Pitch
0.074,0.035,1.106,175.411,26.285,25.147,Pitch
0.147,0.233,1.249,276.771,61.101,11.515,Pitch
-0.008,0.374,1.104,286.685,105.096,-8.321,Pitch
-0.029,0.343,0.870,286.685,134.033,-25.830,Pitch
-0.213,0.701,0.689,286.685,190.190,-63.980,Pitch
-0.039,1.134,0.479,286.685,187.189,-39.314,Pitch
-0.152,1.228,0.333,286.685,170.371,4.235,Pitch
-0.029,1.006,0.201,286.685,160.860,19.933,Pitch
0.019,0.685,-0.282,250.469,103.031,63.376,Pitch
-0.077,0.568,-0.394,65.747,25.716,88.952,Pitch
-0.117,0.613,-0.109,-77.551,-38.272,61.959,Pitch
-0.085,0.891,0.045,-286.685,-130.314,21.228,Pitch
-0.144,0.904,-0.072,-286.685,-161.770,10.596,Pitch
-0.068,0.981,0.805,-286.685,-89.565,-43.085,Pitch
-0.057,0.836,0.846,-286.685,-24.552,-79.870,Pitch
-0.252,0.268,0.754,-286.685,8.155,-113.365,Pitch
-0.088,0.259,1.274,-260.234,-42.770,-93.546,Pitch
-0.015,0.039,1.084,-162.269,-49.359,-11.392,Pitch
-0.196,-0.021,0.850,-131.303,-18.244,-1.470,Pitch
-0.232,0.123,1.053,86.494,-8.059,3.973,Pitch
-0.079,0.252,1.073,234.719,0.219,4.287,Pitch
0.003,0.644,1.186,286.685,47.250,12.626,Pitch
-0.057,0.579,0.850,286.685,92.251,9.319,Pitch
-0.334,0.977,0.772,286.685,115.588,-21.735,Pitch
-0.097,1.056,0.450,286.685,83.317,-16.677,Pitch
-0.051,1.124,0.134,286.685,114.660,13.186,Pitch
-0.036,0.845,-0.017,286.685,126.184,16.257,Pitch
-0.066,0.674,-0.086,206.054,89.793,35.971,Pitch
0.055,0.669,0.065,-115.001,13.650,57.732,Pitch
0.016,0.820,0.020,-285.854,-47.075,67.121,Pitch
-0.082,0.834,-0.189,-286.685,-115.745,61.609,Pitch
-0.407,1.039,0.523,-286.685,-122.946,28.000,Pitch
0.038,0.770,0.681,-286.685,-128.503,-51.651,Pitch
0.048,0.503,0.719,-286.685,-106.522,-59.465,Pitch
-0.064,0.258,1.062,-255.745,-90.440,-43.846,Pitch
0.144,0.046,0.999,-206.211,-8.409,-52.693,Pitch
0.103,0.220,1.115,-67.699,1.934,0.254,Pitch
-0.046,0.206,1.021,6.475,17.675,22.837,Pitch
-0.103,0.149,0.791,172.909,45.894,10.491,Pitch
0.043,0.517,0.961,286.685,55.860,-3.999,Pitch
-0.071,0.799,0.886,286.685,81.174,-11.427,Pitch
-0.334,1.165,0.798,286.685,89.294,-13.939,Pitch
-0.172,0.887,0.598,286.685,85.802,-28.665,Pitch
0.152,1.032,0.035,286.685,128.144,-30.817,Pitch
0.175,0.903,-0.032,286.685,161.814,-6.825,Pitch
-0.141,0.851,0.283,129.036,62.204,82.696,Pitch
-0.112,0.851,0.018,-286.169,-82.854,84.324,Pitch
-0.074,0.804,0.000,-286.685,-200.270,106.951,Pitch
0.185,0.949,0.314,-286.685,-220.850,123.139,Pitch
0.178,0.752,0.680,-286.685,-122.526,137.673,Pitch
0.124,0.976,1.023,-286.685,44.581,41.528,Pitch
-0.176,-0.110,0.868,-286.685,-37.476,-17.360,Pitch
0.289,-0.217,0.791,-256.742,-63.481,-21.087,Pitch
0.122,0.162,1.357,-123.769,5.679,-1.173,Pitch
0.110,-0.112,0.923,20.895,-9.984,8.374,Pitch
0.127,0.014,0.909,187.819,-14.945,-5.486,Pitch
0.224,0.214,0.919,283.176,-1.138,-22.689,Pitch
0.174,0.579,1.128,286.685,72.660,-55.291,Pitch
0.026,0.579,0.831,286.685,98.315,-56.665,Pitch
-0.186,0.924,0.755,286.685,112.831,-74.235,Pitch
0.003,0.925,0.707,286.685,101.229,-76.143,Pitch
0.149,1.077,0.304,286.685,88.191,-83.536,Pitch
0.006,0.953,0.171,286.685,88.471,-21.298,Pitch
-0.038,0.963,0.504,143.089,28.122,20.528,Pitch
0.023,1.146,0.154,-284.760,-34.624,75.985,Pitch
-0.239,1.235,0.481,-286.685,-128.432,143.622,Pitch
0.028,1.050,0.324,-286.685,-144.331,97.090,Pitch
0.264,0.560,0.190,-286.685,-117.495,71.522,Pitch
0.205,0.338,0.907,-286.685,10.342,65.240,Pitch
-0.148,-0.085,1.050,-286.685,-6.860,13.536,Pitch
0.126,0.014,1.282,-192.544,-69.501,-6.344,Pitch
0.144,-0.566,0.678,-104.598,-60.865,-12.329,Pitch
0.294,-0.296,0.762,146.773,-21.131,-29.409,Pitch
0.360,0.089,0.889,286.685,56.577,-27.169,Pitch
0.207,0.510,1.333,286.685,112.306,-28.744,Pitch
-0.080,0.506,1.381,286.685,69.169,-42.219,Pitch
0.222,0.735,0.912,286.685,0.035,-59.439,Pitch
0.422,0.829,0.106,286.685,117.933,-56.647,Pitch
0.020,0.829,0.064,286.685,192.202,-30.765,Pitch
-0.070,0.896,0.292,286.685,158.716,-53.664,Pitch
0.216,1.002,-0.096,250.766,95.174,18.086,Pitch
-0.112,0.746,-0.101,67.944,59.465,67.970,Pitch
-0.165,0.620,-0.273,-9.651,27.519,36.943,Pitch
0.047,0.512,-0.113,-89.854,-25.760,-7.289,Pitch
0.084,0.719,-0.031,-286.624,-65.529,-66.824,Pitch
0.015,0.900,0.617,-286.685,-141.444,-35.752,Pitch
0.076,1.174,0.895,-286.685,-143.850,-14.420,Pitch
0.030,0.802,0.844,-286.685,-130.331,5.582,Pitch
-0.056,0.266,0.915,-286.685,-49.604,-46.996,Pitch
0.104,0.297,1.492,-286.685,-33.661,-76.650,Pitch
0.174,-0.024,0.982,-286.650,-81.786,-5.329,Pitch
-0.126,-0.283,0.585,-225.706,16.651,-16.966,Pitch
0.164,-0.064,1.211,91.438,33.845,-32.384,Pitch
0.207,0.027,1.252,182.140,0.184,2.695,Pitch
0.036,0.035,0.928,286.685,-7.114,17.001,Pitch
0.101,0.563,1.044,286.685,38.080,-23.581,Pitch
-0.018,0.750,0.990,286.685,55.562,-51.336,Pitch
0.026,0.858,0.834,286.685,64.391,-74.287,Pitch
0.115,1.079,0.518,286.685,112.044,-73.325,Pitch
0.101,0.971,-0.004,286.685,168.464,-45.465,Pitch
0.024,0.809,-0.249,286.685,176.208,8.111,Pitch
-0.046,0.687,-0.307,242.541,135.870,29.111,Pitch
0.033,0.468,-0.377,-84.332,35.717,31.421,Pitch
0.142,0.646,-0.359,-263.200,-33.399,29.802,Pitch
-0.145,0.794,-0.122,-286.685,-73.482,26.337,Pitch
-0.097,0.733,-0.075,-286.685,-131.171,-29.724,Pitch
0.197,0.812,0.672,-286.685,-151.331,-22.138,Pitch
0.051,0.890,1.047,-286.685,-120.671,9.739,Pitch
-0.068,0.530,0.878,-286.685,-93.870,-4.655,Pitch
0.056,0.103,1.015,-286.370,-29.129,-60.646,Pitch
0.213,0.507,1.450,-158.139,-55.746,3.316,Pitch
-0.010,-0.071,0.860,-76.466,-6.151,18.375,Pitch
0.023,0.064,0.795,48.965,35.822,-8.076,Pitch
0.094,0.439,0.972,286.685,66.395,-3.605,Pitch
0.079,0.860,0.905,286.685,87.150,6.457,Pitch
-0.259,0.912,0.841,286.685,60.209,-8.356,Pitch
-0.079,1.073,0.553,286.685,47.127,-40.871,Pitch
0.146,1.218,0.269,286.685,136.456,-79.774,Pitch
0.044,0.897,-0.098,286.685,170.546,-33.014,Pitch
-0.079,0.739,-0.219,286.081,147.026,-2.774,Pitch
-0.022,0.701,-0.357,67.970,61.294,33.469,Pitch
0.021,0.625,-0.346,-82.198,-9.809,52.272,Pitch
0.021,0.772,-0.274,-220.614,-47.189,21.017,Pitch
0.001,0.790,-0.170,-286.519,-82.652,10.395,Pitch
-0.019,0.862,-0.086,-286.685,-111.064,-31.868,Pitch
0.125,1.125,0.628,-286.685,-120.776,-5.084,Pitch
0.096,1.018,0.743,-286.685,-73.342,25.436,Pitch
-0.039,0.666,0.732,-286.685,-24.448,12.863,Pitch
-0.043,0.398,1.000,-258.055,51.135,-48.265,Pitch
0.042,0.662,1.139,-183.120,26.329,11.812,Pitch
-0.079,0.336,0.763,-155.601,18.506,37.537,Pitch
-0.188,0.323,0.906,-73.316,36.216,8.575,Pitch
-0.180,0.462,1.081,90.921,24.544,5.801,Pitch
-0.058,0.386,0.963,174.589,6.869,7.586,Pitch
-0.021,0.562,0.913,280.919,-0.499,21.840,Pitch
-0.121,0.901,0.923,286.685,21.105,9.310,Pitch
-0.241,1.078,0.728,286.685,7.140,4.795,Pitch
0.061,0.986,0.297,286.685,10.483,-6.965,Pitch
0.094,1.004,0.093,286.685,47.478,-9.109,Pitch
0.110,0.949,-0.243,286.685,75.574,21.604,Pitch
0.084,0.759,-0.163,252.376,86.091,73.421,Pitch
0.001,0.593,-0.255,40.976,63.061,68.670,Pitch
0.018,0.599,-0.448,-19.469,37.257,55.615,Pitch
-0.071,0.850,0.047,-103.985,0.543,29.208,Pitch
0.114,1.033,-0.115,-286.685,-25.419,-29.146,Pitch
0.100,0.987,-0.134,-286.685,-39.480,-21.009,Pitch
0.053,0.975,0.021,-286.685,-46.025,-22.129,Pitch
0.069,0.821,0.509,-286.685,-50.680,-23.660,Pitch
-0.041,0.790,0.823,-286.685,-25.436,-17.448,Pitch
-0.281,0.398,0.725,-286.685,-28.175,-42.779,Pitch
0.179,0.421,1.077,-175.079,-33.635,-68.548,Pitch
0.098,0.343,1.020,-92.312,-9.380,-5.591,Pitch
-0.022,0.348,1.061,-47.478,20.772,-10.561,Pitch
0.007,0.310,0.963,93.861,14.989,-6.379,Pitch
0.064,0.576,1.050,236.723,7.315,0.788,Pitch
0.014,0.681,0.725,286.685,29.286,12.031,Pitch
-0.146,0.803,0.653,286.685,41.939,3.579,Pitch
-0.219,1.166,0.484,286.685,42.822,-23.433,Pitch
-0.002,1.355,0.069,286.685,65.284,-41.239,Pitch
0.278,1.069,0.165,286.685,95.961,-28.866,Pitch
0.015,0.753,-0.327,246.732,97.160,32.025,Pitch
-0.043,0.593,-0.449,75.495,43.540,55.283,Pitch
0.114,0.526,-0.492,-44.800,-10.106,31.264,Pitch
0.170,0.583,-0.271,-164.185,-32.121,2.844,Pitch
0.089,0.867,0.009,-286.046,-59.316,-8.995,Pitch
0.018,0.797,-0.254,-286.685,-85.251,0.639,Pitch
-0.053,0.930,0.507,-286.685,-77.831,-10.124,Pitch
0.019,1.062,0.669,-286.685,-73.491,-12.530,Pitch
-0.004,0.809,0.823,-286.685,-24.141,-26.661,Pitch
-0.121,0.332,0.723,-286.134,-11.585,-52.894,Pitch
0.130,0.466,1.067,-163.616,-42.184,-26.950,Pitch
0.069,0.468,1.059,-108.369,-31.089,6.055,Pitch
-0.145,0.505,1.127,-22.610,3.001,-4.323,Pitch
0.010,0.427,0.839,153.939,6.318,-17.911,Pitch
0.018,0.596,0.800,286.457,25.296,-10.868,Pitch
0.111,0.907,0.679,286.685,49.018,-10.351,Pitch
-0.262,1.138,0.667,286.685,84.796,-25.401,Pitch
-0.180,1.311,0.450,286.685,50.208,-33.127,Pitch
0.040,1.196,0.370,286.685,68.810,-47.600,Pitch
0.131,0.859,0.044,286.685,129.045,-42.744,Pitch
-0.010,0.689,-0.327,179.786,99.601,40.145,Pitch
-0.117,0.729,-0.455,48.825,37.179,70.770,Pitch
-0.148,0.770,-0.411,44.756,7.840,54.556,Pitch
-0.000,0.781,-0.253,18.725,-6.055,1.470,Pitch
0.235,0.726,-0.080,-201.259,-20.869,-33.862,Pitch
0.187,0.865,-0.134,-286.685,-48.064,-25.655,Pitch
-0.106,1.130,0.191,-286.685,-51.861,-25.874,Pitch
-0.014,1.355,0.309,-286.685,-82.416,1.558,Pitch
-0.162,0.897,0.521,-286.685,-108.780,47.696,Pitch
-0.182,0.760,0.738,-286.685,-77.656,2.818,Pitch
0.031,0.362,0.778,-285.775,-56.761,-32.847,Pitch
0.096,0.262,0.944,-142.686,-26.337,5.093,Pitch
-0.040,0.230,1.041,-61.539,26.792,10.369,Pitch
-0.060,0.168,0.865,-61.232,24.211,-5.495,Pitch
-0.050,0.342,0.935,165.742,4.008,-0.429,Pitch
0.009,0.560,0.901,286.685,15.663,-2.756,Pitch
0.087,0.660,0.599,286.685,55.799,-22.872,Pitch
-0.062,1.069,0.649,286.685,59.526,-10.579,Pitch
-0.212,1.351,0.388,286.685,33.819,6.720,Pitch
0.066,1.347,0.291,286.685,34.423,-3.194,Pitch
0.197,1.108,0.183,286.685,60.139,18.987,Pitch
0.085,0.732,-0.271,253.951,80.692,50.059,Pitch
-0.067,0.685,-0.360,63.525,35.140,62.615,Pitch
0.122,0.566,-0.387,-47.906,-6.151,29.802,Pitch
0.201,0.719,-0.213,-127.671,-16.966,17.972,Pitch
0.137,0.840,-0.182,-286.685,-26.390,-11.576,Pitch
-0.098,0.906,0.066,-286.685,-57.120,-15.837,Pitch
-0.010,1.059,0.565,-286.685,-85.024,-30.817,Pitch
0.325,1.243,0.581,-286.685,-81.086,-10.762,Pitch
-0.257,0.978,1.118,-286.685,-66.815,25.007,Pitch
-0.091,-0.028,0.563,-285.862,-66.202,-67.497,Pitch
0.424,0.293,1.266,-105.184,-11.314,-89.346,Pitch
0.323,0.492,1.315,-112.158,-12.574,-1.242,Pitch
0.009,0.212,1.087,-135.336,14.464,22.234,Pitch
-0.052,0.023,0.908,54.906,-2.975,9.214,Pitch
0.105,0.228,0.904,178.299,-16.835,11.121,Pitch
0.242,0.441,1.011,286.685,9.153,10.246,Pitch
0.081,0.830,0.927,286.685,82.022,-11.926,Pitch
-0.153,0.908,0.864,286.685,83.842,-36.995,Pitch
-0.038,0.925,0.622,286.685,54.434,-61.303,Pitch
-0.075,1.063,0.060,286.685,69.143,-79.520,Pitch
0.038,1.280,0.297,286.685,133.525,-80.710,Pitch
0.100,0.851,0.020,268.415,117.635,-15.689,Pitch
0.124,0.645,-0.398,146.440,95.165,33.600,Pitch
0.009,0.529,-0.453,56.228,66.264,43.522,Pitch
0.074,0.646,-0.340,-4.725,39.191,28.096,Pitch
-0.004,0.683,-0.118,-171.500,-0.114,-6.956,Pitch
0.115,0.818,0.031,-286.344,-37.389,-17.876,Pitch
-0.164,1.055,-0.065,-286.685,-80.649,-29.881,Pitch
-0.055,1.111,0.484,-286.685,-105.446,-46.480,Pitch
0.130,0.778,0.760,-286.685,-100.625,-32.979,Pitch
-0.317,0.767,1.021,-286.685,-64.041,-41.449,Pitch
-0.259,0.329,1.062,-286.685,-58.949,-121.730,Pitch
0.191,0.179,0.947,-286.685,-95.436,-60.436,Pitch
0.151,-0.212,0.533,-232.137,-46.305,-0.079,Pitch
-0.052,-0.196,0.593,-140.919,-6.142,-0.420,Pitch
0.051,-0.084,0.935,162.339,-20.081,11.349,Pitch
0.106,0.225,1.087,286.484,-9.126,26.670,Pitch
0.235,0.302,0.955,286.685,52.202,26.189,Pitch
0.058,0.561,0.844,286.685,92.558,17.185,Pitch
-0.286,1.109,0.803,286.685,94.728,6.641,Pitch
-0.108,1.127,0.625,286.685,55.379,-9.240,Pitch
0.225,1.074,0.175,286.685,93.109,-32.454,Pitch
0.122,1.143,0.210,286.685,135.739,-28.061,Pitch
-0.085,0.843,-0.147,215.329,97.808,1.111,Pitch
-0.017,0.794,-0.379,78.715,49.061,15.094,Pitch
0.018,0.667,-0.353,55.877,46.340,11.664,Pitch
0.022,0.680,-0.309,15.286,43.741,-16.083,Pitch
0.047,0.818,0.010,-167.562,-8.470,-31.465,Pitch
-0.017,0.885,-0.318,-286.685,-67.270,-45.833,Pitch
-0.217,1.274,0.106,-286.685,-86.940,-48.921,Pitch
-0.175,1.224,0.272,-286.685,-113.934,-45.929,Pitch
0.069,0.786,0.213,-286.685,-127.759,-54.320,Pitch
-0.198,0.870,0.916,-286.685,-58.721,-51.074,Pitch
-0.188,0.533,0.909,-286.685,-86.424,-55.659,Pitch
0.090,0.093,0.812,-282.485,-83.405,-54.915,Pitch
0.135,0.095,1.120,-147.717,-42.420,-9.852,Pitch
-0.069,-0.227,0.631,-137.042,-17.395,7.193,Pitch
-0.094,-0.041,1.011,52.754,-13.738,11.812,Pitch
-0.033,0.096,0.955,208.898,-5.950,7.971,Pitch
0.162,0.478,1.100,286.685,2.415,18.007,Pitch
0.098,0.615,1.004,286.685,57.391,20.790,Pitch
-0.265,0.905,1.056,286.685,24.404,28.560,Pitch
0.110,0.807,0.623,286.685,12.810,-25.034,Pitch
0.263,0.927,-0.188,286.685,144.314,-33.994,Pitch
0.179,1.050,-0.248,286.685,204.094,-7.157,Pitch
-0.101,1.016,-0.146,286.685,166.617,54.810,Pitch
-0.165,0.578,-0.381,139.169,51.765,74.830,Pitch
0.093,0.453,-0.594,72.774,6.983,40.653,Pitch
0.167,0.557,-0.359,42.280,8.286,12.101,Pitch
0.258,0.600,-0.082,-158.961,-1.706,-17.089,Pitch
0.027,0.981,-0.155,-286.685,-47.215,-39.436,Pitch
-0.240,1.126,-0.145,-286.685,-81.314,-90.055,Pitch
-0.018,1.040,0.078,-286.685,-66.027,-117.425,Pitch
0.041,0.733,0.449,-286.685,18.952,-138.583,Pitch
-0.215,0.903,1.310,-286.685,-4.673,-87.369,Pitch
-0.215,-0.117,0.579,-274.943,-62.335,-112.674,Pitch
-0.043,0.187,1.256,-236.941,-34.825,-129.482,Pitch
-0.016,0.321,1.374,-187.180,-42.551,-50.855,Pitch
-0.205,-0.050,0.532,-208.206,-46.375,-17.509,Pitch
-0.080,0.008,0.928,68.836,-47.827,-5.276,Pitch
-0.057,0.113,1.035,115.964,2.188,-12.941,Pitch
-0.014,0.224,1.227,107.494,23.651,-19.276,Pitch
0.088,0.325,1.151,37.135,6.948,12.941,Pitch
-0.340,0.012,1.060,14.236,-19.425,20.317,Pitch
-0.074,0.242,0.991,9.494,-11.419,-48.239,Pitch
-0.208,0.234,1.107,-4.261,-8.015,-47.162,Pitch
0.073,0.246,1.046,2.082,-26.049,-29.006,Pitch
0.004,0.271,1.020,24.780,-53.401,21.035,Pitch
-0.094,0.134,0.928,44.870,-48.318,17.859,Pitch
-0.010,0.232,0.874,200.182,-1.286,-3.535,Pitch
-0.029,0.471,0.739,286.685,42.849,-1.986,Pitch
-0.113,0.685,0.542,286.685,83.081,-1.461,Pitch
-0.281,0.886,0.535,286.685,97.423,-30.564,Pitch
0.045,1.216,0.407,286.685,123.637,-72.660,Pitch
0.024,1.248,0.243,286.685,179.524,-45.509,Pitch
-0.036,1.118,0.130,286.300,158.830,33.241,Pitch
-0.257,0.772,-0.189,66.596,116.445,52.028,Pitch
-0.230,0.808,0.197,-141.820,18.314,23.634,Pitch
-0.226,1.176,-0.041,-286.685,-52.369,-39.909,Pitch
-0.274,1.273,0.017,-286.685,-112.884,-47.197,Pitch
-0.250,1.403,0.467,-286.685,-144.716,-28.779,Pitch
-0.084,0.819,0.304,-286.685,-167.125,-4.979,Pitch
0.137,0.281,0.613,-286.685,-120.855,-33.031,Pitch
-0.115,-0.044,0.663,-285.854,-75.154,-44.126,Pitch
0.050,-0.200,0.819,-160.239,-107.459,-30.800,Pitch
0.204,-0.331,0.902,-0.105,-109.043,-4.323,Pitch
0.254,-0.134,0.869,120.750,-58.966,22.103,Pitch
0.206,0.114,0.772,284.112,27.939,20.860,Pitch
0.081,0.449,0.866,286.685,81.611,5.758,Pitch
-0.288,0.737,0.709,286.685,91.971,-22.864,Pitch
-0.066,1.284,0.797,286.685,65.870,-92.899,Pitch
0.023,1.340,0.520,286.685,131.600,-88.113,Pitch
0.173,1.253,0.295,286.685,149.966,-56.901,Pitch
-0.197,0.927,-0.023,285.819,133.709,3.421,Pitch
-0.088,0.822,-0.324,145.880,70.630,17.334,Pitch
-0.038,0.731,-0.323,29.610,26.880,13.239,Pitch
-0.078,0.730,-0.169,-49.096,-3.229,2.249,Pitch
0.008,0.965,-0.070,-276.911,-62.711,-33.486,Pitch
-0.012,1.068,-0.232,-286.685,-120.610,-37.118,Pitch
-0.190,1.026,0.256,-286.685,-145.652,-26.311,Pitch
-0.087,0.819,0.444,-286.685,-154.621,-28.700,Pitch
0.199,0.681,0.617,-286.685,-118.562,-21.595,Pitch
-0.169,0.297,0.913,-286.685,-53.655,-27.046,Pitch
0.032,0.257,1.215,-205.809,-59.561,-34.186,Pitch
0.099,0.189,1.099,-94.588,-46.900,5.836,Pitch
0.013,0.210,1.185,-28.726,-26.276,13.939,Pitch
0.044,0.139,0.900,204.374,13.090,17.666,Pitch
0.057,0.496,0.902,286.685,62.291,7.691,Pitch
-0.103,0.736,0.806,286.685,87.605,3.334,Pitch
-0.137,0.973,0.861,286.685,38.342,4.331,Pitch
0.076,1.159,0.493,286.685,82.110,-34.991,Pitch
0.038,1.095,0.183,286.685,158.856,-16.949,Pitch
-0.027,0.939,0.023,286.685,156.310,9.336,Pitch
-0.050,0.835,-0.269,222.443,100.966,27.641,Pitch
-0.070,0.785,-0.312,65.835,32.366,40.854,Pitch
-0.022,0.709,-0.367,-26.442,5.740,15.750,Pitch
-0.003,0.749,-0.139,-94.622,-10.517,-9.651,Pitch
0.133,0.919,-0.053,-284.349,-45.754,-35.525,Pitch
-0.113,1.022,-0.049,-286.685,-86.354,-38.421,Pitch
-0.299,0.996,0.538,-286.685,-114.223,-77.245,Pitch
0.028,1.140,0.745,-286.685,-125.143,-88.716,Pitch
-0.230,0.456,0.582,-286.685,-88.060,-49.394,Pitch
0.020,0.080,0.773,-234.334,-24.246,-95.419,Pitch
0.026,0.374,1.340,-65.940,11.926,-64.312,Pitch
-0.019,0.322,1.163,-60.620,-6.265,-14.534,Pitch
-0.016,0.003,0.643,-14.674,-12.092,3.378,Pitch
0.010,0.250,0.684,242.182,-6.510,21.683,Pitch
-0.003,0.507,0.752,286.685,28.525,22.251,Pitch
-0.152,0.818,0.672,286.685,65.231,35.893,Pitch
-0.197,1.029,0.710,286.685,34.458,40.696,Pitch
0.120,1.095,0.305,286.685,62.291,24.413,Pitch
0.076,0.958,-0.060,286.685,119.849,20.580,Pitch
-0.095,1.058,-0.037,285.915,124.206,24.719,Pitch
-0.095,0.916,-0.240,70.088,52.290,35.026,Pitch
-0.069,0.752,-0.190,-84.796,-13.694,29.164,Pitch
0.077,0.722,-0.178,-192.133,-26.792,-6.099,Pitch
0.093,0.973,0.013,-286.685,-47.110,-19.906,Pitch
-0.100,0.921,0.059,-286.685,-71.820,-33.731,Pitch
-0.072,0.851,0.543,-286.685,-77.963,-52.544,Pitch
0.133,0.972,0.869,-286.685,-44.327,-29.540,Pitch
-0.330,0.480,0.906,-286.685,-33.110,-32.550,Pitch
-0.173,0.183,0.996,-224.508,-36.304,-85.846,Pitch
0.059,0.289,1.217,-132.256,-41.991,-77.630,Pitch
0.050,0.238,1.132,-79.791,-5.014,-21.420,Pitch
-0.052,0.033,0.821,28.831,0.796,-2.380,Pitch
0.056,0.359,0.898,208.985,-6.528,18.699,Pitch
0.088,0.498,0.882,286.405,4.287,40.985,Pitch
-0.068,0.688,0.705,286.685,55.423,37.275,Pitch
-0.297,1.034,0.802,286.685,52.894,14.052,Pitch
-0.219,0.941,0.717,286.685,45.972,-19.836,Pitch
0.098,1.037,0.438,286.685,83.685,-36.776,Pitch
0.084,1.000,0.071,286.685,152.758,-37.564,Pitch
-0.073,0.907,-0.152,188.694,138.425,-12.084,Pitch
-0.118,0.792,-0.300,91.271,94.649,-5.679,Pitch
-0.050,0.736,-0.265,9.669,26.950,-6.939,Pitch
0.054,0.620,-0.294,-63.166,-9.844,-20.458,Pitch
-0.051,0.775,-0.105,-207.655,-38.833,-38.876,Pitch
-0.150,0.885,0.137,-286.484,-77.831,-47.268,Pitch
-0.150,0.824,0.443,-286.685,-140.997,-49.472,Pitch
-0.051,1.178,0.766,-286.685,-175.875,-25.970,Pitch
-0.318,0.888,0.935,-286.685,-159.434,22.969,Pitch
-0.312,0.234,0.714,-286.685,-178.710,-32.664,Pitch
0.203,0.256,1.096,-278.189,-159.390,-42.884,Pitch
0.193,0.316,1.128,-129.491,-40.810,-0.919,Pitch
-0.006,-0.157,0.594,-55.160,7.446,-1.155,Pitch
-0.039,0.188,1.001,251.641,24.964,-5.784,Pitch
0.050,0.574,1.089,286.685,53.585,-13.002,Pitch
0.033,0.836,0.942,286.685,122.281,-29.347,Pitch
-0.129,1.005,0.877,286.685,126.595,-5.224,Pitch
0.119,0.875,0.591,286.685,129.631,10.868,Pitch
0.133,0.820,0.197,286.685,148.444,35.639,Pitch
0.015,0.655,-0.273,227.036,117.198,64.050,Pitch
-0.094,0.722,-0.119,-113.908,-15.890,75.478,Pitch
-0.089,0.896,0.041,-284.279,-102.550,67.025,Pitch
0.137,0.819,-0.087,-286.685,-172.279,57.330,Pitch
0.066,0.885,0.579,-286.685,-136.001,51.432,Pitch
0.111,0.795,0.511,-286.685,-77.140,-6.764,Pitch
0.147,0.238,0.936,-286.685,-38.062,-36.566,Pitch
0.268,0.190,1.406,-276.080,-6.589,-17.001,Pitch
0.130,-0.089,1.134,-185.684,23.179,12.241,Pitch
0.020,0.027,1.213,-122.159,44.564,-8.540,Pitch
0.005,0.032,1.053,69.615,39.139,-12.110,Pitch
0.097,0.187,0.913,202.283,33.425,-10.920,Pitch
0.276,0.415,0.933,286.685,81.769,-9.275,Pitch
0.069,0.661,1.015,286.685,124.600,-3.622,Pitch
-0.362,0.898,0.912,286.685,119.717,-0.919,Pitch
-0.085,0.709,0.670,286.685,53.305,-40.504,Pitch
0.203,1.063,0.152,286.685,106.444,-36.260,Pitch
0.098,0.971,-0.022,286.685,148.768,1.391,Pitch
-0.071,0.939,0.073,244.423,91.683,54.460,Pitch
-0.060,0.720,-0.114,-120.995,-16.782,63.831,Pitch
-0.031,0.807,-0.097,-263.384,-69.230,46.506,Pitch
-0.004,0.887,-0.203,-286.685,-86.853,14.079,Pitch
-0.107,1.070,0.378,-286.685,-118.003,-6.081,Pitch
0.091,1.071,0.636,-286.685,-155.925,-9.686,Pitch
0.219,0.675,0.681,-286.685,-127.978,9.065,Pitch
-0.009,0.279,0.881,-286.685,-76.991,10.080,Pitch
0.176,0.026,0.967,-255.859,-25.077,-16.573,Pitch
0.193,0.192,1.253,-144.874,-6.335,10.220,Pitch
0.003,0.023,0.906,-142.327,13.212,5.731,Pitch
0.032,0.049,0.968,20.177,8.435,-3.027,Pitch
0.124,0.100,0.958,172.253,28.718,4.191,Pitch
0.167,0.212,0.851,284.121,55.510,9.424,Pitch
0.084,0.614,0.900,286.685,114.257,-8.461,Pitch
-0.297,0.908,0.978,286.685,110.539,-16.188,Pitch
-0.005,0.903,0.586,286.685,54.189,-44.713,Pitch
0.158,0.964,0.012,286.685,89.548,-34.213,Pitch
0.025,1.137,-0.132,286.685,175.788,-7.411,Pitch
-0.171,0.969,0.084,277.043,113.006,48.484,Pitch
0.001,0.582,-0.411,27.020,28.612,74.043,Pitch
0.003,0.570,-0.233,-105.691,-9.091,66.071,Pitch
0.115,0.896,-0.174,-286.256,-59.754,36.234,Pitch
-0.082,0.958,-0.001,-286.685,-103.679,11.410,Pitch
0.182,0.934,0.255,-286.685,-128.467,3.080,Pitch
0.235,1.033,0.785,-286.685,-87.815,24.220,Pitch
-0.157,0.678,0.971,-286.685,-34.414,21.411,Pitch
-0.140,-0.036,0.555,-286.274,-43.566,-51.100,Pitch
0.115,0.212,1.200,-30.433,-56.446,-23.853,Pitch
0.190,-0.180,0.867,155.312,12.889,-17.640,Pitch
0.094,0.127,0.639,286.615,92.085,-33.005,Pitch
-0.203,1.030,0.763,286.685,90.046,-48.746,Pitch
-0.012,1.177,0.634,286.685,76.632,-97.991,Pitch
0.060,1.386,0.310,286.685,105.175,-80.290,Pitch
0.234,0.967,0.163,286.685,214.436,-53.007,Pitch
0.044,0.516,0.037,18.839,112.166,53.804,Pitch
0.052,0.625,-0.245,-285.110,-36.391,89.757,Pitch
-0.005,1.084,-0.256,-286.685,-173.276,125.921,Pitch
-0.004,0.894,0.340,-286.685,-160.878,125.659,Pitch
0.221,0.713,0.777,-286.685,-50.724,36.269,Pitch
-0.089,-0.186,1.144,-276.430,47.897,-75.967,Pitch
-0.025,0.093,1.192,-106.146,-33.364,-67.786,Pitch
0.325,-0.144,1.239,205.152,68.241,-51.135,Pitch
-0.117,0.642,1.088,286.685,141.146,-45.351,Pitch
-0.212,1.315,1.184,286.685,142.712,-44.730,Pitch
-0.107,0.757,0.540,286.685,70.717,-75.005,Pitch
0.088,1.171,-0.132,286.685,115.692,-123.830,Pitch
0.192,1.123,0.118,286.685,167.151,-57.838,Pitch
0.335,0.703,-0.044,135.712,120.566,45.342,Pitch
-0.105,0.727,-0.193,-286.685,-49.228,153.475,Pitch
-0.085,1.055,-0.385,-286.685,-164.106,131.591,Pitch
0.047,0.977,0.538,-286.685,-118.256,133.201,Pitch
-0.007,1.040,0.989,-286.685,-15.146,44.415,Pitch
-0.064,-0.065,0.345,-286.685,22.724,6.186,Pitch
-0.117,0.275,1.899,-170.896,-10.132,-53.550,Pitch
0.173,-0.350,1.049,-10.579,-2.870,-21.525,Pitch
0.050,-0.405,0.318,168.271,71.610,-49.901,Pitch
-0.007,0.982,0.856,286.685,138.031,-34.116,Pitch
-0.154,0.874,0.483,286.685,137.515,-31.316,Pitch
-0.007,1.073,-0.383,286.685,149.056,-75.950,Pitch
0.008,1.354,-0.005,286.685,187.591,-98.044,Pitch
0.234,0.979,0.025,286.685,205.520,-19.792,Pitch
0.222,0.336,-0.329,-21.105,80.596,104.204,Pitch
-0.162,0.615,-0.284,-279.668,-107.747,100.537,Pitch
0.069,1.098,-0.321,-286.685,-166.364,34.974,Pitch
0.334,1.249,0.684,-286.685,-117.390,69.624,Pitch
-0.323,1.837,1.254,-286.685,-42.796,84.971,Pitch
-0.395,0.732,0.311,-286.685,-42.604,-50.129,Pitch
-0.360,0.074,0.783,-219.546,-111.965,-101.973,Pitch
0.507,-0.248,0.814,255.273,-29.120,-96.215,Pitch
-0.010,0.521,0.986,286.685,158.156,-53.769,Pitch
-0.237,1.209,1.067,286.685,194.924,-94.054,Pitch
0.227,1.119,0.149,286.685,209.799,-100.783,Pitch
0.316,1.068,-0.230,286.685,266.525,-59.071,Pitch
0.149,0.655,-0.087,280.324,199.824,96.880,Pitch
-0.074,0.106,-0.616,-13.186,65.966,150.693,Pitch
-0.197,0.260,-0.548,-286.685,-167.011,106.137,Pitch
0.192,0.550,-0.249,-286.685,-208.889,14.831,Pitch
0.023,1.286,1.284,-286.685,-64.190,-19.119,Pitch
-0.023,1.219,1.582,-286.685,-49.542,-51.126,Pitch
0.116,0.769,1.512,-286.685,-100.747,-18.454,Pitch
-0.329,0.899,1.999,-286.598,-166.346,3.955,Pitch
0.177,-0.581,0.382,-280.927,-201.259,-18.987,Pitch
0.496,-1.120,-0.677,-50.391,-109.988,-33.014,Pitch
0.289,0.623,0.439,286.685,116.104,-77.140,Pitch
-0.393,1.194,0.435,286.685,286.685,-153.247,Pitch
-0.051,1.676,0.398,286.685,282.791,-175.542,Pitch
-0.070,1.435,0.305,286.685,252.446,-95.165,Pitch
0.112,0.577,-0.029,286.685,205.161,-48.283,Pitch
0.074,0.559,-0.235,123.673,53.393,55.239,Pitch
-0.253,1.100,0.383,-286.562,-157.570,145.591,Pitch
-0.144,1.124,-0.309,-286.685,-244.449,132.431,Pitch
0.076,1.014,0.275,-286.685,-180.057,128.555,Pitch
-0.003,1.002,1.029,-286.685,-49.569,36.662,Pitch
0.043,0.762,1.127,-286.685,8.295,-29.750,Pitch
-0.615,-0.211,0.603,-192.833,-129.902,15.321,Pitch
0.118,-0.174,1.204,-66.640,-105.761,1.015,Pitch
0.089,0.071,0.755,286.685,106.129,-38.561,Pitch
-0.153,1.166,0.866,286.685,219.503,-63.857,Pitch
-0.246,1.230,0.656,286.685,187.014,-40.784,Pitch
0.061,1.111,0.568,286.685,137.865,-7.271,Pitch
0.182,1.049,0.171,286.685,151.900,32.025,Pitch
0.050,0.490,-0.144,266.569,148.899,87.238,Pitch
-0.081,0.315,-0.310,30.914,53.296,74.909,Pitch
0.212,0.572,-0.089,-280.665,-102.611,42.166,Pitch
0.093,0.970,0.326,-286.685,-172.445,46.261,Pitch
-0.095,1.145,1.256,-286.685,-76.195,11.051,Pitch
0.147,0.905,1.218,-286.685,-8.382,-67.375,Pitch
-0.414,-0.582,0.656,-275.879,-66.027,-72.975,Pitch
0.157,0.139,1.673,-263.209,-122.938,-71.680,Pitch
0.082,-0.145,1.179,-258.641,-59.307,-24.736,Pitch
0.163,-0.477,0.903,-56.184,-80.010,-14.639,Pitch
0.193,-0.256,0.614,256.961,-22.199,-14.910,Pitch
0.086,0.295,0.394,286.685,133.761,-35.201,Pitch
-0.217,0.996,0.837,286.685,174.527,-55.790,Pitch
0.047,1.055,0.686,286.685,150.482,-82.749,Pitch
0.045,1.164,0.216,286.685,136.439,-45.719,Pitch
0.192,0.857,-0.109,286.685,163.048,-13.965,Pitch
0.118,0.905,0.219,109.235,114.459,8.041,Pitch
-0.017,1.041,0.141,-277.226,-20.545,26.827,Pitch
-0.088,1.243,-0.070,-286.685,-183.715,79.564,Pitch
-0.120,1.242,0.869,-286.685,-153.283,70.271,Pitch
0.297,0.455,0.848,-286.685,-8.146,-22.146,Pitch
-0.168,-0.257,0.546,-286.685,53.095,-30.354,Pitch
-0.213,0.329,1.490,-112.280,-98.779,-36.304,Pitch
0.007,-1.249,-0.119,-102.427,-66.299,-71.698,Pitch
0.341,-0.064,0.848,284.848,43.531,-31.097,Pitch
0.153,0.269,0.841,286.685,145.180,-20.580,Pitch
-0.018,1.076,1.239,286.685,170.258,14.262,Pitch
-0.251,0.839,0.994,286.685,83.221,34.571,Pitch
-0.143,0.907,0.805,286.685,-0.884,20.151,Pitch
0.171,0.791,0.323,286.685,40.259,-2.004,Pitch
-0.032,1.081,0.165,286.685,109.121,-4.261,Pitch
0.020,0.967,0.284,150.727,85.934,3.631,Pitch
0.060,0.913,0.055,-88.707,63.674,8.873,Pitch
-0.111,0.870,0.090,-284.979,1.444,19.320,Pitch
-0.165,0.936,0.281,-286.685,-67.996,-24.605,Pitch
-0.061,0.802,0.445,-286.685,-129.920,-59.553,Pitch
-0.110,0.546,0.751,-286.685,-109.620,-51.660,Pitch
-0.104,0.025,0.990,-286.685,-55.484,-65.520,Pitch
0.043,-0.288,1.133,-283.859,13.038,-69.405,Pitch
-0.090,-0.318,1.160,-127.881,-13.484,-42.665,Pitch
-0.026,-0.270,0.881,17.526,-29.767,-39.270,Pitch
0.156,-0.295,0.678,148.006,-32.454,-21.735,Pitch
0.134,0.204,0.823,286.685,37.083,4.358,Pitch
0.003,0.668,1.267,286.685,74.113,17.439,Pitch
-0.119,0.799,1.220,286.685,7.901,30.905,Pitch
0.023,0.666,0.708,285.906,-7.901,12.267,Pitch
0.055,0.696,0.311,285.189,29.671,-2.966,Pitch
-0.063,0.829,0.316,286.685,57.173,5.985,Pitch
-0.015,0.831,0.436,256.427,68.460,-2.380,Pitch
-0.014,0.885,0.827,-40.635,59.894,4.174,Pitch
-0.082,0.946,0.564,-286.685,-28.140,33.565,Pitch
-0.290,0.859,0.759,-286.685,-57.741,15.531,Pitch
-0.263,0.461,0.617,-286.685,-47.057,-34.799,Pitch
-0.102,-0.081,0.751,-286.685,-16.817,-84.201,Pitch
0.085,-0.058,1.237,-245.455,2.082,-77.061,Pitch
-0.037,-0.065,1.158,-204.864,-72.581,-12.355,Pitch
-0.054,-0.443,0.672,-164.518,-79.240,-17.237,Pitch
-0.006,-0.242,0.865,32.515,-77.052,-17.491,Pitch
0.213,-0.084,0.810,270.786,-21.910,-10.605,Pitch
0.154,0.483,1.101,286.685,63.429,5.302,Pitch
-0.023,0.687,1.304,286.685,107.853,-4.077,Pitch
-0.140,0.766,0.969,286.685,92.969,-0.385,Pitch
-0.066,0.785,0.656,286.685,60.279,-2.336,Pitch
-0.035,0.890,0.463,286.685,57.671,-13.799,Pitch
-0.046,1.010,0.371,286.685,56.341,-13.125,Pitch
-0.022,0.992,0.157,286.685,57.925,7.718,Pitch
-0.098,0.920,-0.004,222.583,79.835,0.866,Pitch
-0.120,0.887,0.098,129.500,64.277,-7.140,Pitch
-0.150,0.935,0.163,0.604,32.034,-8.549,Pitch
-0.088,0.811,-0.047,-197.803,-18.515,-23.380,Pitch
-0.147,1.016,0.331,-286.668,-40.530,-22.759,Pitch
-0.274,1.038,0.485,-286.685,-85.916,-30.161,Pitch
-0.161,0.939,0.421,-286.685,-118.729,-52.194,Pitch
-0.090,0.773,0.715,-286.685,-136.246,-32.217,Pitch
-0.101,0.414,0.902,-286.685,-126.963,-5.793,Pitch
-0.002,0.126,0.988,-234.824,-62.930,-20.326,Pitch
0.066,0.058,1.074,-142.336,-24.824,-23.642,Pitch
0.071,0.253,1.305,-101.684,-14.709,5.749,Pitch
-0.188,0.117,1.238,-44.809,-32.952,28.954,Pitch
0.074,-0.054,0.912,116.445,0.543,-9.704,Pitch
0.139,0.183,0.727,278.145,85.479,-27.869,Pitch
0.019,0.585,0.630,286.685,133.586,-5.898,Pitch
-0.155,0.953,0.551,286.685,97.589,19.329,Pitch
-0.178,1.059,0.586,286.685,42.884,13.597,Pitch
0.028,1.002,0.359,286.685,40.259,8.794,Pitch
0.003,0.924,0.177,286.685,60.550,28.735,Pitch
-0.134,0.894,0.092,203.044,60.996,27.204,Pitch
-0.145,0.845,0.094,79.931,44.870,10.342,Pitch
-0.097,0.865,0.195,-206.876,-5.049,-17.806,Pitch
-0.103,1.138,0.305,-286.685,-50.216,-13.536,Pitch
-0.307,1.297,0.689,-286.685,-112.052,9.074,Pitch
-0.196,1.030,0.481,-286.685,-139.571,-12.688,Pitch
-0.020,0.378,0.490,-286.685,-120.277,-56.271,Pitch
-0.018,-0.278,0.712,-286.685,-104.344,-55.501,Pitch
0.021,-0.381,1.028,-282.135,-117.924,-30.914,Pitch
0.165,-0.683,0.819,-128.651,-121.817,-5.521,Pitch
0.190,-0.682,0.834,0.858,-85.601,2.747,Pitch
0.313,-0.418,0.840,242.751,-20.204,2.047,Pitch
0.196,0.165,1.013,286.685,58.879,1.829,Pitch
-0.103,0.576,0.912,286.685,134.986,-40.574,Pitch
-0.111,0.744,0.800,286.685,163.975,-74.279,Pitch
-0.154,1.093,1.059,286.685,123.681,-70.438,Pitch
0.221,1.102,0.417,286.685,118.554,-69.930,Pitch
0.191,1.078,0.023,286.685,164.439,-12.241,Pitch
-0.045,0.821,-0.050,286.685,154.814,-2.756,Pitch
-0.142,0.957,0.069,40.495,57.627,-1.496,Pitch
-0.091,0.915,-0.070,-279.046,-53.952,17.570,Pitch
-0.126,1.065,-0.024,-286.685,-107.529,22.321,Pitch
-0.186,1.053,0.428,-286.685,-135.249,20.991,Pitch
0.008,0.964,0.702,-286.685,-123.760,-20.055,Pitch
0.019,0.488,0.849,-286.685,-123.567,9.109,Pitch
-0.100,0.076,0.825,-286.685,-120.409,5.626,Pitch
0.002,-0.223,1.224,-258.624,-61.854,-28.858,Pitch
0.122,-0.353,1.121,-6.965,-49.630,-12.845,Pitch
0.133,-0.223,0.838,222.950,23.712,-3.526,Pitch
0.123,0.179,0.870,286.685,92.540,-13.519,Pitch
-0.057,0.723,0.942,286.685,130.139,-19.180,Pitch
-0.196,0.988,0.953,286.685,103.810,-30.476,Pitch
-0.070,0.947,0.729,286.685,67.130,-29.015,Pitch
0.117,0.933,0.071,286.685,89.985,-16.896,Pitch
0.090,1.025,-0.126,286.685,155.960,-6.309,Pitch
-0.108,1.117,0.025,286.466,145.565,31.343,Pitch
-0.079,0.778,-0.175,183.374,79.091,58.905,Pitch
-0.021,0.450,-0.496,14.840,-17.386,60.279,Pitch
0.081,0.552,-0.489,-100.713,-61.338,18.419,Pitch
-0.084,0.898,-0.076,-281.820,-73.622,-28.385,Pitch
-0.063,0.912,-0.080,-286.685,-65.546,-63.577,Pitch
-0.019,0.820,0.450,-286.685,-51.905,-58.739,Pitch
-0.272,1.001,0.949,-286.685,-85.015,-15.295,Pitch
-0.101,0.804,0.969,-286.685,-87.229,-28.936,Pitch
-0.113,0.546,0.988,-286.685,-56.131,-63.446,Pitch
-0.141,0.123,1.080,-286.685,-84.341,-50.304,Pitch
0.054,-0.050,0.999,-190.934,-139.431,4.506,Pitch
0.008,-0.278,0.531,-44.397,-69.659,-6.755,Pitch
0.020,0.013,0.798,196.018,-35.026,-18.323,Pitch
0.170,0.518,1.022,286.685,45.588,-39.804,Pitch
-0.058,0.745,1.030,286.685,78.312,-34.982,Pitch
-0.041,0.887,0.982,286.685,66.754,-21.761,Pitch
0.100,0.769,0.683,286.685,45.833,-13.729,Pitch
0.199,0.675,-0.103,286.685,109.375,-47.521,Pitch
0.126,0.892,-0.018,286.685,162.050,-39.174,Pitch
-0.041,0.995,0.084,230.003,104.169,-0.044,Pitch
-0.211,0.948,0.121,-123.375,21.481,28.175,Pitch
-0.075,1.107,-0.026,-286.685,-68.731,28.035,Pitch
-0.063,1.043,0.296,-286.685,-122.658,56.980,Pitch
0.008,0.940,0.511,-286.685,-128.852,46.795,Pitch
0.183,0.538,0.667,-286.685,-78.531,-0.035,Pitch
-0.085,0.309,1.071,-286.685,-60.393,0.219,Pitch
-0.099,-0.126,0.999,-223.116,-58.135,-25.874,Pitch
0.139,0.054,1.328,-45.701,-20.965,-29.155,Pitch
0.149,0.112,1.191,189.402,49.166,-19.871,Pitch
0.055,0.387,0.977,286.589,90.361,-19.364,Pitch
-0.023,0.669,0.813,286.685,93.573,-18.629,Pitch
-0.122,0.830,0.767,286.685,75.224,-4.253,Pitch
-0.016,0.887,0.626,286.685,32.603,20.746,Pitch
0.006,0.970,0.365,286.685,32.270,27.090,Pitch
-0.048,1.028,0.154,286.685,49.700,27.510,Pitch
-0.032,0.897,-0.064,286.685,68.005,22.934,Pitch
-0.096,0.868,-0.153,269.561,70.919,-5.162,Pitch
0.054,0.839,-0.155,141.330,27.772,-3.062,Pitch
0.082,0.722,-0.185,16.791,5.477,12.127,Pitch
0.006,0.753,-0.080,-262.579,-42.166,6.615,Pitch
0.039,0.929,0.039,-286.685,-82.294,11.734,Pitch
-0.031,1.132,0.485,-286.685,-71.566,2.852,Pitch
0.040,1.111,0.677,-286.685,-66.124,6.440,Pitch
-0.058,0.526,0.622,-286.685,-49.053,-4.769,Pitch
-0.049,0.378,1.122,-285.101,-39.760,-49.630,Pitch
0.061,0.536,1.393,-160.869,-66.552,-21.472,Pitch
0.035,0.107,1.031,-90.720,-84.455,4.436,Pitch
0.150,-0.021,0.725,16.931,-30.660,-19.250,Pitch
0.190,0.402,0.891,211.356,22.251,-9.608,Pitch
0.067,0.563,0.906,286.589,64.234,-13.099,Pitch
-0.046,0.649,0.851,286.685,72.476,-20.099,Pitch
0.115,0.952,0.710,286.685,54.504,-27.545,Pitch
0.126,0.975,0.432,286.685,79.196,-10.290,Pitch
0.045,0.959,0.201,286.685,98.700,3.360,Pitch
-0.006,0.786,0.012,285.845,102.253,24.115,Pitch
-0.070,0.802,0.058,137.051,67.025,32.305,Pitch
-0.127,0.739,0.089,-209.414,-19.521,14.840,Pitch
0.047,0.847,-0.066,-286.685,-55.974,10.351,Pitch
-0.176,1.113,0.455,-286.685,-75.495,16.371,Pitch
-0.071,0.939,0.656,-286.685,-106.671,-16.065,Pitch
0.232,0.558,0.445,-286.685,-97.632,-37.643,Pitch
0.146,0.231,0.853,-286.685,-46.270,-39.734,Pitch
0.093,0.085,1.191,-234.045,-39.042,-25.778,Pitch
0.097,0.129,1.258,-121.467,-63.210,-1.190,Pitch
0.096,-0.221,0.921,-29.654,-48.134,-6.676,Pitch
0.185,0.095,1.126,120.724,-32.970,-14.446,Pitch
0.243,0.299,0.987,269.272,7.420,-18.034,Pitch
0.038,0.590,1.054,286.685,58.686,-45.666,Pitch
0.006,0.645,1.016,286.685,53.708,-64.549,Pitch
0.139,0.831,0.691,286.685,36.076,-76.571,Pitch
0.122,0.904,0.356,286.685,75.723,-64.785,Pitch
0.030,0.912,0.238,286.685,118.702,-52.684,Pitch
-0.012,0.884,0.269,264.224,125.912,-39.060,Pitch
-0.097,0.892,0.185,-26.749,50.505,-0.201,Pitch
-0.105,0.933,0.183,-286.580,-44.520,27.046,Pitch
-0.110,1.056,0.334,-286.685,-74.270,37.039,Pitch
-0.129,0.865,0.545,-286.685,-89.442,13.904,Pitch
0.064,0.322,0.471,-286.685,-83.431,-31.920,Pitch
0.111,0.039,1.054,-286.685,-39.909,-37.975,Pitch
0.055,-0.054,1.225,-262.272,-37.713,-16.459,Pitch
-0.035,-0.328,0.746,-168.236,-32.480,-1.558,Pitch
0.048,-0.099,1.060,68.897,0.464,-5.749,Pitch
0.063,-0.061,0.945,245.516,46.261,-8.234,Pitch
0.038,0.401,0.935,286.685,67.427,-8.006,Pitch
-0.117,0.741,1.074,286.685,79.301,-17.614,Pitch
-0.046,0.802,0.906,286.685,45.115,-20.948,Pitch
0.020,0.776,0.453,286.685,44.144,-22.549,Pitch
0.022,0.953,0.160,286.685,77.499,-39.034,Pitch
0.037,1.139,0.245,286.685,93.056,-30.993,Pitch
-0.057,0.918,0.172,103.372,57.347,20.073,Pitch
-0.050,0.799,0.058,-93.791,20.650,32.987,Pitch
-0.112,0.878,0.193,-286.536,-36.409,27.554,Pitch
-0.203,1.092,0.590,-286.685,-77.280,30.345,Pitch
-0.234,1.027,0.729,-286.685,-133.508,-6.633,Pitch
0.058,0.614,0.829,-286.685,-167.790,-11.042,Pitch
0.129,0.145,0.794,-286.685,-136.596,-19.889,Pitch
0.173,-0.104,1.027,-281.085,-81.331,-5.259,Pitch
0.122,-0.376,0.819,-208.381,-71.645,10.587,Pitch
0.180,-0.257,0.875,-26.959,-41.930,30.004,Pitch
0.103,-0.073,1.048,133.061,21.884,25.515,Pitch
0.176,0.113,0.975,285.714,66.211,17.071,Pitch
0.112,0.277,0.747,286.685,99.339,15.566,Pitch
-0.119,0.683,0.762,286.685,132.501,-3.964,Pitch
-0.112,1.073,0.894,286.685,100.555,-13.913,Pitch
0.008,1.067,0.397,286.685,92.164,-26.757,Pitch
0.093,1.068,0.094,286.685,103.906,-35.901,Pitch
-0.011,0.962,-0.033,286.685,88.681,-6.702,Pitch
-0.033,0.942,0.069,104.921,40.757,17.159,Pitch
-0.105,0.871,0.086,-136.141,-24.439,34.667,Pitch
0.021,0.841,-0.284,-286.685,-99.899,28.096,Pitch
0.017,0.981,0.242,-286.685,-103.924,38.798,Pitch
-0.131,1.122,0.639,-286.685,-89.670,9.153,Pitch
0.085,0.883,0.694,-286.685,-119.473,3.019,Pitch
0.187,0.632,0.994,-286.685,-161.166,64.558,Pitch
0.001,-0.011,0.880,-286.685,-143.386,77.787,Pitch
0.036,-0.394,1.196,-61.241,-76.186,4.279,Pitch
0.344,-0.252,0.793,71.925,3.605,-30.931,Pitch
0.348,0.323,0.928,286.685,124.670,-45.754,Pitch
-0.065,0.627,1.009,286.685,136.658,-62.589,Pitch
-0.004,0.716,0.723,286.685,88.795,-93.310,Pitch
0.099,1.005,0.388,286.685,77.639,-84.114,Pitch
0.177,1.057,0.224,286.685,117.486,-53.681,Pitch
-0.029,0.983,-0.004,286.685,121.520,12.705,Pitch
-0.057,0.975,-0.104,283.334,106.566,33.329,Pitch
-0.080,0.804,-0.147,136.587,73.168,36.671,Pitch
-0.006,0.698,-0.113,-56.359,9.363,11.148,Pitch
0.070,0.885,-0.158,-277.585,-74.673,17.929,Pitch
-0.131,1.048,0.083,-286.685,-116.497,17.246,Pitch
-0.107,1.095,0.436,-286.685,-159.040,7.079,Pitch
0.345,0.951,0.612,-286.685,-165.034,16.021,Pitch
0.274,0.673,0.651,-286.685,-95.069,38.579,Pitch
-0.110,0.122,0.670,-286.685,-47.679,-3.027,Pitch
0.338,0.195,1.248,-192.281,-7.446,-44.984,Pitch
0.206,0.164,1.119,-132.405,-3.334,36.391,Pitch
-0.055,-0.031,0.932,-79.774,27.134,34.790,Pitch
0.031,-0.081,0.962,107.870,58.144,-21.892,Pitch
0.193,0.351,1.053,286.685,102.734,-32.252,Pitch
0.085,0.657,1.051,286.685,143.421,-18.778,Pitch
-0.341,0.729,0.910,286.685,114.397,-29.663,Pitch
0.049,0.983,0.403,286.685,103.933,-74.165,Pitch
0.237,1.152,0.305,286.685,172.069,-43.732,Pitch
-0.082,1.064,0.095,286.685,159.749,31.841,Pitch
-0.043,0.731,-0.284,198.931,97.003,72.765,Pitch
-0.063,0.695,-0.247,24.710,10.500,92.908,Pitch
-0.002,0.684,-0.305,-158.550,-43.899,49.079,Pitch
-0.003,0.852,-0.185,-252.464,-68.469,9.826,Pitch
0.051,0.975,-0.006,-286.685,-93.179,-15.024,Pitch
0.020,0.956,0.420,-286.685,-108.439,9.415,Pitch
0.020,0.720,0.611,-286.685,-84.569,-12.766,Pitch
0.087,0.756,1.039,-286.685,-82.652,-13.186,Pitch
-0.127,0.238,0.860,-286.685,-82.836,-4.970,Pitch
0.005,0.090,0.999,-129.666,-18.708,-45.850,Pitch
0.174,0.281,1.323,-33.609,-7.919,-18.506,Pitch
-0.058,0.298,1.099,-57.601,-29.032,0.770,Pitch
0.100,0.294,0.861,25.121,-49.770,-24.185,Pitch
0.206,0.309,0.770,82.154,-52.868,-14.630,Pitch
0.236,0.402,0.918,105.175,-56.315,-0.647,Pitch
0.037,0.366,0.942,108.360,-81.489,16.284,Pitch
0.192,0.314,0.811,236.119,-50.321,-47.749,Pitch
0.144,0.635,0.682,286.685,39.830,-94.815,Pitch
0.196,0.860,0.745,286.685,87.710,-105.236,Pitch
-0.095,0.946,0.539,286.685,100.249,-104.107,Pitch
-0.023,0.920,0.366,286.685,116.760,-118.772,Pitch
-0.005,1.074,0.287,286.685,159.556,-100.494,Pitch
-0.034,0.976,0.215,279.414,159.092,-63.700,Pitch
-0.214,0.911,0.089,141.960,142.327,-21.901,Pitch
-0.162,0.724,0.007,-64.908,55.160,-7.954,Pitch
0.010,0.786,-0.180,-246.006,-10.824,-2.651,Pitch
-0.019,0.895,0.086,-286.685,-142.572,60.970,Pitch
-0.002,0.741,0.411,-286.685,-208.530,71.207,Pitch
0.125,0.811,1.006,-286.685,-175.621,68.723,Pitch
-0.030,0.727,1.221,-286.685,-98.481,53.428,Pitch
-0.282,-0.314,0.726,-277.235,-36.076,-10.570,Pitch
0.269,-0.151,1.143,-143.185,-23.424,3.736,Pitch
-0.043,0.019,1.228,93.503,76.037,8.733,Pitch
-0.024,0.158,1.035,280.481,83.676,9.319,Pitch
-0.129,0.749,0.965,286.685,108.229,-16.581,Pitch
-0.143,0.995,0.583,286.685,110.268,-58.783,Pitch
-0.014,1.146,0.460,286.685,135.152,-75.994,Pitch
0.227,1.045,0.526,286.685,163.599,-55.615,Pitch
0.063,0.814,0.124,-141.383,25.961,71.785,Pitch
-0.224,1.232,0.042,-286.685,-191.327,162.566,Pitch
-0.054,0.996,0.203,-286.685,-219.774,147.026,Pitch
-0.073,0.680,0.626,-286.685,-144.550,84.621,Pitch
0.040,0.190,0.890,-286.685,-20.991,-16.257,Pitch
0.089,-0.716,0.590,-66.946,-35.026,-26.827,Pitch
0.510,0.074,0.993,279.834,129.518,-13.886,Pitch
-0.159,0.058,0.889,286.414,223.038,-23.984,Pitch
-0.277,0.919,1.194,286.685,163.975,-23.459,Pitch
-0.104,0.786,0.401,286.685,90.948,-18.979,Pitch
0.031,0.731,0.096,286.685,87.605,-18.358,Pitch
0.392,0.868,-0.018,286.685,95.287,-0.052,Pitch
-0.036,0.976,0.133,-52.535,-41.239,113.426,Pitch
0.008,0.951,-0.319,-286.685,-165.996,119.805,Pitch
0.056,0.727,-0.337,-286.685,-176.977,118.948,Pitch
0.139,0.767,0.651,-286.685,-67.226,72.389,Pitch
0.269,0.423,1.192,-286.685,15.312,22.960,Pitch
-0.059,-0.203,1.021,-286.685,-7.280,41.947,Pitch
-0.259,-0.776,1.495,12.950,-45.640,-28.070,Pitch
0.379,-0.245,1.535,227.264,91.446,-47.959,Pitch
0.036,0.286,0.981,276.071,164.553,-55.746,Pitch
-0.224,0.771,1.076,286.685,106.531,-26.416,Pitch
0.151,0.561,0.354,286.685,115.185,-74.664,Pitch
0.113,0.851,-0.115,286.685,221.620,-82.425,Pitch
0.116,0.917,0.025,286.685,187.136,-47.661,Pitch
0.134,0.660,-0.243,130.322,87.325,50.978,Pitch
-0.105,0.639,-0.230,-109.174,-13.011,72.196,Pitch
-0.044,0.896,-0.059,-286.685,-119.761,53.130,Pitch
-0.366,1.130,0.621,-286.685,-186.848,28.324,Pitch
0.018,1.374,1.023,-286.685,-202.029,-21.175,Pitch
0.170,0.830,1.005,-286.685,-176.277,8.137,Pitch
-0.356,-0.726,0.287,-286.685,-184.012,26.670,Pitch
-0.011,-0.017,0.999,-286.685,-143.964,-91.140,Pitch
0.077,-0.695,0.481,-252.350,-151.270,-78.619,Pitch
0.393,-0.841,0.256,230.283,-108.596,-77.971,Pitch
0.477,0.001,0.590,286.685,23.503,-62.204,Pitch
0.240,0.402,0.727,286.685,185.859,-73.316,Pitch
0.080,0.846,1.155,286.685,230.878,-90.011,Pitch
0.062,0.890,1.131,286.685,191.432,-63.717,Pitch
0.110,0.649,0.651,286.685,80.552,-11.620,Pitch
0.142,0.652,0.261,189.849,48.458,-4.060,Pitch
0.142,0.730,0.419,-140.744,24.999,30.389,Pitch
0.036,0.945,0.891,-286.685,-14.936,55.545,Pitch
-0.097,0.757,0.869,-286.685,-70.473,75.040,Pitch
0.006,-0.043,0.683,-286.685,-57.269,38.491,Pitch
-0.016,-0.460,1.371,-280.612,-35.945,13.939,Pitch
0.127,-0.426,1.213,-213.649,6.974,2.328,Pitch
0.005,-0.328,1.372,96.863,36.190,-6.676,Pitch
0.011,-0.293,1.053,232.934,80.229,-25.506,Pitch
0.048,-0.012,0.829,286.685,101.246,-33.189,Pitch
-0.049,0.516,0.890,286.685,115.019,-10.071,Pitch
-0.110,0.712,1.026,286.685,99.111,7.088,Pitch
-0.086,0.732,0.670,286.685,60.235,37.371,Pitch
-0.053,0.726,0.282,286.685,61.092,27.834,Pitch
-0.079,0.879,-0.017,286.685,99.566,6.825,Pitch
-0.068,0.997,0.152,286.685,105.919,-12.810,Pitch
-0.058,1.001,0.320,13.466,60.769,-11.699,Pitch
-0.066,1.090,0.064,-274.540,-25.926,-6.169,Pitch
-0.170,0.967,0.169,-286.685,-134.837,8.759,Pitch
-0.121,0.813,0.660,-286.685,-146.816,-25.506,Pitch
-0.299,0.832,0.929,-286.685,-115.194,-87.308,Pitch
-0.198,0.567,1.493,-286.685,-158.541,-45.815,Pitch
0.057,-0.200,0.741,-286.685,-146.816,-28.674,Pitch
0.083,-0.538,0.808,-194.040,-101.001,-49.096,Pitch
0.223,-0.497,0.848,99.234,-10.605,-33.889,Pitch
0.279,-0.001,0.717,286.685,85.549,0.831,Pitch
0.064,0.452,0.798,286.685,166.775,14.341,Pitch
-0.227,0.924,0.911,286.685,181.387,-0.333,Pitch
-0.042,0.936,0.862,286.685,104.939,12.766,Pitch
0.100,0.761,0.430,286.685,61.504,39.322,Pitch
0.019,0.833,0.174,286.685,62.230,50.435,Pitch
-0.075,0.812,0.183,167.773,63.717,27.869,Pitch
-0.032,0.925,0.129,-206.666,24.089,-11.331,Pitch
-0.090,0.975,0.133,-286.685,-49.026,-5.215,Pitch
-0.162,0.911,0.559,-286.685,-125.099,-6.300,Pitch
-0.185,0.738,0.933,-286.685,-104.064,-24.316,Pitch
-0.113,0.545,1.272,-286.685,-116.174,1.584,Pitch
-0.075,0.037,0.725,-286.685,-132.895,-2.537,Pitch
-0.122,-1.360,0.047,-275.406,-102.025,-45.710,Pitch
0.195,-0.848,0.925,83.204,-37.275,-30.433,Pitch
0.229,-0.416,0.734,286.685,64.908,-15.085,Pitch
0.213,0.302,1.034,286.685,108.894,-17.386,Pitch
-0.036,0.730,1.085,286.685,139.886,-0.228,Pitch
-0.039,0.729,0.815,286.685,102.436,4.812,Pitch
0.117,0.731,0.600,286.685,40.285,0.315,Pitch
0.173,0.717,0.429,286.519,24.570,-2.328,Pitch
0.223,0.608,0.146,79.231,46.069,10.517,Pitch
-0.076,1.096,0.787,-286.116,-22.041,37.319,Pitch
-0.225,0.988,0.713,-286.685,-119.630,29.698,Pitch
-0.081,0.266,0.726,-286.685,-102.576,-22.566,Pitch
0.017,-0.046,1.174,-286.685,-36.531,-39.156,Pitch
0.053,-0.300,1.407,-150.378,5.075,-59.229,Pitch
-0.046,-0.249,1.385,-56.516,31.001,-24.719,Pitch
-0.043,-0.126,1.334,162.094,11.646,-23.923,Pitch
0.093,0.075,1.021,284.970,32.882,-26.101,Pitch
0.066,0.368,0.575,286.685,89.582,-10.369,Pitch
-0.154,0.729,0.647,286.685,93.327,-6.781,Pitch
-0.081,0.831,0.611,286.685,67.305,-10.141,Pitch
0.003,0.795,0.369,286.685,64.689,-15.741,Pitch
0.109,0.902,0.152,286.685,65.984,3.342,Pitch
0.053,0.939,0.170,202.046,52.465,32.541,Pitch
-0.069,0.869,0.304,-201.661,12.092,40.408,Pitch
-0.272,1.056,0.439,-286.685,-83.116,22.269,Pitch
-0.061,0.947,0.656,-286.685,-98.683,6.554,Pitch
-0.050,0.719,0.939,-286.685,-57.225,-16.222,Pitch
0.045,0.005,0.790,-286.685,-29.820,-17.054,Pitch
-0.011,-0.121,1.235,-286.685,-27.326,-19.862,Pitch
0.012,-0.885,0.937,-123.034,-30.949,20.142,Pitch
-0.123,-0.482,1.163,-39.007,-14.394,24.570,Pitch
-0.060,-0.431,0.983,48.204,-13.720,18.069,Pitch
0.075,-0.205,0.929,228.760,1.024,27.772,Pitch
0.025,-0.031,0.878,286.685,47.206,46.244,Pitch
-0.055,0.222,0.925,286.685,37.196,55.458,Pitch
-0.057,0.415,0.924,286.685,22.916,54.722,Pitch
0.029,0.566,0.573,286.685,-2.249,26.714,Pitch
0.124,0.746,0.336,286.685,19.442,9.835,Pitch
0.130,0.988,0.222,286.685,77.971,15.505,Pitch
-0.065,1.124,0.453,286.685,79.783,21.700,Pitch
0.019,0.942,0.102,167.309,39.646,32.489,Pitch
0.010,0.707,-0.037,61.653,17.176,27.090,Pitch
0.057,0.719,0.048,-176.295,-14.648,-27.772,Pitch
0.055,0.920,0.134,-286.685,-87.736,-61.206,Pitch
0.029,0.958,0.496,-286.685,-157.299,-29.295,Pitch
-0.156,0.766,1.039,-286.685,-146.598,-17.062,Pitch
-0.214,-0.069,0.574,-286.685,-35.735,-81.996,Pitch
0.143,-0.002,1.333,-283.509,8.759,-102.007,Pitch
-0.148,-0.494,0.886,-42.376,31.132,-19.250,Pitch
-0.057,-0.217,1.019,141.251,43.890,-9.231,Pitch
-0.078,0.288,1.170,272.790,63.376,3.246,Pitch
-0.098,0.501,0.963,286.685,29.960,33.206,Pitch
-0.156,0.601,0.696,286.685,29.610,35.744,Pitch
0.102,0.531,0.360,286.685,45.491,32.638,Pitch
0.134,0.949,0.150,286.685,116.130,35.438,Pitch
0.018,1.146,0.272,286.685,82.128,75.460,Pitch
-0.023,0.946,0.062,193.471,35.499,94.894,Pitch
-0.066,0.784,-0.097,-8.610,-18.130,71.899,Pitch
0.051,0.815,0.025,-191.100,-64.575,25.497,Pitch
-0.002,0.897,0.182,-286.685,-69.685,-12.792,Pitch
0.024,0.886,0.393,-286.685,-78.855,-13.764,Pitch
0.070,0.751,0.861,-286.685,-59.299,-17.062,Pitch
0.082,0.247,0.963,-286.685,-51.415,0.403,Pitch
-0.145,0.195,1.177,-286.685,-15.164,-28.455,Pitch
0.071,-0.262,1.324,-258.431,26.163,-47.285,Pitch
0.066,-0.151,1.334,-10.780,-6.239,-1.435,Pitch
-0.050,-0.298,0.942,89.302,-31.938,20.571,Pitch
-0.011,-0.072,0.932,266.682,-28.341,2.152,Pitch
0.225,0.360,0.924,286.685,25.664,-1.207,Pitch
-0.129,0.459,0.719,286.685,68.635,-29.593,Pitch
0.265,0.733,0.349,286.685,82.399,-61.591,Pitch
0.282,0.855,-0.005,286.685,139.204,-36.356,Pitch
0.007,0.944,-0.013,286.685,162.269,29.881,Pitch
-0.060,0.736,-0.147,193.077,87.290,28.647,Pitch
-0.013,0.712,-0.058,-223.116,-40.644,-3.797,Pitch
-0.045,0.889,-0.028,-286.685,-112.122,-29.417,Pitch
0.045,0.810,0.404,-286.685,-164.605,-45.763,Pitch
-0.068,0.773,1.270,-286.685,-152.915,-47.714,Pitch
-0.287,0.341,1.315,-286.685,-63.359,-82.478,Pitch
-0.067,0.290,1.494,-286.685,-92.811,-92.724,Pitch
0.107,-1.016,0.175,-212.494,-110.189,-48.790,Pitch
0.179,-0.239,1.193,130.917,-6.545,-27.038,Pitch
0.173,0.148,1.043,286.545,59.019,-19.819,Pitch
0.135,0.559,1.137,286.685,76.956,2.144,Pitch
-0.130,0.515,0.921,286.685,91.840,-10.150,Pitch
0.127,0.693,0.474,286.685,120.698,-72.231,Pitch
0.123,0.782,-0.087,286.685,209.134,-60.865,Pitch
0.010,0.850,-0.227,286.685,247.398,-40.521,Pitch
-0.149,0.941,0.175,267.890,158.777,-4.121,Pitch
-0.088,0.944,-0.053,-247.345,-36.426,8.610,Pitch
-0.160,1.353,0.044,-286.685,-194.670,41.011,Pitch
-0.391,1.200,0.397,-286.685,-263.410,61.040,Pitch
0.134,0.714,0.759,-286.685,-218.557,-2.082,Pitch
0.196,-0.008,0.885,-286.685,-108.885,9.748,Pitch
-0.072,0.145,1.789,-286.685,-109.856,19.320,Pitch
-0.192,-1.368,-0.206,-174.729,-113.820,-28.394,Pitch
0.533,-0.207,0.862,273.717,3.824,-53.716,Pitch
0.106,0.303,0.809,286.685,170.887,-26.880,Pitch
-0.020,0.729,0.745,286.685,192.447,-31.771,Pitch
0.059,0.969,0.616,286.685,225.356,-64.356,Pitch
0.022,0.993,0.340,286.685,216.326,-48.632,Pitch
-0.058,1.407,0.510,-72.721,74.069,30.249,Pitch
-0.042,1.288,0.071,-286.685,-114.424,103.469,Pitch
-0.198,0.773,0.234,-286.685,-209.431,83.037,Pitch
0.056,0.064,0.747,-286.685,-153.606,26.022,Pitch
0.206,-0.119,1.435,-286.685,-34.484,-1.479,Pitch
-0.075,-0.362,0.816,-249.471,-78.015,15.356,Pitch
0.171,-0.228,0.950,95.909,-48.650,-11.585,Pitch
0.147,-0.180,1.049,110.268,51.853,1.470,Pitch
0.131,0.198,1.057,286.685,84.901,-14.823,Pitch
-0.130,0.038,0.946,286.685,109.200,-38.981,Pitch
0.234,0.308,0.488,286.685,102.419,-128.555,Pitch
0.320,0.887,-0.073,286.685,173.399,-86.441,Pitch
0.150,0.909,-0.015,286.685,206.351,-20.055,Pitch
-0.162,1.095,0.381,179.891,114.695,29.522,Pitch
-0.270,1.185,0.338,-286.685,-115.194,69.160,Pitch
-0.193,1.027,0.352,-286.685,-204.969,75.198,Pitch
-0.109,0.822,0.753,-286.685,-173.057,61.180,Pitch
0.114,0.139,1.023,-286.685,-113.768,8.943,Pitch
0.333,-0.431,0.983,-286.685,-0.621,-1.111,Pitch
-0.075,-0.293,1.841,-176.943,-70.341,37.039,Pitch
-0.105,-0.520,1.174,-124.408,-59.290,28.394,Pitch
0.152,-0.213,1.092,285.766,27.484,-49.525,Pitch
0.267,0.074,0.671,286.685,158.804,-53.454,Pitch
-0.052,0.575,0.546,286.685,195.466,-55.755,Pitch
0.045,0.969,0.478,286.685,213.833,-51.914,Pitch
-0.111,1.040,0.483,286.685,146.991,8.881,Pitch
0.035,0.780,0.053,286.685,85.452,40.127,Pitch
0.047,0.708,0.064,237.405,50.951,50.995,Pitch
-0.044,0.983,0.125,-234.124,-60.856,47.040,Pitch
-0.395,1.220,0.743,-286.685,-162.505,64.496,Pitch
-0.256,0.709,0.837,-286.685,-161.875,21.577,Pitch
0.124,0.148,0.596,-286.685,-106.137,-30.774,Pitch
0.113,-0.387,1.025,-286.685,-62.667,-2.660,Pitch
0.143,-0.370,1.334,-10.439,-23.266,-33.171,Pitch
0.138,-0.579,0.923,189.770,122.404,-33.583,Pitch
-0.014,0.504,1.342,286.685,156.721,-31.684,Pitch
-0.145,0.910,1.167,286.685,166.215,-16.861,Pitch
0.070,0.661,0.180,286.685,142.747,25.270,Pitch
0.003,0.775,-0.090,286.685,142.380,51.651,Pitch
0.115,0.912,0.081,284.489,79.975,75.451,Pitch
-0.015,0.721,-0.031,-155.610,-37.275,97.668,Pitch
-0.142,0.826,0.000,-286.685,-166.801,44.537,Pitch
-0.019,0.723,0.222,-286.685,-206.176,15.321,Pitch
0.077,0.460,1.215,-286.685,-126.096,-11.602,Pitch
0.191,-0.002,1.475,-286.685,-47.932,-25.025,Pitch
0.041,-0.448,1.385,-250.836,-50.969,9.153,Pitch
0.294,-0.358,1.999,92.601,-14.158,-6.230,Pitch
0.056,-0.999,0.521,254.643,127.173,0.761,Pitch
-0.174,0.320,0.809,286.685,128.651,-14.761,Pitch
0.043,0.636,0.523,286.685,110.618,-37.931,Pitch
0.048,0.675,-0.058,286.685,100.896,-18.436,Pitch
0.073,0.717,-0.133,286.685,76.230,2.564,Pitch
0.197,0.825,0.046,266.402,42.910,26.775,Pitch
-0.011,0.772,0.115,-148.173,-50.514,40.880,Pitch
0.053,1.121,0.165,-286.685,-209.667,45.990,Pitch
-0.095,0.693,0.855,-286.685,-147.446,51.450,Pitch
0.076,0.177,1.226,-286.685,-36.890,16.030,Pitch
-0.386,-0.525,1.528,-286.685,-5.941,-10.115,Pitch
0.184,-1.049,0.972,-137.550,-68.836,-22.278,Pitch
0.207,-0.453,1.287,286.598,43.706,-24.028,Pitch
0.034,-0.024,1.235,286.685,75.749,-7.761,Pitch
-0.144,0.372,0.940,286.685,67.506,-30.949,Pitch
0.022,0.405,0.535,286.685,35.875,-56.000,Pitch
0.194,0.477,-0.130,286.685,115.929,-57.750,Pitch
0.140,0.668,-0.192,286.685,171.710,-55.755,Pitch
0.082,1.095,0.080,286.685,132.974,-63.656,Pitch
-0.049,1.220,0.338,-128.783,3.614,17.001,Pitch
-0.081,1.118,0.193,-286.685,-99.942,71.015,Pitch
-0.365,0.903,0.405,-286.685,-127.741,49.910,Pitch
-0.074,0.731,0.881,-286.685,-128.406,-12.845,Pitch
0.148,0.549,1.025,-286.685,-86.345,-30.835,Pitch
-0.012,0.203,0.996,-285.924,-116.865,22.120,Pitch
0.087,-0.502,1.021,-105.394,-110.889,19.784,Pitch
0.166,-0.765,0.385,213.999,54.915,-26.705,Pitch
-0.040,0.687,1.136,286.685,139.265,-42.306,Pitch
-0.155,0.836,1.088,286.685,126.026,-37.179,Pitch
0.101,0.748,0.561,286.685,99.461,-36.750,Pitch
0.117,0.680,-0.056,286.685,142.083,-19.478,Pitch
-0.019,0.927,0.112,286.274,125.921,2.966,Pitch
-0.026,1.015,0.104,75.548,46.235,36.584,Pitch
-0.172,1.166,0.234,-281.242,-77.507,75.871,Pitch
-0.308,1.272,0.559,-286.685,-164.973,86.879,Pitch
-0.069,1.075,0.641,-286.685,-146.650,62.501,Pitch
0.253,0.423,0.508,-286.685,-80.999,11.270,Pitch
0.161,0.013,0.886,-286.685,-23.284,14.472,Pitch
0.006,-0.282,1.456,-147.989,-33.653,28.385,Pitch
0.271,-0.175,1.360,-2.888,20.405,24.474,Pitch
0.032,0.071,1.128,286.685,84.787,-5.994,Pitch
-0.137,0.268,0.963,286.685,123.515,-22.382,Pitch
0.129,0.710,0.797,286.685,123.743,-67.856,Pitch
0.020,0.715,0.363,286.685,185.413,-40.775,Pitch
0.002,0.870,-0.253,286.685,222.994,-4.506,Pitch
0.119,1.071,-0.075,286.685,168.438,-2.223,Pitch
0.051,0.927,-0.317,28.499,49.805,55.816,Pitch
-0.155,0.800,-0.204,-195.475,-39.795,65.677,Pitch
-0.226,1.057,-0.060,-286.685,-116.541,38.806,Pitch
-0.195,1.240,0.351,-286.685,-143.071,0.525,Pitch
-0.105,1.092,0.450,-286.685,-158.349,-25.226,Pitch
0.116,0.889,0.808,-286.685,-125.379,-22.505,Pitch
0.056,0.291,0.906,-286.685,-105.630,7.359,Pitch
-0.244,-0.284,0.911,-286.685,-80.841,-13.781,Pitch
0.184,-0.247,1.184,78.636,-85.960,-53.541,Pitch
0.400,-0.170,1.212,237.781,-17.316,-14.840,Pitch
-0.062,0.135,1.064,286.685,87.500,4.707,Pitch
-0.010,0.622,1.289,286.685,114.783,-60.375,Pitch
0.093,0.795,0.494,286.685,207.524,-91.350,Pitch
-0.080,0.893,0.378,286.685,248.369,-57.435,Pitch
-0.011,0.845,0.051,286.685,270.856,-20.414,Pitch
0.095,0.845,-0.377,246.452,137.961,45.509,Pitch
0.073,0.732,-0.642,-15.523,-35.394,115.579,Pitch
-0.126,0.810,-0.062,-92.199,-70.438,114.695,Pitch
-0.133,0.728,-0.141,-183.549,-90.379,59.754,Pitch
-0.063,0.900,0.460,-286.685,-109.961,10.579,Pitch
-0.060,0.984,0.315,-286.685,-80.439,-25.419,Pitch
-0.027,1.167,0.845,-286.685,-22.916,-58.739,Pitch
-0.431,0.897,1.167,-286.685,-2.774,-37.275,Pitch
-0.330,0.030,0.851,-286.685,28.560,-128.852,Pitch
-0.146,-0.021,0.562,-69.073,46.874,-96.827,Pitch
-0.146,0.366,0.972,286.685,39.428,-11.891,Pitch
-0.179,0.998,0.948,286.685,66.342,19.792,Pitch
0.031,0.903,0.548,286.685,120.942,94.736,Pitch
-0.034,0.876,-0.320,286.685,159.285,114.459,Pitch
-0.133,1.076,-0.133,286.685,134.383,77.717,Pitch
-0.053,0.805,0.064,160.361,36.479,82.941,Pitch
-0.127,0.568,-0.299,-230.326,-66.841,43.566,Pitch
0.199,0.945,-0.344,-286.685,-193.865,12.565,Pitch
0.131,0.892,0.047,-286.685,-188.396,30.135,Pitch
-0.051,0.665,0.840,-286.685,-140.079,24.798,Pitch
0.040,0.519,1.164,-286.685,-85.076,-14.297,Pitch
-0.177,0.178,1.037,-286.685,-67.882,-61.513,Pitch
0.359,-0.199,1.159,-269.448,-119.691,-20.256,Pitch
0.227,-0.371,1.264,23.704,-59.614,-4.900,Pitch
0.260,-0.351,1.284,127.636,-35.263,-4.532,Pitch
0.184,-0.039,0.948,284.410,25.086,-21.263,Pitch
0.165,0.276,0.679,286.685,75.600,-29.295,Pitch
0.036,0.537,0.943,286.685,85.418,-58.319,Pitch
0.301,0.922,0.812,286.685,105.481,-78.724,Pitch
0.112,0.814,0.138,286.685,180.084,-21.026,Pitch
-0.161,0.880,-0.259,286.685,153.799,9.398,Pitch
-0.133,0.897,0.125,284.751,92.776,-14.333,Pitch
0.094,0.855,0.072,-67.716,-18.743,5.302,Pitch
-0.012,1.068,0.091,-286.685,-103.871,52.430,Pitch
-0.019,0.820,0.145,-286.685,-104.213,54.784,Pitch
-0.037,0.655,0.563,-286.685,-82.469,27.116,Pitch
0.073,0.692,0.998,-286.685,-43.645,-2.144,Pitch
-0.047,0.199,1.331,-193.165,34.650,-24.421,Pitch
0.126,-0.051,1.393,248.342,127.251,-68.285,Pitch
-0.208,0.735,1.157,286.685,109.489,-45.080,Pitch
0.052,0.862,1.080,286.685,72.021,-42.928,Pitch
0.000,0.818,0.113,286.685,97.851,34.615,Pitch
-0.298,0.877,-0.234,286.685,100.686,64.514,Pitch
0.080,0.961,-0.082,286.685,73.430,35.998,Pitch
0.193,0.496,-0.412,192.693,53.428,62.528,Pitch
0.159,0.387,-0.431,-180.775,-41.160,61.906,Pitch
0.198,0.757,-0.266,-286.685,-122.229,58.572,Pitch
0.230,1.162,-0.050,-286.685,-128.774,70.324,Pitch
-0.028,1.174,0.552,-286.685,-77.464,76.606,Pitch
0.072,0.682,0.690,-286.685,3.334,27.790,Pitch
0.086,0.147,1.180,-286.685,32.349,14.560,Pitch
-0.138,-0.352,1.457,-262.220,-20.431,-14.420,Pitch
0.178,-0.943,0.899,-102.918,-58.153,-31.132,Pitch
0.199,-0.286,1.238,152.451,-14.542,-31.062,Pitch
0.150,-0.244,0.921,283.736,49.717,-37.555,Pitch
-0.008,0.355,0.917,286.685,85.418,-34.431,Pitch
0.043,0.700,0.905,286.685,82.031,-52.579,Pitch
0.170,0.654,0.165,286.685,133.831,-57.225,Pitch
-0.180,1.347,0.344,286.685,206.938,-33.031,Pitch
0.130,0.780,-0.171,286.256,111.930,6.930,Pitch
0.068,0.495,-0.384,-17.894,-27.029,51.826,Pitch
0.165,0.589,-0.314,-225.986,-86.109,62.388,Pitch
0.038,0.906,-0.040,-286.685,-129.745,43.094,Pitch
0.018,1.090,0.193,-286.685,-97.396,28.341,Pitch
0.141,0.784,0.627,-286.685,-32.909,18.454,Pitch
0.246,0.402,0.925,-286.685,-6.764,19.320,Pitch
-0.219,-0.139,1.208,-286.685,21.263,0.577,Pitch
-0.138,-0.667,0.664,-240.135,-29.794,-25.900,Pitch
0.108,-0.173,1.492,185.631,30.039,-41.510,Pitch
-0.041,-0.078,1.391,285.766,101.990,-36.487,Pitch
-0.101,0.508,1.342,286.685,80.412,-11.244,Pitch
0.046,0.412,0.579,286.685,111.151,-1.102,Pitch
-0.038,0.517,-0.364,286.685,211.759,5.574,Pitch
-0.190,1.263,-0.091,286.685,168.770,14.866,Pitch
-0.021,0.731,-0.307,286.685,112.595,34.641,Pitch
0.188,0.285,-0.617,177.179,31.587,66.771,Pitch
0.262,0.312,-0.502,46.007,1.426,90.545,Pitch
0.231,0.385,-0.392,-166.197,-16.161,31.316,Pitch
0.193,0.762,-0.189,-286.685,-57.505,-54.880,Pitch
0.000,1.137,0.236,-286.685,-119.709,-64.724,Pitch
-0.178,1.221,0.599,-286.685,-118.948,-37.450,Pitch
-0.259,1.033,1.172,-286.685,-99.750,-45.491,Pitch
-0.260,0.181,0.969,-286.685,-96.521,-88.235,Pitch
-0.039,0.307,1.577,-286.685,-157.885,-32.533,Pitch
-0.059,-0.795,1.009,-183.899,-184.774,-13.571,Pitch
0.415,-0.513,1.004,154.954,-62.396,-48.379,Pitch
0.156,0.273,1.087,286.685,120.470,-33.530,Pitch
-0.202,0.978,0.975,286.685,171.745,-35.175,Pitch
-0.169,0.903,0.815,286.685,150.859,-48.449,Pitch
0.042,0.935,0.066,286.685,193.515,-77.823,Pitch
-0.027,1.018,0.044,286.685,224.175,-66.299,Pitch
0.126,0.447,-0.239,190.024,139.440,-9.047,Pitch
0.111,0.408,-0.534,-250.232,-43.120,43.225,Pitch
-0.082,1.095,-0.314,-286.685,-186.436,77.647,Pitch
-0.285,1.144,0.235,-286.685,-181.685,63.840,Pitch
-0.019,1.039,0.881,-286.685,-164.089,36.951,Pitch
0.147,0.743,0.670,-286.685,-135.660,28.534,Pitch
0.018,-0.154,0.742,-286.685,-72.975,53.769,Pitch
0.046,-0.305,1.241,-98.709,-4.524,-5.066,Pitch
0.346,0.263,1.354,286.685,107.887,-49.079,Pitch
-0.053,0.303,0.961,286.685,186.016,-44.993,Pitch
-0.079,0.896,0.870,286.685,159.057,-52.281,Pitch
-0.020,0.871,0.164,286.685,200.917,-15.470,Pitch
-0.337,0.888,-0.061,286.685,207.235,-3.299,Pitch
-0.254,1.113,-0.139,286.685,149.389,16.949,Pitch
-0.203,1.075,-0.079,138.548,42.420,47.950,Pitch
-0.120,0.975,-0.152,-225.531,-90.571,68.967,Pitch
-0.028,1.100,-0.078,-286.685,-141.461,42.980,Pitch
-0.106,1.317,0.214,-286.685,-180.215,50.592,Pitch
-0.096,1.196,0.456,-286.685,-219.958,57.654,Pitch
0.273,0.662,0.712,-286.685,-234.780,91.647,Pitch
0.068,0.071,0.860,-286.685,-174.204,124.084,Pitch
0.130,-0.448,0.956,-113.041,-24.929,3.176,Pitch
0.258,0.211,1.253,286.685,116.856,-94.482,Pitch
0.004,0.389,0.818,286.685,196.193,-103.119,Pitch
-0.015,0.754,0.449,286.685,220.605,-118.265,Pitch
-0.279,0.950,0.436,286.685,209.274,-68.058,Pitch
-0.166,0.881,-0.085,286.685,148.794,-32.690,Pitch
-0.073,0.834,-0.137,284.611,88.812,-13.913,Pitch
-0.034,0.895,-0.319,86.161,12.364,39.463,Pitch
0.093,0.909,-0.231,-246.312,-90.694,71.155,Pitch
0.127,1.121,-0.277,-286.685,-120.654,78.995,Pitch
-0.000,1.284,0.242,-286.685,-152.276,108.045,Pitch
-0.256,0.836,0.470,-286.685,-194.416,93.651,Pitch
0.467,0.236,0.829,-286.685,-130.611,69.982,Pitch
-0.218,-0.699,0.803,-103.985,28.647,12.626,Pitch
0.027,0.369,1.514,280.446,118.668,-100.179,Pitch
-0.066,0.877,1.398,286.685,121.957,-95.961,Pitch
-0.097,0.639,0.481,286.685,142.765,-76.659,Pitch
-0.237,0.705,-0.024,286.685,182.280,-69.064,Pitch
-0.076,0.906,-0.267,286.685,138.661,-54.722,Pitch
0.134,0.906,-0.034,278.294,75.276,-5.740,Pitch
0.048,0.854,-0.278,-240.783,-75.766,81.384,Pitch
-0.021,1.140,-0.237,-286.685,-141.409,120.225,Pitch
-0.231,1.156,0.083,-286.685,-149.371,124.609,Pitch
-0.047,1.031,0.652,-286.685,-161.508,88.200,Pitch
0.254,0.356,0.954,-286.685,-128.467,101.885,Pitch
0.018,-0.178,1.030,-152.530,-5.889,11.568,Pitch
0.173,0.043,1.216,233.336,67.699,-60.095,Pitch
0.003,0.225,0.883,286.685,132.335,-81.900,Pitch
-0.139,0.548,0.488,286.685,154.542,-78.094,Pitch
-0.185,0.901,-0.313,286.685,199.579,-75.880,Pitch
-0.077,1.005,-0.237,286.685,185.010,-66.789,Pitch
0.240,0.910,-0.348,286.685,130.576,-32.445,Pitch
0.001,0.801,-0.207,-87.990,4.051,83.037,Pitch
-0.021,0.783,-0.492,-286.685,-142.809,69.790,Pitch
0.077,1.098,-0.334,-286.685,-154.026,59.675,Pitch
-0.228,1.348,0.618,-286.685,-155.575,73.535,Pitch
0.246,0.754,0.781,-286.685,-137.988,35.735,Pitch
0.461,0.507,1.045,-286.685,-70.044,94.684,Pitch
-0.379,-0.585,0.781,-90.160,12.784,30.240,Pitch
-0.038,0.108,1.119,286.685,113.111,-98.814,Pitch
-0.023,0.819,0.809,286.685,155.102,-81.419,Pitch
0.099,0.704,0.027,286.685,205.678,-55.851,Pitch
-0.205,0.934,-0.012,286.685,202.895,-3.132,Pitch
0.225,0.835,-0.321,266.612,50.549,49.193,Pitch
-0.034,0.806,-0.104,-233.021,-98.647,98.866,Pitch
-0.001,0.890,-0.281,-286.685,-174.501,56.639,Pitch
0.306,0.619,-0.131,-286.685,-180.469,32.874,Pitch
0.135,0.670,1.351,-286.685,-110.504,36.181,Pitch
-0.018,0.486,1.557,-286.685,-39.996,38.307,Pitch
-0.195,0.067,1.153,-156.809,6.186,-3.859,Pitch
-0.180,0.545,1.373,285.740,85.286,-58.380,Pitch
-0.136,0.095,0.608,286.685,146.256,-57.724,Pitch
-0.230,0.474,0.437,286.685,182.262,-82.880,Pitch
0.153,0.816,-0.391,286.685,215.372,-82.889,Pitch
0.353,0.716,-0.513,286.685,193.725,-20.038,Pitch
0.093,0.702,-0.520,98.735,41.143,78.435,Pitch
-0.182,0.778,-0.409,-247.100,-97.904,64.085,Pitch
0.069,1.019,-0.285,-286.685,-170.371,-19.416,Pitch
0.232,1.057,0.269,-286.685,-178.658,-1.619,Pitch
-0.524,1.401,1.316,-286.685,-200.917,54.303,Pitch
-0.151,1.082,1.161,-286.685,-230.195,91.420,Pitch
0.149,-0.285,0.709,-283.876,-169.085,107.188,Pitch
0.146,0.203,1.430,286.318,228.900,-48.562,Pitch
-0.366,0.838,0.953,286.685,286.685,-69.230,Pitch
-0.012,0.709,0.464,286.685,286.685,-52.421,Pitch
0.277,0.623,-0.389,286.685,245.490,13.956,Pitch
-0.042,0.508,-0.461,100.012,-48.746,113.505,Pitch
0.117,0.656,-0.384,-285.749,-237.186,114.179,Pitch
0.083,0.586,-0.499,-286.685,-228.865,67.069,Pitch
0.130,0.830,0.192,-286.685,-227.798,47.416,Pitch
-0.111,1.310,1.523,-286.685,-191.301,60.699,Pitch
0.388,0.365,1.429,-286.685,-144.174,89.154,Pitch
0.423,-0.084,1.407,-134.514,12.031,59.264,Pitch
-0.107,0.352,1.432,286.685,257.897,-71.558,Pitch
-0.348,0.443,0.850,286.685,213.316,-89.276,Pitch
0.096,0.517,-0.089,286.685,135.065,-26.478,Pitch
0.159,0.555,-0.836,286.685,210.682,-46.690,Pitch
0.252,0.656,-0.341,286.685,166.574,-33.504,Pitch
0.234,0.548,-0.453,-72.537,-22.435,7.726,Pitch
-0.036,0.841,-0.215,-286.685,-172.804,15.776,Pitch
-0.091,1.028,-0.169,-286.685,-200.795,3.036,Pitch
-0.467,1.339,0.978,-286.685,-225.059,38.754,Pitch
-0.129,0.973,1.082,-286.685,-281.960,23.712,Pitch
0.213,0.647,1.187,-286.685,-286.212,96.793,Pitch
0.174,-1.016,0.471,-253.724,-202.484,138.128,Pitch
0.287,-0.085,1.136,286.685,245.464,-32.130,Pitch
-0.597,1.218,0.939,286.685,286.685,-61.854,Pitch
-0.407,1.144,0.549,286.685,183.951,-30.765,Pitch
0.278,0.403,-0.167,286.685,138.915,7.009,Pitch
0.154,0.509,-0.424,286.685,133.569,25.620,Pitch
-0.016,0.774,-0.209,-10.483,-36.173,61.294,Pitch
-0.156,1.068,0.013,-282.704,-179.148,78.304,Pitch
0.061,0.815,-0.132,-286.685,-257.880,85.137,Pitch
0.040,0.763,1.050,-286.685,-203.131,75.329,Pitch
0.170,0.405,1.474,-286.685,-151.637,66.159,Pitch
0.235,-0.075,1.328,-270.734,-65.485,40.591,Pitch
0.175,-0.012,1.259,279.335,199.036,-42.963,Pitch
-0.235,0.613,1.071,286.685,281.759,-91.516,Pitch
-0.176,0.943,0.568,286.685,197.383,-52.474,Pitch
-0.125,0.630,-0.254,286.685,194.434,-33.066,Pitch
0.016,0.760,-0.168,286.685,194.696,3.929,Pitch
0.220,0.437,-0.435,212.686,69.134,58.240,Pitch
0.177,0.552,-0.392,-132.230,-113.522,77.875,Pitch
0.018,0.931,-0.310,-286.685,-202.878,76.764,Pitch
-0.219,1.087,0.195,-286.685,-209.930,60.139,Pitch
-0.197,1.079,0.850,-286.685,-223.379,14.796,Pitch
0.252,0.924,0.933,-286.685,-229.495,19.372,Pitch
0.173,0.244,1.412,-286.685,-138.889,80.089,Pitch
-0.097,-0.543,1.300,-284.419,-112.753,52.185,Pitch
0.295,-0.493,1.217,58.581,-7.210,-33.661,Pitch
0.298,0.052,1.109,286.571,114.520,-50.085,Pitch
-0.294,0.483,0.977,286.685,230.326,-94.841,Pitch
0.006,0.656,0.380,286.685,255.369,-179.428,Pitch
0.080,0.847,-0.294,286.685,286.685,-126.507,Pitch
-0.146,0.704,-0.350,286.685,286.685,-86.161,Pitch
0.085,0.677,-0.423,286.685,256.244,-35.954,Pitch
-0.003,0.580,-0.531,-15.243,64.776,26.110,Pitch
0.051,0.556,-0.516,-258.842,-61.346,13.248,Pitch
-0.192,0.982,-0.514,-286.685,-103.066,15.155,Pitch
-0.435,1.283,0.085,-286.685,-214.296,-13.335,Pitch
-0.319,1.295,0.504,-286.685,-285.154,-33.513,Pitch
-0.168,1.193,0.941,-286.685,-286.510,27.781,Pitch
-0.029,0.353,0.627,-286.685,-234.675,19.066,Pitch
0.088,-0.082,1.052,-286.685,-184.485,-0.131,Pitch
-0.009,-0.492,1.140,-115.351,-101.010,-5.434,Pitch
0.214,-0.450,1.276,200.086,18.025,-19.241,Pitch
0.205,-0.165,1.087,286.685,103.915,-16.870,Pitch
-0.053,0.564,0.896,286.685,134.348,-28.954,Pitch
-0.294,0.758,0.675,286.685,127.732,-82.390,Pitch
0.130,0.943,0.169,286.685,133.367,-118.037,Pitch
0.099,0.853,-0.302,286.685,222.303,-94.281,Pitch
-0.036,0.729,-0.403,286.685,244.265,-33.136,Pitch
0.156,0.523,-0.432,166.950,107.257,8.426,Pitch
0.200,0.616,-0.319,-246.383,-17.684,32.174,Pitch
-0.018,0.876,-0.358,-286.685,-50.759,22.479,Pitch
-0.220,1.160,-0.068,-286.685,-123.804,-1.636,Pitch
-0.297,1.201,0.452,-286.685,-204.050,2.328,Pitch
-0.287,1.041,1.284,-286.685,-233.240,4.305,Pitch
-0.095,0.427,0.733,-286.685,-200.506,-10.150,Pitch
0.153,-0.405,0.774,-286.361,-124.521,-10.806,Pitch
0.175,-0.655,0.774,-0.341,-9.065,-16.222,Pitch
0.146,0.205,1.310,286.685,102.786,-3.622,Pitch
-0.375,0.548,1.307,286.685,117.696,-26.924,Pitch
-0.111,0.468,1.042,286.685,94.929,-59.850,Pitch
-0.014,0.528,-0.259,286.685,156.004,-101.684,Pitch
0.037,1.273,-0.340,286.685,282.686,-89.705,Pitch
0.046,1.139,-0.152,286.685,253.242,-0.647,Pitch
0.244,0.240,-0.727,274.330,158.296,37.083,Pitch
0.139,0.013,-0.656,-77.647,14.096,47.618,Pitch
0.077,0.490,-0.460,-281.592,-69.326,-28.122,Pitch
0.100,0.657,-0.532,-286.685,-96.889,-53.095,Pitch
-0.056,0.872,-0.002,-286.685,-168.122,-31.859,Pitch
-0.102,1.213,0.968,-286.685,-234.246,4.349,Pitch
-0.386,1.938,1.790,-286.685,-225.216,32.095,Pitch
-0.474,0.553,0.801,-286.685,-166.758,-24.798,Pitch
0.138,-0.549,0.558,-285.198,-68.162,-94.491,Pitch
0.478,-0.661,1.050,170.266,43.925,-43.138,Pitch
-0.050,0.221,1.276,286.685,172.462,9.170,Pitch
-0.293,0.668,1.527,286.685,202.414,27.239,Pitch
-0.309,0.679,1.207,286.685,186.996,81.839,Pitch
-0.298,0.571,0.172,286.685,217.665,55.388,Pitch
0.094,0.701,-0.403,286.685,238.193,42.026,Pitch
0.518,0.594,-0.577,286.685,241.500,52.439,Pitch
0.487,0.154,-0.740,243.863,151.594,138.792,Pitch
0.157,0.079,-0.496,-67.559,51.537,127.216,Pitch
-0.015,0.297,-0.417,-267.015,-36.487,11.716,Pitch
0.028,0.787,-0.318,-286.685,-101.080,-60.314,Pitch
-0.072,1.321,0.362,-286.685,-170.109,-50.041,Pitch
-0.482,1.373,1.005,-286.685,-154.420,-27.667,Pitch
-0.302,1.259,1.141,-286.685,-165.883,-53.769,Pitch
0.179,0.042,0.934,-286.685,-216.545,-28.595,Pitch
0.255,-0.274,0.866,-286.685,-175.490,-16.914,Pitch
0.402,-0.466,1.186,114.030,-74.147,-51.144,Pitch
0.244,-0.026,1.217,286.685,104.764,-31.972,Pitch
-0.010,0.864,1.353,286.685,127.881,-25.454,Pitch
-0.223,0.767,1.172,286.685,102.480,-41.921,Pitch
0.181,0.605,-0.139,286.685,105.787,-104.738,Pitch
-0.013,0.859,-0.685,286.685,192.815,-102.541,Pitch
0.388,0.815,-0.074,286.685,129.281,-37.861,Pitch
0.317,0.368,-0.264,130.926,53.970,37.730,Pitch
0.126,0.276,-0.202,-265.834,-25.716,40.661,Pitch
0.187,0.775,-0.309,-286.685,-43.006,37.083,Pitch
-0.109,0.985,0.649,-286.685,-86.450,84.753,Pitch
-0.532,1.461,1.059,-286.685,-96.688,49.228,Pitch
-0.102,1.158,1.173,-286.685,-53.016,-95.130,Pitch
0.054,0.206,0.946,-286.685,-126.735,-82.058,Pitch
0.174,-0.608,0.590,-261.818,-129.526,-55.178,Pitch
0.514,-0.228,1.390,263.716,-13.545,-55.650,Pitch
0.045,0.453,1.251,286.685,102.856,-21.254,Pitch
0.025,0.643,0.973,286.685,105.341,-4.952,Pitch
0.055,0.512,0.193,286.685,130.777,-43.978,Pitch
-0.116,1.091,-0.447,286.685,171.780,-49.009,Pitch
0.097,1.083,-0.211,286.685,126.254,-7.481,Pitch
0.024,0.600,-0.108,223.291,84.787,4.244,Pitch
0.152,0.233,-0.375,-72.774,41.090,11.244,Pitch
0.308,0.344,-0.465,-286.685,-25.296,19.565,Pitch
0.127,0.792,-0.240,-286.685,-96.022,49.534,Pitch
-0.345,0.861,0.866,-286.685,-157.133,52.482,Pitch
-0.264,0.785,1.464,-286.685,-121.257,-7.997,Pitch
-0.266,0.541,1.986,-286.685,5.014,-147.630,Pitch
0.690,-0.888,1.010,168.595,20.746,-90.878,Pitch
-0.047,-0.148,0.837,286.685,256.270,-5.836,Pitch
-0.176,0.778,1.526,286.685,158.909,12.267,Pitch
-0.025,0.622,-0.181,286.685,109.121,40.049,Pitch
0.137,0.647,-0.712,286.685,72.564,30.704,Pitch
0.386,0.690,-0.092,286.685,76.396,22.225,Pitch
0.314,0.015,-0.572,116.183,22.391,82.679,Pitch
0.287,-0.109,-0.847,-284.305,-50.584,107.756,Pitch
0.045,0.682,-0.376,-286.685,-61.022,62.256,Pitch
-0.145,0.729,0.430,-286.685,-71.015,60.515,Pitch
-0.355,0.692,1.937,-286.685,-19.556,-31.649,Pitch
-0.058,0.520,1.999,-286.685,20.073,-135.319,Pitch
-0.138,-0.546,0.859,-175.613,-68.906,-68.451,Pitch
0.265,0.439,1.999,220.386,-40.653,-57.103,Pitch
-0.157,-0.518,0.807,148.811,-18.419,5.985,Pitch
-0.004,0.044,0.470,286.685,43.785,-31.430,Pitch
0.165,0.344,-0.339,286.685,186.944,-80.938,Pitch
0.186,0.582,-0.966,286.685,220.561,-70.464,Pitch
0.299,0.669,-0.396,286.685,261.739,-81.314,Pitch
0.490,0.189,-0.627,256.480,174.396,10.509,Pitch
0.328,-0.017,-0.480,-166.924,29.654,88.777,Pitch
0.008,0.416,-0.237,-286.685,-80.605,90.046,Pitch
-0.371,1.414,0.337,-286.685,-222.416,73.491,Pitch
-0.316,1.684,1.296,-286.685,-212.931,41.974,Pitch
-0.096,1.291,1.632,-286.685,-148.636,-2.459,Pitch
0.218,0.185,1.435,-286.685,-70.385,-17.719,Pitch
-0.011,-1.028,1.072,-242.690,-67.147,-35.639,Pitch
0.124,-0.148,1.126,41.834,-25.209,-24.850,Pitch
0.140,-0.729,0.813,277.874,130.401,-67.699,Pitch
0.142,0.712,0.690,286.685,173.110,-48.072,Pitch
-0.180,0.776,0.417,286.685,154.516,11.786,Pitch
0.048,0.613,-0.747,286.685,159.040,-30.389,Pitch
0.190,0.898,-0.584,286.685,207.786,-64.103,Pitch
0.380,0.691,-0.288,286.685,196.831,-25.935,Pitch
0.180,0.295,-0.414,-72.555,82.836,58.310,Pitch
-0.182,1.080,-0.071,-286.685,-125.020,-21.569,Pitch
-0.209,1.381,0.205,-286.685,-169.794,-56.893,Pitch
-0.566,1.525,1.254,-286.685,-200.051,-51.625,Pitch
-0.845,-0.657,0.115,-7.577,-2.503,-2.205,Shake
-0.938,-0.686,0.151,-19.066,9.712,-7.805,Shake
-1.136,-0.742,0.086,-51.993,47.565,-20.396,Shake
-1.329,-0.632,-0.326,-108.780,129.150,-50.129,Shake
-1.564,-0.596,-0.953,-153.738,155.295,-145.215,Shake
-1.576,-0.566,-1.997,16.292,-36.085,-221.261,Shake
-1.084,-0.075,-1.810,286.431,-65.739,-286.396,Shake
-0.030,0.622,-0.613,286.685,-54.609,-286.685,Shake
1.828,1.192,1.999,286.685,-94.045,-286.527,Shake
1.998,0.358,1.999,-232.557,-3.570,118.099,Shake
-0.273,1.997,1.999,-286.685,281.899,283.334,Shake
-1.476,1.997,-1.292,-286.685,286.685,40.504,Shake
1.047,1.459,-1.997,-279.711,185.561,-125.808,Shake
1.933,1.038,-1.997,286.151,-284.436,-16.782,Shake
-0.498,1.051,-1.997,286.685,-181.038,76.151,Shake
-1.240,1.997,1.820,286.685,-286.685,-184.861,Shake
1.998,1.876,1.999,34.370,-83.562,-101.509,Shake
-0.111,1.997,1.999,-286.685,239.925,168.534,Shake
-1.307,1.997,1.455,-286.685,-77.192,198.870,Shake
-0.528,1.997,-1.997,-286.685,286.685,-65.301,Shake
1.998,1.936,-1.997,91.236,-157.334,-137.305,Shake
1.998,1.552,-1.997,286.685,70.499,282.511,Shake
-1.999,1.997,-1.469,286.685,-244.702,279.904,Shake
1.466,1.985,1.999,280.954,-129.964,-285.250,Shake
-0.640,1.245,1.999,-286.685,243.959,-29.610,Shake
0.765,1.997,1.635,-286.685,-138.049,100.030,Shake
-0.941,1.997,-1.997,-286.685,214.454,-23.327,Shake
1.998,1.997,-1.997,-145.740,108.832,-155.855,Shake
1.998,1.992,-1.997,286.685,107.249,269.990,Shake
-1.999,1.997,-1.997,286.685,-259.788,271.136,Shake
-0.605,1.997,1.999,286.685,-231.087,-285.889,Shake
0.754,1.997,1.999,-100.424,269.307,-20.317,Shake
1.807,1.997,1.999,-286.685,134.549,55.414,Shake
-1.999,1.997,-0.644,-286.685,247.161,8.995,Shake
1.449,1.997,-1.997,-286.685,286.685,-286.685,Shake
1.998,1.997,-1.997,-127.995,-77.070,-235.419,Shake
1.887,1.997,-1.997,286.685,-156.336,286.685,Shake
-1.999,1.997,-1.862,286.685,-286.090,270.069,Shake
1.910,1.997,1.999,284.524,-285.495,-130.620,Shake
1.218,1.997,1.999,-244.125,286.370,-103.784,Shake
1.388,1.997,1.999,-286.685,35.123,102.095,Shake
-1.810,1.997,-1.259,-286.685,204.768,29.304,Shake
1.998,1.997,-1.997,-286.685,286.685,-286.685,Shake
1.998,1.923,-1.997,263.524,-286.685,104.650,Shake
1.401,1.997,-1.997,286.685,-265.694,286.685,Shake
-1.999,1.997,-1.991,286.685,-286.685,100.529,Shake
1.998,1.997,1.999,286.685,-286.685,-252.971,Shake
1.998,1.997,1.999,-144.602,30.275,286.685,Shake
1.997,1.997,1.566,-286.685,286.685,286.685,Shake
-1.999,1.997,0.199,-286.685,255.745,286.685,Shake
-1.999,1.172,-1.997,-283.859,283.544,284.524,Shake
-1.999,1.277,-1.997,176.321,-69.834,-282.380,Shake
-1.999,1.997,-0.788,286.685,-88.296,-286.685,Shake
-1.986,1.997,1.999,117.574,-84.044,-286.685,Shake
1.998,1.997,0.112,-151.751,-286.685,-286.685,Shake
1.998,1.997,-1.997,-171.080,-279.353,-186.979,Shake
1.998,1.997,-1.984,277.891,133.822,286.685,Shake
1.998,1.997,0.705,286.685,280.954,286.685,Shake
-1.179,1.997,0.973,154.149,286.685,286.685,Shake
-1.999,1.997,-1.997,-286.685,286.685,286.685,Shake
-1.999,1.997,-1.997,58.949,-284.314,-62.344,Shake
-1.999,1.958,-1.997,200.366,-74.909,-281.829,Shake
-1.999,1.997,-1.887,286.685,268.450,-286.685,Shake
-1.796,1.997,-0.538,286.685,176.689,-286.685,Shake
1.199,1.997,1.547,286.685,61.338,-286.685,Shake
1.998,1.983,1.999,286.589,2.669,-258.204,Shake
1.998,0.491,1.999,-26.320,-271.215,195.291,Shake
0.450,1.776,1.999,-286.589,-100.345,286.685,Shake
-1.954,1.997,1.999,-286.685,-286.641,286.685,Shake
-1.999,1.997,-0.767,-286.685,-255.684,286.685,Shake
-1.999,1.565,-1.997,-286.685,-220.413,213.106,Shake
-1.999,1.451,-1.997,-94.964,-179.209,-163.581,Shake
-1.999,1.390,-1.997,234.080,120.628,-286.685,Shake
-1.157,1.997,-0.987,286.685,281.724,-286.685,Shake
1.252,1.997,1.962,286.685,199.876,-286.685,Shake
1.998,0.263,1.999,258.606,238.901,-286.510,Shake
1.955,1.987,1.999,-286.685,217.936,258.405,Shake
-0.757,1.997,1.982,-286.685,59.929,217.997,Shake
-1.999,1.997,-1.526,-286.685,-38.159,263.883,Shake
-1.347,1.997,-1.997,-286.685,267.015,27.134,Shake
0.130,1.997,-1.997,75.556,-115.281,-68.661,Shake
-0.196,1.997,-1.997,286.685,-19.976,-3.378,Shake
-1.999,1.997,-1.997,286.685,-30.538,-135.940,Shake
-1.784,1.997,-0.494,286.685,-286.685,-286.685,Shake
1.998,1.992,1.999,286.685,-152.005,-279.064,Shake
1.998,1.997,1.999,-233.476,117.775,152.749,Shake
0.794,1.894,1.999,-286.685,240.135,146.886,Shake
-0.848,1.997,1.652,-286.685,76.387,240.415,Shake
-1.601,1.997,-1.446,-286.685,285.670,119.613,Shake
1.998,1.997,-1.997,-286.685,286.685,-282.240,Shake
1.998,1.997,-1.997,108.342,-134.374,-35.998,Shake
1.876,1.997,-1.997,286.685,-274.129,286.685,Shake
-1.553,1.997,-1.997,286.685,-177.152,286.685,Shake
-1.768,1.997,-1.562,286.685,-286.685,58.896,Shake
1.998,1.997,1.999,286.685,-286.685,-176.628,Shake
0.729,1.997,1.999,-254.406,239.033,265.396,Shake
1.247,1.997,1.999,-286.685,286.685,-2.686,Shake
-0.419,1.997,-0.284,-286.685,286.685,-7.315,Shake
1.998,1.997,-1.997,-286.685,286.685,-276.483,Shake
1.998,1.997,-1.997,-245.831,95.471,-261.992,Shake
1.998,1.997,-1.997,284.279,-286.685,231.359,Shake
1.143,1.728,-1.997,286.685,-202.239,286.685,Shake
-1.980,1.997,-1.997,286.685,-286.685,278.758,Shake
1.998,1.997,1.696,286.685,-286.685,-154.691,Shake
1.998,1.997,1.999,286.685,-286.685,-83.064,Shake
1.536,1.997,1.999,-239.837,265.939,225.531,Shake
0.879,1.997,1.966,-286.685,286.685,74.060,Shake
0.761,1.997,-0.931,-286.685,286.685,-140.473,Shake
1.998,1.997,-1.997,-286.685,286.685,-278.679,Shake
1.998,1.344,-1.997,-210.954,-99.934,-92.540,Shake
1.966,1.663,-1.997,286.685,-286.685,225.488,Shake
-0.648,1.501,-1.997,286.685,-286.685,280.858,Shake
-1.265,1.997,-1.847,286.685,-286.685,-13.554,Shake
1.998,1.997,1.999,286.685,-286.685,-260.181,Shake
1.998,1.997,1.999,174.606,-139.641,170.354,Shake
1.374,1.997,1.999,-286.685,286.685,217.079,Shake
-0.139,1.997,1.411,-286.685,286.685,67.016,Shake
1.418,1.997,-1.719,-286.685,286.685,-111.221,Shake
1.998,1.984,-1.997,-286.685,286.685,-286.501,Shake
1.998,1.997,-1.997,279.694,-286.685,142.923,Shake
1.815,1.455,-1.997,286.685,-253.076,236.101,Shake
-1.097,1.777,-1.997,286.685,-286.562,283.395,Shake
0.230,1.997,-0.984,286.685,-286.685,-110.626,Shake
1.998,1.997,1.999,286.685,-286.685,-201.731,Shake
1.998,1.997,1.999,-271.180,260.846,284.821,Shake
1.835,1.997,1.999,-286.685,286.685,240.494,Shake
-0.189,1.997,-0.756,-286.685,286.685,152.740,Shake
1.998,1.997,-1.997,-286.685,286.685,-112.114,Shake
1.998,1.756,-1.997,-83.536,-165.533,-87.535,Shake
1.998,1.939,-1.997,286.685,-284.323,170.572,Shake
0.091,1.892,-1.997,286.685,-193.349,286.659,Shake
-1.999,1.997,-1.906,286.685,-286.685,26.005,Shake
1.998,1.997,1.999,286.685,-286.685,-280.927,Shake
1.998,1.997,1.999,-230.387,249.209,271.136,Shake
1.988,1.997,1.999,-286.685,286.685,87.614,Shake
-0.275,1.997,-0.625,-286.685,286.685,74.051,Shake
1.998,1.997,-1.997,-286.685,286.685,-175.158,Shake
1.998,1.997,-1.997,-192.710,-7.831,-215.898,Shake
1.998,1.997,-1.997,286.536,-284.366,175.726,Shake
0.001,1.997,-1.997,286.685,-200.909,286.685,Shake
-1.999,1.997,-1.905,286.685,-286.685,76.457,Shake
1.998,1.997,1.895,286.685,-286.685,-286.449,Shake
1.998,1.997,1.999,220.491,-226.721,85.304,Shake
1.997,1.997,1.999,-286.685,286.685,208.084,Shake
-0.936,1.997,0.466,-286.685,286.685,242.856,Shake
-1.385,1.997,-1.535,-286.685,286.685,137.734,Shake
1.998,1.997,-1.997,-286.685,286.685,-268.756,Shake
1.998,1.124,-1.997,-54.119,-14.779,-166.906,Shake
1.989,1.966,-1.997,286.685,-263.191,124.224,Shake
0.901,1.436,-1.997,286.685,-69.781,168.411,Shake
-1.466,1.741,-1.997,286.685,-269.413,139.842,Shake
1.448,1.997,0.240,286.685,-286.685,-253.181,Shake
1.998,1.785,1.999,286.685,-286.685,-113.662,Shake
1.949,1.997,1.999,-284.340,262.894,286.685,Shake
1.130,1.997,1.987,-286.685,286.685,268.389,Shake
-0.656,1.997,-0.340,-286.685,286.685,200.935,Shake
1.998,1.997,-1.997,-286.685,286.685,-9.380,Shake
1.998,1.997,-1.997,-252.333,149.424,-208.994,Shake
1.998,1.997,-1.997,283.045,-286.685,-33.364,Shake
1.967,1.822,-1.997,286.685,5.224,266.726,Shake
-1.668,1.442,-1.997,286.685,-144.533,286.685,Shake
-1.431,1.997,-1.236,286.685,-286.685,18.734,Shake
1.998,1.997,1.356,286.685,-286.685,-278.661,Shake
1.998,1.440,1.999,270.078,-200.506,111.283,Shake
1.365,1.997,1.999,-286.685,286.685,158.900,Shake
1.189,1.841,0.940,-286.685,286.685,69.221,Shake
1.026,1.997,-0.540,-286.685,286.685,5.180,Shake
1.998,1.997,-1.997,-286.685,286.685,-191.966,Shake
1.998,1.931,-1.997,-47.976,-128.590,-60.252,Shake
1.998,1.878,-1.994,286.685,-195.143,281.207,Shake
0.910,1.176,-1.997,286.685,-115.640,286.685,Shake
-1.961,1.660,-1.997,286.685,-286.685,286.685,Shake
1.949,1.997,1.774,286.685,-286.685,-100.599,Shake
1.998,1.961,1.999,286.685,-286.685,17.666,Shake
1.998,1.756,1.999,42.438,-278.582,281.619,Shake
1.998,1.997,1.346,-286.685,286.685,286.685,Shake
-1.692,1.997,0.136,-286.685,-146.064,286.685,Shake
-1.999,1.997,-1.997,-274.785,189.875,286.685,Shake
-1.999,1.997,-1.997,-75.915,247.861,286.685,Shake
-1.999,1.769,-1.997,146.204,118.930,98.717,Shake
-1.999,1.645,-1.964,286.685,280.823,-286.650,Shake
-1.999,1.997,0.837,286.685,286.685,-286.685,Shake
-1.772,1.997,1.704,286.685,280.884,-286.685,Shake
1.998,1.997,1.999,286.685,-175.770,-286.685,Shake
1.998,1.255,1.999,-72.599,132.396,2.319,Shake
1.983,1.997,1.999,-286.685,286.685,286.685,Shake
0.606,1.997,1.854,-286.685,286.685,286.685,Shake
-0.524,1.997,-0.589,-286.685,286.685,249.848,Shake
1.998,1.997,-1.997,-286.685,286.685,44.791,Shake
0.863,1.040,-1.997,-59.815,-98.910,-84.761,Shake
1.998,0.812,-1.997,286.685,-286.685,-134.102,Shake
-1.010,0.602,-1.991,286.685,-286.685,-79.424,Shake
-1.999,0.800,-0.527,286.685,-286.685,-286.685,Shake
-0.485,1.709,-1.487,-47.390,-286.685,-286.685,Shake
1.995,0.467,-1.874,-286.685,-286.685,-286.633,Shake
1.998,-0.783,-1.997,-158.217,278.679,114.765,Shake
1.393,-0.295,-0.913,63.665,286.685,286.676,Shake
0.463,-0.021,-1.367,-32.034,286.685,286.685,Shake
-1.116,0.018,-1.997,-153.318,286.685,286.685,Shake
-1.999,-0.761,-1.867,11.506,286.685,247.520,Shake
-1.999,-0.432,-1.667,140.674,266.831,-150.001,Shake
1.539,0.385,-1.945,286.685,-286.685,-286.685,Shake
1.831,-0.331,-0.466,286.685,-286.685,-253.741,Shake
1.998,-0.364,0.164,286.685,-286.685,11.358,Shake
1.998,-0.004,1.956,286.685,-286.685,231.814,Shake
1.998,0.286,1.999,285.513,-286.685,286.685,Shake
0.346,0.540,1.999,-66.246,-286.685,286.685,Shake
-0.976,0.321,1.245,-286.318,-286.685,286.685,Shake
-1.511,-0.913,-0.776,-156.992,-80.150,286.685,Shake
-0.761,-0.650,-1.921,18.349,286.685,286.685,Shake
-0.174,1.645,-1.997,43.321,286.685,286.685,Shake
-1.691,1.282,-1.997,-85.461,286.685,286.685,Shake
-1.999,0.087,-1.997,241.815,270.681,157.561,Shake
0.838,1.449,-1.997,286.685,-286.125,-285.967,Shake
1.998,0.618,-1.362,286.685,-286.685,-246.173,Shake
1.796,0.794,1.955,286.685,-286.685,47.110,Shake
1.361,-0.239,1.999,190.977,-286.685,202.834,Shake
0.258,0.682,1.999,-286.685,270.340,264.346,Shake
-1.023,0.991,0.656,-286.685,286.685,99.356,Shake
0.550,1.589,-0.918,-286.685,286.685,-162.085,Shake
1.998,1.348,-1.997,-286.685,286.685,-263.839,Shake
1.998,1.116,-1.997,119.569,-113.225,-202.143,Shake
1.998,0.916,-1.997,286.685,-286.685,51.021,Shake
1.202,0.015,-1.997,286.685,-286.685,243.408,Shake
-0.020,0.975,-1.514,286.685,-286.685,161.656,Shake
1.518,1.415,0.728,286.685,-286.685,-180.276,Shake
1.998,0.626,1.538,286.685,-286.685,-244.781,Shake
1.998,0.150,1.999,130.270,-286.685,-33.101,Shake
1.998,0.300,0.646,-286.283,159.723,248.098,Shake
1.998,0.061,-0.168,-280.954,286.685,286.685,Shake
1.706,1.125,-1.006,-286.650,286.685,286.685,Shake
0.644,0.796,-1.997,-286.685,286.685,286.685,Shake
-1.090,-0.507,-1.997,-268.056,286.685,231.394,Shake
-0.387,-0.064,-1.997,233.152,-208.486,-244.965,Shake
1.837,0.455,-1.997,286.685,-286.685,-286.685,Shake
1.998,0.142,-1.825,286.685,-286.685,-240.240,Shake
1.998,-0.104,-0.727,286.685,-286.685,-236.189,Shake
1.918,-0.292,1.033,286.685,-286.685,-184.896,Shake
1.998,0.316,1.929,-105.507,-278.294,172.795,Shake
1.998,0.862,-1.997,-284.060,286.685,286.685,Shake
0.220,1.634,-1.139,-62.842,181.072,286.685,Shake
-0.499,1.760,0.210,63.420,-190.417,286.685,Shake
-1.708,0.709,-1.583,135.319,-64.024,286.685,Shake
-1.479,1.164,-1.997,280.849,18.909,286.685,Shake
-0.562,1.997,-1.997,286.685,284.646,286.685,Shake
-1.999,1.997,-1.997,286.685,286.685,286.685,Shake
-1.999,1.997,-1.997,286.685,286.685,281.383,Shake
-1.999,1.997,0.436,286.685,286.685,-223.755,Shake
0.806,1.997,-1.540,286.685,-258.580,-286.685,Shake
1.666,1.710,-1.968,286.685,-286.685,-286.685,Shake
1.011,1.611,-1.230,286.685,-286.685,-286.685,Shake
1.998,1.962,-0.441,286.685,-286.685,-286.685,Shake
1.998,1.456,0.665,286.685,-286.685,-273.411,Shake
1.998,0.284,1.999,256.121,-286.685,129.071,Shake
1.998,1.997,0.143,-286.685,285.189,286.685,Shake
1.420,1.675,-1.993,-286.466,171.202,286.685,Shake
-0.097,1.820,-1.381,-93.056,45.036,286.685,Shake
-1.035,1.539,-1.997,154.333,286.685,286.685,Shake
-1.999,1.997,-1.997,286.685,286.685,286.685,Shake
-1.999,1.908,-1.997,286.685,286.685,286.685,Shake
-1.999,1.097,-1.240,286.685,279.239,-166.617,Shake
1.998,1.997,-1.997,286.685,-286.685,-286.685,Shake
1.998,0.090,-0.634,286.685,-6.633,-212.590,Shake
1.367,-0.031,-1.353,286.685,-286.685,46.261,Shake
1.169,0.728,-0.766,286.685,-286.685,-98.971,Shake
1.998,0.412,-0.269,286.685,-286.685,-277.480,Shake
1.998,-0.441,1.999,271.897,-286.685,-19.093,Shake
1.886,0.616,0.173,-276.832,205.065,286.685,Shake
0.693,0.545,-1.908,-286.685,286.685,286.685,Shake
0.113,1.010,-1.997,-34.895,286.685,286.685,Shake
-1.218,1.816,-1.997,231.665,286.685,286.685,Shake
-1.999,1.751,-1.997,104.151,286.685,286.685,Shake
-1.999,-1.075,-1.997,-68.136,286.685,3.859,Shake
1.998,1.997,-1.943,286.685,-286.685,-286.685,Shake
1.998,-0.148,1.342,286.685,79.537,-178.596,Shake
1.222,-0.098,0.048,286.685,-286.685,286.685,Shake
0.514,0.355,0.013,286.685,-286.685,210.044,Shake
1.998,0.029,0.846,286.685,-286.685,-40.635,Shake
1.998,-0.560,1.999,286.685,-286.685,33.329,Shake
1.998,-0.091,1.999,-55.991,-210.700,286.685,Shake
0.344,-0.016,-1.139,-262.168,286.685,286.685,Shake
0.572,-0.012,-1.997,-116.340,286.685,286.685,Shake
-0.237,1.150,-1.997,-15.566,286.685,286.685,Shake
-1.863,0.803,-1.997,-61.495,286.685,286.685,Shake
-1.999,-1.105,-1.997,-31.579,286.685,240.292,Shake
1.506,0.803,-1.997,286.685,-286.685,-286.685,Shake
1.998,0.032,-0.906,286.685,-286.685,-251.160,Shake
1.343,-0.527,-0.006,286.685,-286.685,23.984,Shake
1.689,-0.096,-0.104,286.685,-286.685,28.805,Shake
1.327,0.099,0.211,286.685,-286.685,-68.180,Shake
1.998,-0.181,1.837,285.443,-286.685,-112.385,Shake
1.304,-0.248,1.283,-181.720,210.018,233.905,Shake
0.965,-0.567,-0.648,-253.872,286.685,282.599,Shake
1.091,-0.568,-0.512,-141.024,286.685,286.685,Shake
0.436,0.264,-1.614,-142.616,286.685,286.685,Shake
-1.239,-0.397,-1.997,-269.579,286.685,286.685,Shake
-1.485,-1.005,-1.782,-126.052,286.685,119.175,Shake
1.219,-0.741,-1.120,278.880,-286.685,-9.879,Shake
1.532,-0.808,0.490,286.650,-286.685,100.240,Shake
0.121,-0.428,1.999,54.232,-286.685,285.714,Shake
-1.999,0.167,1.999,-285.688,-286.685,286.650,Shake
-1.999,-0.413,0.208,-286.685,-286.685,-37.336,Shake
-1.874,-0.581,-1.600,-286.685,-286.685,-286.685,Shake
1.176,-0.603,-1.231,-240.301,-56.954,-213.981,Shake
0.456,-0.987,-0.894,31.316,286.685,115.001,Shake
0.813,-0.108,-1.279,115.500,286.685,286.685,Shake
-0.466,0.524,-1.997,-159.906,286.685,286.685,Shake
-1.666,-0.137,-1.989,-212.196,286.685,286.685,Shake
-1.999,-0.986,-1.289,-72.914,98.857,125.440,Shake
-1.846,-0.268,-1.126,99.269,-286.685,-278.434,Shake
-0.723,-0.223,-1.463,-22.584,-286.685,-286.685,Shake
-1.118,-0.432,-1.190,-45.868,-286.685,-286.685,Shake
-1.085,-0.430,-0.910,-62.615,-286.685,-286.685,Shake
-1.124,-0.671,-0.937,-49.140,-286.685,-286.685,Shake
0.317,-0.568,-0.164,78.978,-178.526,-258.536,Shake
0.838,-0.706,0.659,49.901,277.156,-43.103,Shake
0.515,-0.639,-0.436,-25.497,286.685,177.765,Shake
0.245,-0.287,-1.195,-16.153,286.685,286.685,Shake
-1.999,-0.494,-1.429,-1.654,286.685,286.685,Shake
-1.938,-0.827,0.090,-126.901,286.685,-59.806,Shake
0.215,-1.195,-1.496,31.903,-286.685,-151.104,Shake
-0.291,-0.704,-0.197,266.910,-286.685,-45.623,Shake
-0.678,-0.736,0.445,207.209,-286.685,-151.253,Shake
-0.238,-0.683,-0.576,19.285,-286.685,-227.439,Shake
-0.744,-0.681,-0.182,-108.815,-286.685,-232.137,Shake
1.911,-1.208,-1.561,-126.613,-34.606,-104.353,Shake
0.648,-0.724,-0.377,150.938,286.685,241.587,Shake
0.115,-0.146,-1.089,86.109,286.685,286.685,Shake
-1.540,0.108,-1.997,-37.188,286.685,286.685,Shake
-1.999,-0.529,-1.805,-4.305,286.685,283.946,Shake
-1.898,-0.834,-0.597,12.215,95.865,-163.406,Shake
0.681,-0.963,-1.441,172.156,-286.685,-197.592,Shake
0.453,-0.670,-0.401,204.846,-286.685,-109.419,Shake
-0.903,-0.792,0.584,77.543,-286.685,-145.827,Shake
-0.835,-0.668,-0.093,-65.817,-286.685,-204.391,Shake
-1.072,-0.900,-0.535,-125.204,-286.685,-168.429,Shake
1.131,-0.933,-0.921,25.209,217.324,-181.598,Shake
1.062,-0.554,0.206,188.011,286.685,81.156,Shake
-0.443,-0.108,-0.637,99.671,286.685,286.685,Shake
-1.999,-0.431,-1.997,-81.130,286.685,273.962,Shake
-1.999,-1.169,0.429,-41.825,286.685,-12.784,Shake
-0.018,-0.935,-0.918,38.010,-155.312,-237.519,Shake
0.480,-0.660,-0.092,213.474,-286.685,-6.064,Shake
-0.660,-0.807,1.634,93.984,-286.685,24.474,Shake
-0.632,-0.540,1.079,-81.147,-286.685,42.306,Shake
-0.637,-0.269,1.101,-146.641,-286.685,102.480,Shake
-1.577,-0.533,0.281,-191.406,-286.685,165.568,Shake
-0.423,-0.821,-0.914,13.177,-137.769,92.698,Shake
-0.438,-0.130,-0.328,238.254,286.685,228.060,Shake
-1.978,0.169,-1.932,286.685,286.685,286.685,Shake
-1.999,0.673,-1.997,286.685,286.685,286.685,Shake
-1.999,0.939,-1.997,286.685,286.685,286.685,Shake
-1.999,0.094,-0.653,286.685,158.034,-54.136,Shake
-0.089,0.740,-1.630,286.685,-286.685,-286.685,Shake
1.998,-0.460,-1.439,286.685,-286.685,-276.264,Shake
0.601,-0.661,1.526,286.685,-286.685,-77.656,Shake
1.766,-0.613,1.131,235.008,-286.685,-13.694,Shake
1.367,-0.219,1.993,69.064,-286.685,207.708,Shake
1.080,-0.219,1.500,-82.889,-286.685,286.633,Shake
-0.240,-0.616,-0.811,20.003,276.658,286.685,Shake
-1.271,-0.007,-0.506,217.219,286.685,286.685,Shake
-1.999,-0.192,-1.514,230.729,286.685,286.685,Shake
-1.999,-0.298,-1.997,286.685,286.685,251.300,Shake
-1.925,0.203,-1.997,286.685,286.685,215.486,Shake
-1.999,-0.034,-0.491,286.685,286.685,85.103,Shake
0.221,0.357,-0.889,286.685,-286.510,-286.685,Shake
1.998,-0.507,-0.798,286.685,-286.685,-214.935,Shake
1.416,-0.530,0.824,286.685,-286.685,18.926,Shake
1.998,-0.479,1.095,286.685,-286.685,50.811,Shake
0.857,-0.234,1.999,270.095,-286.685,132.913,Shake
1.440,-0.195,1.479,-91.140,-277.226,213.062,Shake
0.791,-0.692,-0.862,-159.469,286.685,286.685,Shake
-0.486,-0.722,-0.309,119.184,286.685,286.685,Shake
-1.802,-0.553,-0.742,149.975,286.685,286.685,Shake
-1.999,-0.414,-1.239,119.945,286.685,216.571,Shake
-1.999,-0.584,-0.629,124.504,286.685,55.755,Shake
-1.999,-0.920,0.296,139.746,158.979,-183.444,Shake
0.686,-1.077,-0.811,189.788,-286.685,-141.444,Shake
0.021,-0.701,0.456,244.335,-286.685,-23.091,Shake
-0.286,-0.707,0.673,68.539,-286.685,-88.471,Shake
-0.744,-0.632,0.542,-72.721,-286.685,-90.256,Shake
-0.645,-0.731,0.188,-149.870,-286.685,-96.810,Shake
0.854,-1.070,-1.040,-127.111,-27.116,-47.513,Shake
0.418,-0.759,-0.556,141.006,286.685,143.605,Shake
-1.276,-0.420,-0.533,224.857,286.685,286.370,Shake
-1.999,-0.591,-0.061,184.188,286.685,92.348,Shake
-1.999,-0.404,1.860,194.180,286.685,-265.886,Shake
-0.783,-0.616,1.999,118.484,258.589,-286.685,Shake
0.513,-0.749,1.980,-87.071,-31.045,-179.025,Shake
-0.827,-0.356,1.422,-286.318,225.837,-185.824,Shake
0.340,0.730,-0.231,-286.685,221.751,-286.379,Shake
1.948,0.621,-1.997,-286.685,56.140,-249.506,Shake
1.975,-0.241,-1.997,-81.410,-112.919,-62.414,Shake
1.238,0.080,-1.997,286.685,-286.685,27.913,Shake
0.814,-0.008,-1.893,286.685,-286.685,86.354,Shake
0.147,0.197,-0.599,286.685,-286.685,83.405,Shake
0.554,0.522,0.566,286.685,-286.685,40.390,Shake
-0.109,-0.042,1.999,265.484,-43.225,43.111,Shake
-0.221,0.104,1.999,-265.869,216.300,45.771,Shake
-0.549,0.004,1.935,-286.685,286.685,-44.310,Shake
0.089,0.277,0.086,-286.685,286.685,-100.109,Shake
1.011,0.673,-1.949,-286.685,286.685,-127.715,Shake
1.673,0.026,-1.997,-157.859,54.556,11.349,Shake
1.003,0.309,-1.997,279.239,-265.046,61.932,Shake
0.464,0.235,-1.997,286.685,-275.669,85.872,Shake
-0.698,0.683,-1.373,286.685,-286.685,40.197,Shake
1.034,1.650,0.855,286.685,-286.685,-142.992,Shake
1.998,1.112,1.999,286.685,-250.285,-121.765,Shake
0.796,0.914,1.999,-213.833,131.040,149.992,Shake
-0.312,0.766,1.999,-286.685,286.685,75.311,Shake
-0.118,1.594,0.461,-286.685,198.791,43.382,Shake
0.697,1.997,-1.658,-286.685,286.606,27.414,Shake
1.906,1.030,-1.997,-284.480,283.036,67.550,Shake
1.990,1.407,-1.997,279.038,-286.598,5.512,Shake
1.358,1.268,-1.997,286.685,-131.714,179.506,Shake
-1.531,1.578,-1.984,286.685,-273.297,102.734,Shake
1.439,1.997,1.999,286.685,-286.685,-101.474,Shake
0.383,0.848,1.999,-49.998,92.732,82.985,Shake
-0.158,1.276,1.999,-286.685,263.777,62.256,Shake
-0.701,1.826,1.774,-286.685,-38.728,84.096,Shake
-0.449,1.997,-1.997,-286.685,216.501,103.994,Shake
0.648,1.267,-1.997,-217.691,267.199,-63.481,Shake
1.998,1.226,-1.997,286.580,-219.607,-47.530,Shake
0.550,1.665,-1.997,286.685,-106.251,146.064,Shake
-1.999,1.997,0.124,286.685,-286.685,-8.488,Shake
1.018,1.351,1.999,283.832,-86.459,-251.510,Shake
1.063,0.702,1.999,-171.587,210.919,21.507,Shake
0.538,0.927,1.999,-286.685,10.019,58.441,Shake
-1.050,1.996,-0.375,-286.685,-29.601,172.559,Shake
-0.400,1.559,-1.997,-286.685,286.685,48.318,Shake
1.074,0.757,-1.997,-145.399,-94.579,-64.155,Shake
1.861,0.688,-1.997,286.685,-166.679,50.138,Shake
-1.862,1.993,-1.892,286.685,-282.826,113.067,Shake
-0.698,1.997,1.999,286.685,-204.820,-212.756,Shake
-0.045,0.854,1.999,-169.024,187.784,-44.144,Shake
0.392,0.805,1.999,-286.685,154.219,3.404,Shake
-0.413,1.896,1.169,-286.685,-74.357,106.566,Shake
-0.663,1.952,-1.997,-286.685,271.810,85.470,Shake
0.672,1.010,-1.997,-97.011,30.371,-84.884,Shake
1.998,0.630,-1.997,257.521,-119.315,25.445,Shake
-1.056,1.711,-1.997,286.685,-229.197,177.634,Shake
-1.424,1.997,1.999,286.685,-286.685,-96.320,Shake
0.480,1.924,1.999,124.014,129.176,-139.869,Shake
0.618,0.943,1.999,-284.506,280.586,-23.240,Shake
0.350,1.705,1.982,-286.685,24.483,70.490,Shake
-0.412,1.997,-1.997,-286.685,185.185,95.795,Shake
0.172,1.404,-1.997,-286.685,286.685,4.489,Shake
1.998,0.492,-1.997,132.169,-123.174,-21.184,Shake
-0.454,1.598,-1.997,286.685,-276.570,202.466,Shake
-1.864,1.997,1.990,286.685,-286.685,-135.800,Shake
1.182,1.884,1.999,114.844,162.566,-172.384,Shake
0.698,0.522,1.999,-282.992,234.264,0.613,Shake
0.804,1.369,1.261,-286.685,-9.450,100.135,Shake
-0.929,1.332,-1.997,-286.685,124.784,180.171,Shake
-0.737,0.269,-1.997,22.837,-72.853,18.944,Shake
-0.631,0.274,-1.997,274.242,-91.893,17.517,Shake
-1.265,1.370,-0.256,286.685,-286.685,-36.908,Shake
-0.278,1.403,1.999,284.874,-108.378,-128.765,Shake
0.720,0.182,1.999,-164.342,59.929,-42.910,Shake
0.820,0.025,1.999,-286.527,-70.805,71.260,Shake
-0.218,0.472,0.037,-286.685,-28.647,194.950,Shake
-1.856,0.515,-1.997,-286.685,77.954,153.895,Shake
-1.999,0.083,-1.997,-71.269,-45.272,14.726,Shake
-1.999,0.236,-1.997,206.867,-5.722,-143.693,Shake
-1.517,0.954,-1.792,286.685,67.086,-286.685,Shake
0.341,1.997,1.689,286.685,105.823,-272.046,Shake
0.315,0.897,1.999,88.734,71.986,-92.505,Shake
1.295,1.239,1.999,-286.598,-33.539,122.701,Shake
-0.005,1.010,1.999,-286.685,48.353,207.620,Shake
-1.902,1.956,0.131,-286.685,-51.923,282.879,Shake
-1.998,1.997,-1.900,-286.685,263.410,160.283,Shake
-1.626,1.141,-1.997,-166.145,269.272,-56.481,Shake
0.126,1.449,-1.997,280.578,141.216,-278.775,Shake
-0.984,1.676,-1.997,286.685,286.519,-188.160,Shake
0.504,1.997,1.114,286.685,112.516,-145.898,Shake
0.436,0.397,1.999,275.686,249.200,116.725,Shake
-1.961,1.426,1.999,-286.685,139.685,149.012,Shake
-0.188,1.997,1.999,-286.685,96.005,25.778,Shake
-0.183,1.997,1.999,-286.685,-126.280,153.519,Shake
-1.369,1.997,-0.364,-286.685,-114.704,175.018,Shake
-1.625,1.997,-1.997,-286.685,-160.029,-27.580,Shake
-1.089,1.997,-1.997,-286.685,-271.600,-146.318,Shake
-1.901,1.997,-1.997,-10.316,-162.872,-126.534,Shake
-1.999,1.997,-1.997,286.685,186.541,-277.707,Shake
-1.999,1.997,-0.226,286.685,159.574,-286.685,Shake
-1.999,1.997,1.369,286.685,45.614,-286.685,Shake
0.793,1.997,1.999,286.685,88.637,-286.685,Shake
1.998,0.880,1.999,285.924,283.526,-259.219,Shake
1.998,0.288,1.999,-283.246,149.012,51.818,Shake
1.905,0.981,1.999,-286.685,-36.803,269.552,Shake
-0.497,1.997,1.999,-286.685,-255.509,286.685,Shake
-1.999,1.997,0.188,-286.685,-76.125,286.685,Shake
-1.999,1.997,-1.997,-286.641,-112.131,230.212,Shake
-1.999,1.997,-1.997,-71.444,-218.724,-45.307,Shake
-1.999,1.997,-1.997,194.268,-101.675,-149.765,Shake
-1.999,1.997,-1.997,286.685,95.401,-260.383,Shake
-1.699,1.997,-0.167,286.685,-8.076,-286.685,Shake
-0.644,1.992,0.725,286.685,-134.741,-286.685,Shake
1.028,1.561,1.725,286.685,-176.199,-286.685,Shake
1.998,0.536,1.999,286.685,-124.320,-286.685,Shake
1.998,-0.074,1.999,36.610,233.284,-123.077,Shake
1.998,-0.133,1.999,-271.163,16.573,223.895,Shake
1.187,0.686,1.576,-286.685,-142.625,286.685,Shake
-0.261,1.952,0.971,-286.685,-230.842,286.685,Shake
-1.999,1.997,-1.353,-286.685,-101.456,286.685,Shake
-1.999,1.459,-1.997,-279.886,-42.682,279.379,Shake
-1.999,1.319,-1.997,-131.617,-159.600,-29.645,Shake
-1.999,1.034,-1.997,-21.079,-95.375,-204.986,Shake
-1.999,1.227,-0.844,173.320,61.854,-286.685,Shake
-1.999,1.997,0.742,180.346,-93.397,-286.685,Shake
-0.776,1.997,-0.070,18.804,-286.685,-286.685,Shake
1.484,1.997,-1.289,-62.746,-286.685,-286.685,Shake
1.998,1.621,-1.725,-95.480,-286.685,-286.685,Shake
1.998,0.997,-1.918,-115.159,88.287,84.753,Shake
1.998,0.681,-1.669,124.591,53.480,286.685,Shake
1.998,1.005,-0.382,286.685,20.029,286.685,Shake
1.937,1.994,0.132,286.685,247.249,286.685,Shake
-0.690,1.997,-1.118,245.525,286.685,286.685,Shake
-1.999,1.997,-1.997,97.353,286.685,286.685,Shake
-1.999,1.884,-0.764,99.409,128.292,286.318,Shake
-1.999,1.656,-0.155,-82.101,-132.545,-7.621,Shake
-1.999,1.979,-1.289,-198.835,-188.904,-286.685,Shake
-1.999,1.940,-0.414,-118.519,-29.339,-286.685,Shake
-1.999,1.997,0.545,-98.262,-95.410,-286.685,Shake
-1.143,1.997,0.043,-180.950,-238.516,-286.685,Shake
0.617,1.997,-1.997,-133.656,-278.530,-286.685,Shake
1.998,1.995,-1.996,90.904,-94.622,-286.685,Shake
1.998,1.136,-0.284,217.350,286.685,-277.611,Shake
1.998,0.679,0.661,141.015,286.685,90.291,Shake
1.998,-0.096,1.999,-141.391,286.685,275.669,Shake
1.550,0.891,1.745,-286.685,286.685,286.685,Shake
0.394,1.362,-0.758,-286.685,286.685,286.685,Shake
0.537,0.754,-1.990,-286.685,286.685,239.356,Shake
-0.161,-0.179,-1.997,-286.414,286.685,129.658,Shake
-0.892,-0.398,-1.769,-91.857,-189.114,-110.530,Shake
0.121,-0.494,-1.773,55.353,-286.685,-153.510,Shake
-1.999,-0.654,-0.658,60.708,-286.685,-141.505,Shake
-1.999,-0.592,-0.959,-15.417,-286.685,-283.570,Shake
-1.368,-0.136,-1.180,-127.356,-286.685,-286.685,Shake
-0.187,-0.509,-1.255,-171.062,-286.685,-286.685,Shake
1.916,-1.005,-0.847,-58.100,-179.436,-184.914,Shake
0.975,-0.867,0.120,66.080,286.685,90.326,Shake
0.708,-0.765,0.195,24.579,286.685,269.203,Shake
0.359,-0.530,-1.000,23.747,286.685,286.685,Shake
-1.812,-0.390,-1.997,-97.099,286.685,286.685,Shake
-1.999,-0.863,-1.029,-84.035,286.685,15.243,Shake
-1.190,-0.596,-1.426,127.838,39.515,-271.950,Shake
1.998,-0.347,-1.546,286.685,-286.685,-73.649,Shake
0.678,-0.621,0.281,286.685,-286.685,76.300,Shake
0.625,-0.636,-0.077,286.685,-286.685,97.396,Shake
1.185,-0.511,1.062,286.685,-286.685,121.896,Shake
1.657,-0.526,1.998,286.685,-286.685,161.551,Shake
1.127,-0.330,1.999,159.836,-286.685,254.966,Shake
0.356,-0.542,1.783,-79.791,-286.685,200.279,Shake
0.821,-0.611,-0.447,-204.234,-198.625,199.745,Shake
0.500,-0.982,-0.696,-66.868,273.385,216.974,Shake
-0.630,-0.915,0.067,59.062,286.685,269.325,Shake
-1.248,-0.864,-0.669,12.233,286.685,225.444,Shake
-0.511,-0.321,-1.644,-57.881,286.685,204.068,Shake
-0.079,-0.192,-1.997,-62.746,286.685,234.946,Shake
-1.018,-0.714,-1.602,25.462,286.685,232.566,Shake
0.291,-0.834,0.783,283.509,-223.046,207.550,Shake
1.930,0.221,1.999,270.314,-286.685,286.685,Shake
-1.199,1.916,1.999,-234.867,7.796,286.685,Shake
-1.999,1.329,0.741,-286.685,279.388,283.999,Shake
-1.999,1.981,-0.060,-286.685,-69.081,-211.549,Shake
-1.999,1.997,-1.997,-286.685,-235.637,-286.685,Shake
-1.999,1.997,-1.997,-235.935,-13.256,-286.685,Shake
-0.624,1.997,-1.997,123.944,173.880,-286.685,Shake
-0.413,1.997,-1.997,286.685,286.685,-286.685,Shake
0.728,1.997,-0.859,286.685,286.685,-286.685,Shake
1.998,1.997,1.679,286.685,281.829,-222.539,Shake
1.998,1.569,1.999,224.796,286.685,286.554,Shake
0.091,1.990,1.999,-264.828,283.465,286.685,Shake
-1.999,1.323,1.999,-286.685,118.107,286.685,Shake
-1.999,1.090,1.979,-286.685,7.411,219.161,Shake
-1.999,1.549,0.320,-286.685,-7.735,139.449,Shake
-1.999,1.997,-1.997,-286.685,200.926,-106.330,Shake
-1.999,1.371,-1.997,-160.816,34.064,-257.828,Shake
-0.788,1.997,-1.997,53.996,52.456,-286.685,Shake
-0.038,1.997,-1.997,283.054,123.769,-286.685,Shake
1.109,1.997,-1.678,286.685,277.533,-286.685,Shake
1.546,1.587,-0.124,286.685,286.685,-173.075,Shake
1.998,1.404,1.626,286.685,286.685,97.283,Shake
1.998,0.779,1.999,228.646,286.685,286.685,Shake
-1.255,1.281,1.999,-202.510,286.685,286.685,Shake
-1.999,1.039,1.999,-286.685,154.648,286.615,Shake
-1.999,1.516,1.968,-286.685,-99.312,48.300,Shake
-1.999,1.997,-0.090,-286.685,-49.061,-198.292,Shake
-1.999,1.997,-1.997,-286.685,179.716,-286.685,Shake
-1.745,1.997,-1.997,-70.210,15.321,-286.685,Shake
0.616,1.997,-1.997,191.048,33.127,-286.685,Shake
1.345,1.997,-1.997,286.685,94.990,-286.685,Shake
1.308,1.997,-1.634,286.685,249.961,-286.685,Shake
1.608,1.778,-0.170,286.685,286.685,-148.837,Shake
1.998,1.507,1.993,286.685,181.072,84.026,Shake
1.998,0.115,1.999,190.531,221.270,286.685,Shake
-1.057,1.947,1.999,-201.355,178.631,286.685,Shake
-1.999,0.362,1.999,-286.685,-49.884,257.950,Shake
-1.999,1.322,1.772,-286.685,-94.054,40.408,Shake
-1.999,1.993,-1.672,-286.685,32.506,-6.037,Shake
-1.984,1.764,-1.997,-286.283,169.881,-226.135,Shake
-0.384,1.754,-1.997,37.109,90.598,-286.685,Shake
1.487,1.997,-1.997,286.685,107.441,-286.685,Shake
1.672,1.997,-1.864,286.685,175.542,-220.867,Shake
1.666,1.659,0.123,286.685,162.330,-23.240,Shake
1.998,0.952,1.999,286.685,135.249,226.249,Shake
0.259,0.948,1.999,-25.270,285.145,286.685,Shake
-1.999,0.844,1.999,-281.733,122.666,286.685,Shake
-1.999,0.378,1.999,-286.685,-88.944,190.321,Shake
-1.999,1.155,0.382,-286.685,-0.114,98.210,Shake
-1.999,1.732,-1.302,-286.685,139.186,-113.067,Shake
-1.910,1.322,-1.997,-285.801,90.519,-282.170,Shake
-1.234,1.632,-1.997,144.760,-3.115,-286.685,Shake
0.065,1.823,-1.997,286.685,98.560,-286.685,Shake
0.796,1.758,-1.306,286.685,214.042,-286.589,Shake
1.258,1.617,-0.111,286.685,264.425,-229.959,Shake
1.998,0.949,1.999,286.685,267.978,35.612,Shake
1.493,0.092,1.999,65.677,251.318,286.685,Shake
-1.724,0.130,1.999,-234.176,22.907,286.685,Shake
-1.999,-0.122,1.999,-286.003,-60.191,240.363,Shake
-1.999,0.568,1.457,-286.685,3.876,150.526,Shake
-1.999,1.518,-1.500,-286.685,70.753,-68.232,Shake
-1.552,1.446,-1.997,-283.378,97.764,-286.685,Shake
-1.229,1.610,-1.997,53.165,22.409,-286.685,Shake
0.636,1.997,-1.997,286.685,90.738,-286.685,Shake
1.088,1.997,-1.940,286.685,169.829,-286.676,Shake
1.998,1.997,0.670,286.685,169.531,-187.635,Shake
1.998,1.484,1.999,286.685,272.212,101.272,Shake
1.449,1.479,1.999,-84.744,261.117,286.685,Shake
-1.999,1.982,1.999,-286.685,93.581,286.685,Shake
-1.999,1.031,1.999,-286.685,97.781,180.766,Shake
-1.999,1.993,0.953,-286.685,15.785,30.091,Shake
-1.999,1.997,-1.357,-286.685,95.410,-65.686,Shake
-1.999,1.997,-1.997,-286.046,159.967,-286.685,Shake
-1.920,1.997,-1.997,159.346,-19.618,-286.685,Shake
0.427,1.997,-1.997,275.214,89.022,-286.685,Shake
0.822,1.997,-1.871,286.685,208.836,-286.685,Shake
1.972,1.997,-0.074,286.685,239.173,-286.685,Shake
1.998,1.896,1.999,286.685,269.036,-33.311,Shake
1.998,1.215,1.999,209.081,286.685,286.685,Shake
-1.528,1.997,1.999,-286.633,20.335,286.685,Shake
-1.999,1.307,1.999,-286.685,-45.019,286.685,Shake
-1.999,1.267,-0.202,-286.685,85.216,286.685,Shake
-1.999,0.271,-1.997,-286.685,286.519,196.901,Shake
-1.999,0.136,-1.997,-174.239,286.685,-165.401,Shake
-1.493,0.206,-1.997,99.872,72.406,-286.685,Shake
0.388,1.277,-1.164,240.616,-153.449,-286.685,Shake
1.998,1.258,-0.369,248.544,31.378,-286.685,Shake
1.998,0.265,1.030,196.289,257.556,-264.574,Shake
1.998,-0.053,1.652,-17.229,-18.296,149.538,Shake
1.998,1.324,0.597,-214.900,-256.296,286.685,Shake
1.078,1.997,-0.199,-262.141,-183.225,286.685,Shake
-1.999,1.997,-1.245,-178.255,-117.451,286.685,Shake
-1.999,0.581,-0.643,25.550,34.624,192.351,Shake
-1.999,-0.066,0.229,86.476,-285.180,-155.951,Shake
-1.999,0.253,-0.265,17.798,-12.547,-286.685,Shake
-1.741,0.686,-0.118,39.681,186.191,-286.685,Shake
-0.443,0.830,-0.130,57.312,251.773,-286.685,Shake
1.507,1.861,0.185,78.724,101.255,-286.685,Shake
1.998,1.873,-1.207,2.310,129.465,-286.659,Shake
1.998,0.356,-0.554,14.542,286.659,104.825,Shake
1.998,1.753,-0.380,-164.185,-174.589,286.685,Shake
-1.706,1.997,-1.158,-18.191,-253.374,286.685,Shake
-1.999,0.609,-0.435,208.932,43.662,286.431,Shake
-1.999,-0.245,1.159,272.991,-45.159,33.722,Shake
-1.999,-0.725,1.183,98.464,-280.560,-205.450,Shake
-1.259,-0.158,0.270,-12.434,55.965,-252.884,Shake
-0.528,-0.039,0.077,10.238,151.821,-282.056,Shake
0.052,-0.081,0.113,17.754,153.685,-286.685,Shake
1.297,0.278,0.248,-6.694,64.802,-286.685,Shake
1.998,0.201,-0.981,-93.188,7.910,-286.685,Shake
1.998,-0.075,-1.353,30.362,133.473,113.129,Shake
1.998,0.417,-0.365,41.790,108.386,286.685,Shake
0.965,0.998,-0.399,-6.676,-50.286,286.685,Shake
-1.310,1.988,0.874,76.991,-120.041,286.685,Shake
-1.999,1.678,1.969,-22.374,100.240,286.685,Shake
-1.999,0.130,1.992,-238.158,157.062,146.405,Shake
-1.999,0.711,0.248,-286.685,-211.417,-115.325,Shake
-1.999,1.074,-1.737,-286.685,59.701,-279.519,Shake
-1.952,1.639,-1.997,-170.327,-148.452,-286.685,Shake
0.899,1.997,-1.997,78.986,-71.750,-286.685,Shake
1.981,1.781,-1.997,239.059,8.785,-286.685,Shake
1.998,1.064,-1.320,286.685,174.492,-251.974,Shake
1.998,0.679,0.857,286.685,197.242,258.457,Shake
1.998,1.271,1.586,286.624,55.291,286.685,Shake
-1.999,1.997,1.999,286.685,198.651,286.685,Shake
-1.999,-0.005,1.999,-44.669,192.894,257.136,Shake
-1.999,0.655,0.263,-286.685,-181.178,-157.833,Shake
-1.999,0.388,-0.568,-286.685,189.962,-283.771,Shake
-1.421,0.563,-1.685,-277.918,284.051,-286.685,Shake
-0.388,0.524,-1.997,22.654,48.772,-286.685,Shake
1.820,0.775,-1.950,269.456,108.132,-286.685,Shake
1.998,0.740,0.056,286.685,286.685,-285.854,Shake
1.998,-0.048,1.903,286.685,286.685,-32.638,Shake
1.205,0.473,1.999,-152.574,159.189,286.685,Shake
-1.999,1.754,1.996,-286.685,-83.799,286.685,Shake
-1.999,1.852,0.150,-286.685,178.815,286.685,Shake
-1.999,1.614,-0.724,-286.685,275.634,118.510,Shake
-1.999,1.593,-1.997,-286.685,-117.757,-177.564,Shake
-1.779,1.321,-1.997,-56.149,-115.369,-286.685,Shake
-0.208,1.774,-1.997,286.606,218.461,-286.685,Shake
0.542,1.460,-1.138,286.685,286.685,-274.759,Shake
0.882,1.329,-0.272,286.685,286.685,-160.816,Shake
1.763,1.035,1.999,286.685,286.685,166.530,Shake
-0.000,0.066,1.999,-127.566,249.602,286.685,Shake
-0.103,1.542,1.854,-286.685,188.816,286.685,Shake
-1.999,1.636,1.201,-286.685,150.150,286.685,Shake
-1.999,1.785,0.225,-286.685,-40.268,169.803,Shake
-1.999,1.997,-0.340,-286.685,-241.194,-86.966,Shake
-1.999,1.997,-0.447,-286.685,2.459,-286.685,Shake
-1.999,1.997,-1.997,-286.685,-276.036,-286.685,Shake
-1.907,1.997,-1.997,-239.137,-125.379,-286.685,Shake
0.143,1.997,-1.793,18.191,-143.885,-286.685,Shake
1.212,0.944,-1.514,183.654,99.890,-286.685,Shake
1.479,0.307,-0.862,284.358,286.685,-278.897,Shake
1.774,0.634,-0.151,286.685,286.685,124.372,Shake
-1.360,0.742,-0.639,168.989,286.685,286.685,Shake
-1.999,0.079,0.608,-23.538,286.685,286.685,Shake
-1.999,0.048,1.556,-177.992,265.291,277.786,Shake
-1.999,0.392,0.919,-286.685,-286.685,-43.391,Shake
-1.999,1.097,0.469,-286.685,-286.685,-67.944,Shake
-1.999,1.305,-0.862,-286.685,-286.685,-187.110,Shake
-1.999,1.321,-1.695,-286.685,-286.685,-286.685,Shake
-1.880,1.877,-1.701,-286.685,-260.733,-286.685,Shake
-0.808,0.404,-1.997,-211.628,-256.839,-286.685,Shake
0.596,-0.015,-1.997,204.050,285.775,-283.255,Shake
1.276,0.381,-0.555,286.685,286.685,74.804,Shake
0.455,1.277,-0.556,286.685,286.685,286.685,Shake
-1.904,1.294,-0.263,260.409,286.685,286.685,Shake
-1.999,-0.078,1.997,94.868,285.040,286.055,Shake
-1.999,0.429,1.975,-273.744,-275.328,-139.178,Shake
-1.999,1.092,0.012,-286.685,-286.685,-160.685,Shake
-1.999,1.152,-0.585,-286.685,-286.685,-116.585,Shake
-1.999,1.447,-0.982,-286.685,-237.125,-260.400,Shake
-1.999,0.444,-1.997,-278.346,-286.685,-286.685,Shake
-0.881,0.091,-1.997,66.605,46.891,-286.685,Shake
0.742,0.372,-1.600,286.685,286.685,-167.458,Shake
0.396,0.966,-1.055,286.685,286.685,146.423,Shake
-1.965,1.601,-0.624,286.685,286.685,286.685,Shake
-1.999,-0.260,1.999,220.281,282.336,286.388,Shake
-1.999,0.445,1.999,-284.392,-286.685,-16.118,Shake
-1.999,1.154,1.999,-286.685,-286.685,16.616,Shake
-1.999,1.203,0.701,-286.685,-286.685,-33.049,Shake
-1.999,1.275,-0.913,-286.685,-286.685,-270.043,Shake
-0.818,1.261,-1.282,-286.685,-271.163,-187.565,Shake
-1.072,0.020,-1.997,-136.780,11.095,113.137,Shake
-1.703,0.208,-1.997,214.016,286.335,191.625,Shake
-1.447,1.659,-1.997,286.685,286.685,286.685,Shake
-1.999,1.997,-1.120,286.685,286.685,286.685,Shake
-1.999,1.766,1.096,286.685,286.685,286.685,Shake
-1.999,0.157,1.999,286.291,62.256,160.038,Shake
-1.549,0.089,1.999,-219.109,-286.685,-205.196,Shake
-1.955,0.300,1.486,-286.685,-286.685,-41.729,Shake
-1.613,0.500,0.558,-286.685,-286.685,-53.655,Shake
-1.797,1.045,0.095,-286.685,-286.685,-74.594,Shake
-1.989,0.768,-1.996,-286.685,-286.239,-7.577,Shake
-1.999,0.246,-1.997,-28.499,79.354,-2.441,Shake
-1.486,0.902,-1.997,286.685,286.685,-36.619,Shake
-0.988,1.340,-1.307,286.685,286.685,106.872,Shake
-1.905,1.258,-0.524,286.685,286.685,248.981,Shake
-1.999,1.366,1.617,286.685,286.685,282.783,Shake
-1.999,-0.861,1.999,166.154,-139.869,-67.541,Shake
-0.413,-0.282,1.771,-266.674,-286.633,5.198,Shake
-0.678,-0.213,1.708,-286.685,-189.131,68.005,Shake
-1.198,0.447,0.804,-286.685,-165.874,61.609,Shake
-1.655,1.600,-0.838,-286.685,-200.576,-5.084,Shake
-1.650,0.760,-1.997,-286.142,-286.685,-24.798,Shake
-1.803,0.798,-1.997,-24.176,-152.180,-90.676,Shake
-1.585,0.789,-1.997,147.131,-3.736,-137.970,Shake
-1.462,0.687,-1.886,286.685,91.997,-193.375,Shake
-1.064,0.863,-0.741,286.685,149.756,-245.901,Shake
-0.205,1.799,1.300,286.685,225.050,-190.864,Shake
-0.427,0.644,1.999,286.685,138.241,-49.236,Shake
0.311,0.149,1.999,-266.289,-96.478,31.229,Shake
-0.214,0.028,1.999,-286.685,62.580,123.463,Shake
-0.854,0.851,1.539,-286.685,-74.839,123.410,Shake
-1.340,1.969,0.678,-286.685,-149.161,148.146,Shake
-1.999,1.942,-1.997,-286.685,-7.936,49.105,Shake
-1.836,1.431,-1.997,-33.932,-144.830,-70.761,Shake
-1.540,1.608,-1.997,230.667,24.360,-167.554,Shake
-1.767,1.331,-1.997,286.685,117.512,-247.284,Shake
-1.999,1.697,-1.154,286.685,136.894,-286.685,Shake
-0.070,1.997,0.272,286.685,-62.501,-286.685,Shake
1.998,1.750,1.999,286.685,109.891,-247.896,Shake
1.998,0.737,1.999,-214.961,-57.838,71.426,Shake
1.551,1.192,1.999,-286.685,205.896,237.510,Shake
-0.268,1.140,1.999,-286.685,75.014,255.255,Shake
-0.747,1.997,1.093,-286.685,-45.159,286.685,Shake
-0.691,1.997,-1.608,-286.685,286.659,286.685,Shake
0.679,1.997,-1.997,-286.685,286.685,286.685,Shake
-1.158,1.997,-1.997,-55.344,221.646,109.655,Shake
1.134,1.972,-1.997,215.749,-97.379,-104.230,Shake
-0.416,1.878,-1.997,286.685,100.861,-4.664,Shake
-1.606,1.724,-1.918,286.685,30.450,-43.173,Shake
-1.356,1.997,-1.217,286.685,-286.685,-276.649,Shake
1.998,1.997,1.669,286.685,-286.685,-286.685,Shake
1.998,0.592,1.999,268.888,-93.441,65.511,Shake
1.333,1.448,1.999,-235.288,25.629,182.193,Shake
1.091,1.405,1.999,-286.685,286.685,251.038,Shake
-0.524,1.997,0.438,-286.685,286.685,217.761,Shake
0.519,1.997,-1.329,-286.685,286.685,120.995,Shake
1.998,1.997,-1.997,-286.685,286.685,19.416,Shake
1.998,1.287,-1.997,-132.125,-18.069,-61.460,Shake
1.998,1.552,-1.997,286.685,-286.195,-23.004,Shake
1.510,0.881,-1.997,286.685,-205.712,123.952,Shake
-1.227,0.588,-1.995,286.685,-286.685,162.505,Shake
-0.309,1.689,-0.555,286.685,-286.685,-184.905,Shake
1.998,1.606,1.871,286.685,-286.685,-284.821,Shake
1.998,0.988,1.999,234.780,-258.475,49.123,Shake
1.998,0.901,1.999,-239.934,202.116,162.531,Shake
0.628,1.203,1.728,-286.685,286.685,266.411,Shake
0.793,1.997,-1.049,-286.685,286.685,117.679,Shake
1.998,1.997,-1.997,-286.685,286.685,-137.480,Shake
1.998,0.829,-1.997,-286.492,284.987,-233.056,Shake
1.998,1.525,-1.997,273.516,-286.685,112.726,Shake
1.098,0.957,-1.997,286.685,-286.685,187.434,Shake
-0.224,1.120,-1.997,286.685,-286.685,195.291,Shake
-0.209,1.962,-0.934,286.685,-286.685,57.575,Shake
1.998,1.997,1.348,286.685,-286.685,-258.764,Shake
1.998,1.706,1.999,286.659,-278.994,-76.589,Shake
1.998,1.704,1.999,-279.020,281.610,174.746,Shake
1.427,1.715,1.999,-286.685,286.685,265.615,Shake
0.174,1.997,0.475,-286.685,286.685,205.467,Shake
1.903,1.997,-1.947,-286.685,286.685,7.394,Shake
1.998,1.995,-1.997,-286.685,286.685,-219.712,Shake
1.998,1.090,-1.997,-22.024,-216.379,-113.846,Shake
1.998,1.066,-1.997,286.685,-286.685,77.683,Shake
-0.128,0.711,-1.997,286.685,-286.685,167.527,Shake
-1.260,1.640,-1.876,286.685,-286.685,-42.604,Shake
1.979,1.997,0.487,286.685,-286.685,-286.685,Shake
1.998,1.978,1.999,286.685,-286.685,-273.341,Shake
1.998,1.298,1.999,-19.399,-124.994,91.350,Shake
1.998,1.901,1.999,-286.685,286.685,285.267,Shake
1.285,1.997,1.193,-286.685,286.685,286.685,Shake
0.695,1.997,-1.192,-286.685,286.685,286.685,Shake
-1.856,1.997,-1.997,-286.685,40.434,286.685,Shake
-1.978,1.518,-1.997,-38.028,-51.397,38.771,Shake
-0.817,1.412,-1.997,174.702,-129.106,-115.299,Shake
-1.467,1.226,-1.997,286.685,48.195,-99.190,Shake
-0.686,1.467,-1.287,286.685,23.747,-188.982,Shake
1.950,1.621,1.950,286.685,110.827,-28.376,Shake
1.998,0.302,1.999,283.763,132.571,283.404,Shake
-0.140,1.806,1.999,-269.675,255.351,286.685,Shake
-1.999,1.971,1.999,-286.685,122.325,286.685,Shake
-1.999,1.997,0.929,-286.685,226.879,286.422,Shake
-1.952,1.997,0.521,-286.685,124.757,211.234,Shake
-1.999,1.997,-0.925,-286.685,88.629,25.812,Shake
-1.999,1.997,-1.997,-286.685,-55.204,-286.440,Shake
-1.999,1.997,-1.997,-254.389,60.751,-286.685,Shake
-1.608,1.997,-1.945,-40.880,201.600,-286.685,Shake
-0.059,1.997,-1.573,237.414,286.659,-286.685,Shake
1.205,1.997,0.028,286.685,286.685,-286.685,Shake
0.112,1.829,0.438,286.685,286.685,-15.216,Shake
-1.999,-1.038,1.999,225.759,286.685,284.603,Shake
-0.390,-0.551,1.999,-243.346,286.685,214.454,Shake
1.222,0.700,-0.252,-286.685,278.696,286.414,Shake
-0.513,1.462,1.349,-286.685,-231.490,286.685,Shake
-1.978,1.389,0.643,-286.685,-105.534,286.685,Shake
-1.999,1.557,-0.066,-286.685,-202.571,142.651,Shake
-1.999,1.997,-0.022,-286.685,-286.633,-104.055,Shake
-1.999,1.997,-0.377,-286.685,-286.685,-218.251,Shake
-1.999,1.997,-1.098,-286.685,-226.091,-286.685,Shake
-1.999,1.890,-1.402,-286.685,176.776,-286.685,Shake
-1.372,1.156,-1.997,-68.915,188.283,-286.685,Shake
-0.251,1.581,0.003,286.685,276.150,-286.685,Shake
0.643,0.876,0.645,286.685,286.685,-286.562,Shake
-1.627,-0.505,1.869,281.759,286.685,16.870,Shake
-1.766,-0.636,1.999,-126.044,286.685,-270.349,Shake
1.998,-0.309,-0.104,-187.591,286.685,-261.397,Shake
1.527,-1.003,1.848,-169.514,286.685,-20.361,Shake
1.475,-0.368,-0.071,-281.628,-78.234,275.126,Shake
-0.537,0.742,1.870,-231.175,-286.685,286.685,Shake
-1.999,1.319,1.587,-286.685,-286.685,286.685,Shake
-1.999,1.146,0.666,-286.685,-286.685,143.789,Shake
-1.999,1.784,0.231,-286.685,-286.685,-188.072,Shake
-1.999,1.997,-1.091,-286.685,-286.685,-283.203,Shake
-1.999,1.028,-1.781,-286.685,-221.253,-286.685,Shake
-1.142,0.089,-1.997,-231.901,273.026,-286.685,Shake
-0.418,0.285,-0.817,279.230,267.496,-286.685,Shake
0.922,-0.023,-0.074,250.250,286.685,-83.816,Shake
0.463,-0.091,-0.479,158.077,286.685,181.860,Shake
-0.619,-0.511,-0.263,32.252,286.685,286.685,Shake
-0.063,-0.540,1.022,-134.356,286.685,286.685,Shake
0.159,0.683,0.621,-286.685,-15.505,286.685,Shake
-0.573,1.347,0.859,-286.685,-285.521,286.685,Shake
-1.999,0.713,0.223,-286.685,-166.180,286.685,Shake
-1.999,0.519,-0.130,-286.685,-166.959,55.134,Shake
-1.999,1.586,0.141,-286.685,-286.685,-285.198,Shake
-1.999,1.997,-1.047,-286.685,-286.685,-286.685,Shake
-1.999,1.997,-1.269,-286.685,-155.041,-286.685,Shake
-1.859,1.573,-1.997,-275.126,13.160,-286.685,Shake
-0.026,1.000,-1.916,245.674,168.490,-286.685,Shake
0.036,0.273,0.094,286.685,286.685,-250.171,Shake
-0.257,-0.044,0.443,274.312,286.685,13.475,Shake
-1.329,-0.676,0.973,49.341,286.685,87.614,Shake
0.143,-0.984,1.999,-149.275,286.685,11.392,Shake
1.835,-0.369,0.426,-286.685,284.191,256.349,Shake
0.006,1.248,1.152,-286.685,-242.174,286.685,Shake
-0.832,1.875,1.382,-286.685,-286.685,286.685,Shake
-1.999,1.142,0.085,-286.685,-127.251,286.685,Shake
-1.999,1.262,-0.129,-286.685,-237.099,100.494,Shake
-1.999,1.997,-0.464,-286.685,-222.049,-247.721,Shake
-1.999,1.997,-0.834,-286.685,-240.984,-286.685,Shake
-1.999,1.997,-1.337,-286.685,-172.917,-286.685,Shake
-1.899,1.997,-1.458,-286.685,-2.651,-286.685,Shake
-1.275,1.188,-1.997,70.613,111.834,-286.685,Shake
-0.146,1.003,0.070,286.685,282.555,-286.685,Shake
0.621,0.135,0.482,286.685,286.685,-261.608,Shake
0.690,0.021,0.793,265.353,286.685,-22.426,Shake
-1.039,-0.972,1.318,-6.423,286.685,204.619,Shake
0.904,-0.737,1.656,-251.029,286.685,187.477,Shake
1.297,0.472,0.078,-286.685,278.556,286.685,Shake
0.017,1.526,0.875,-286.685,-109.830,286.685,Shake
-1.999,0.839,-0.061,-286.685,-225.715,286.685,Shake
-1.999,0.441,-0.262,-286.685,-217.009,143.955,Shake
-1.558,1.305,0.935,-286.685,-286.685,-20.239,Shake
-1.999,1.997,0.303,-286.685,-286.685,-108.159,Shake
-1.999,1.997,-0.868,-286.685,-242.637,-283.920,Shake
-1.999,1.997,-1.188,-286.685,-15.417,-286.685,Shake
-1.383,1.805,-1.787,-285.110,169.348,-286.685,Shake
0.188,0.917,-1.902,252.394,95.436,-286.685,Shake
0.937,0.304,0.011,286.685,286.685,-236.128,Shake
0.124,0.021,0.319,279.221,286.685,88.016,Shake
-1.600,-0.801,0.574,8.400,286.685,257.145,Shake
0.758,-0.783,0.898,-204.102,286.685,112.061,Shake
1.998,-0.326,-0.302,-285.171,197.417,286.685,Shake
0.181,1.614,1.479,-252.551,-270.323,286.685,Shake
-1.484,1.996,0.705,-286.685,-262.456,286.685,Shake
-1.999,0.638,-0.451,-286.685,-123.016,286.685,Shake
-1.999,0.755,0.140,-286.685,-278.154,-19.495,Shake
-1.999,1.842,0.443,-286.685,-268.677,-257.145,Shake
-1.999,1.997,0.074,-286.685,-237.580,-286.685,Shake
-1.999,1.997,-0.561,-286.685,19.679,-286.685,Shake
-1.999,1.997,-1.973,-286.685,171.929,-286.685,Shake
-0.487,1.478,-1.997,176.330,-35.875,-286.685,Shake
0.548,0.996,-0.150,286.685,286.020,-286.685,Shake
0.356,0.377,0.302,286.685,286.685,-45.211,Shake
-1.208,-0.062,0.349,257.766,286.685,167.423,Shake
-1.552,-0.868,1.235,85.715,286.685,100.511,Shake
1.420,-0.683,1.550,-166.145,286.685,132.492,Shake
1.486,0.059,-0.237,-286.685,282.957,286.598,Shake
-0.616,1.264,1.112,-253.768,-264.679,286.685,Shake
-1.999,0.866,1.018,-286.685,-286.685,286.685,Shake
-1.999,0.721,0.546,-286.685,-286.685,193.296,Shake
-1.999,1.127,0.102,-286.685,-286.685,-152.215,Shake
-1.999,1.585,-0.314,-286.685,-286.685,-286.685,Shake
-1.999,1.941,-1.057,-286.685,-273.508,-286.685,Shake
-1.347,1.813,-1.168,-286.685,20.702,-286.685,Shake
0.006,0.264,-1.997,-41.020,183.505,-286.685,Shake
0.719,0.176,-0.345,286.685,285.600,-272.440,Shake
0.733,-0.038,0.126,286.527,286.685,-63.691,Shake
-0.329,-0.223,0.305,118.457,286.685,277.953,Shake
-0.481,-0.775,1.348,-146.825,286.685,286.685,Shake
1.101,0.252,-0.058,-286.685,286.685,286.685,Shake
0.133,1.286,-0.082,-286.685,121.660,286.685,Shake
-1.475,1.216,0.785,-286.685,-286.457,286.685,Shake
-1.977,1.089,-0.154,-286.685,30.949,286.685,Shake
-1.999,0.976,-0.249,-286.685,-142.240,154.402,Shake
-1.999,1.427,-0.172,-286.685,-129.684,-98.341,Shake
-1.999,1.967,-0.494,-286.685,-74.095,-280.376,Shake
-1.999,1.997,-0.901,-286.685,-173.924,-286.685,Shake
-1.992,1.997,-1.615,-286.685,-234.185,-286.685,Shake
-0.848,1.796,-1.467,-193.821,86.940,-286.685,Shake
-0.437,0.967,-1.927,148.208,279.361,-286.685,Shake
-0.195,0.882,-0.048,286.685,286.685,-286.685,Shake
0.244,0.337,0.364,286.685,286.685,-242.769,Shake
-0.877,-0.257,1.203,278.320,286.685,-3.019,Shake
-1.950,-0.928,1.999,19.635,286.685,-85.575,Shake
0.048,-0.586,1.980,-169.295,286.685,-151.699,Shake
1.289,-0.822,1.529,-283.168,286.685,49.306,Shake
0.782,-0.354,1.118,-286.685,269.736,265.598,Shake
0.219,1.495,0.686,-286.685,-113.400,286.685,Shake
-1.697,1.997,-0.051,-286.685,-286.685,286.685,Shake
-1.999,1.592,-0.898,-286.685,-286.624,286.685,Shake
-1.999,1.429,-1.298,-286.685,-220.518,10.727,Shake
-1.999,1.996,-0.904,-286.685,-286.685,-279.991,Shake
-1.999,1.997,-1.015,-286.685,-218.820,-286.685,Shake
-1.999,1.996,-1.315,-286.685,68.250,-286.685,Shake
-1.990,1.535,-1.997,-246.479,168.525,-286.685,Shake
-1.051,1.634,-1.996,123.585,54.285,-286.685,Shake
0.978,1.271,-0.332,286.685,276.675,-286.685,Shake
1.522,0.170,0.149,286.685,286.685,-155.260,Shake
0.358,-0.180,0.028,144.489,286.685,271.626,Shake
-0.587,-0.668,0.396,-17.159,286.685,286.685,Shake
0.207,-0.667,1.016,-225.732,286.685,286.685,Shake
0.409,0.565,0.867,-286.685,251.081,286.685,Shake
-0.413,1.534,0.549,-286.685,-242.611,286.685,Shake
-1.891,0.988,-0.210,-286.685,-164.902,286.685,Shake
-1.999,0.930,-0.658,-286.685,-51.809,190.155,Shake
-1.999,1.426,-0.275,-286.685,-286.685,-73.929,Shake
-1.999,1.997,-1.854,-286.685,-253.365,-278.626,Shake
-1.999,1.997,-1.997,-286.685,-255.666,-286.685,Shake
-1.999,1.997,-1.997,-110.136,-230.930,-286.685,Shake
-1.706,1.780,-1.821,94.045,2.931,-286.685,Shake
-1.185,1.776,0.075,241.719,286.685,-286.685,Shake
-0.157,1.457,0.133,286.685,286.685,-286.685,Shake
1.251,1.168,1.389,286.685,286.685,-286.685,Shake
0.920,-0.709,1.999,210.105,286.685,-230.423,Shake
1.970,-0.105,1.999,-286.685,173.066,-154.429,Shake
1.734,0.881,0.807,-286.685,235.655,210.402,Shake
0.818,1.555,0.861,-286.685,-94.229,286.685,Shake
-0.331,1.997,1.475,-286.685,-286.055,286.685,Shake
-1.232,1.997,0.134,-286.685,-286.274,286.685,Shake
-1.999,1.997,-1.960,-286.685,-150.176,286.685,Shake
-1.999,1.997,-1.997,-286.685,-123.393,172.480,Shake
-1.999,1.997,-1.921,-266.945,-138.845,-156.555,Shake
-1.999,1.997,-1.692,-161.175,-54.679,-286.685,Shake
-1.999,1.997,-1.335,23.966,49.350,-286.685,Shake
-1.999,1.997,-1.313,211.750,167.606,-286.685,Shake
-1.888,1.997,-0.572,286.685,200.839,-286.685,Shake
-0.284,1.997,0.169,286.685,285.871,-286.685,Shake
0.260,1.997,0.504,286.685,286.685,-286.685,Shake
0.196,1.988,0.619,286.685,286.685,-286.685,Shake
1.844,1.343,1.999,286.685,286.685,-286.685,Shake
1.998,0.133,1.999,20.772,285.854,-161.525,Shake
1.998,0.344,1.999,-276.552,278.749,88.988,Shake
1.721,0.997,1.982,-286.685,286.685,239.925,Shake
1.501,1.648,1.085,-286.685,286.685,286.685,Shake
1.273,1.997,0.933,-286.685,210.438,286.685,Shake
-0.719,1.997,0.669,-286.685,-127.348,286.685,Shake
-1.855,1.997,-1.764,-286.685,-286.685,286.685,Shake
-1.887,1.997,-1.633,-286.685,-188.624,171.999,Shake
-1.847,1.997,-1.542,-286.685,-274.321,-43.103,Shake
-1.999,1.997,-1.997,-282.905,-144.130,-185.570,Shake
-1.999,1.997,-1.997,-53.909,39.620,-280.438,Shake
-1.999,1.997,-1.799,286.256,217.840,-286.685,Shake
-1.999,1.997,-0.623,286.685,286.685,-286.685,Shake
-1.309,1.997,0.352,286.685,286.685,-286.685,Shake
-0.248,1.997,0.867,286.685,263.086,-286.685,Shake
0.682,1.997,0.617,286.685,283.876,-286.685,Shake
1.632,1.992,1.533,286.685,286.685,-286.685,Shake
1.998,-0.203,1.999,271.408,285.749,-166.014,Shake
1.998,-0.341,1.999,-73.386,-41.624,-1.347,Shake
1.990,1.023,1.999,-286.685,178.299,286.685,Shake
1.254,1.934,1.663,-286.685,239.426,286.685,Shake
1.278,1.997,0.736,-286.685,151.585,286.685,Shake
0.219,1.997,0.057,-286.685,28.394,286.685,Shake
-1.999,1.997,-0.957,-286.685,-218.312,286.685,Shake
-1.999,1.997,-1.031,-286.685,-117.180,255.290,Shake
-1.999,1.997,-0.185,-286.685,-224.254,-67.384,Shake
-1.999,1.997,-1.309,-286.685,-90.457,-286.186,Shake
-1.999,1.997,-1.685,-286.685,9.546,-286.685,Shake
-1.999,1.997,-0.927,-194.408,151.060,-286.685,Shake
-1.809,1.997,-0.305,35.009,184.380,-286.685,Shake
-0.714,1.997,0.186,171.351,232.986,-286.685,Shake
-0.093,1.997,0.265,237.878,286.685,-286.685,Shake
0.938,1.428,0.810,286.685,286.685,-286.685,Shake
0.049,0.359,1.910,284.996,286.685,-120.067,Shake
-1.981,-1.521,1.999,-170.476,286.685,-78.103,Shake
0.179,-0.484,1.999,-274.908,286.685,-247.791,Shake
1.996,-0.615,1.481,-286.685,286.685,25.200,Shake
-0.243,0.061,1.538,-286.685,62.002,286.554,Shake
-0.972,1.963,1.572,-286.685,-286.685,286.685,Shake
-1.999,1.502,-1.426,-286.685,-226.835,261.966,Shake
-1.999,1.199,-1.373,-286.685,-285.950,-14.350,Shake
-1.999,1.997,-0.763,-286.685,-286.685,-205.739,Shake
-1.999,1.997,-1.872,-286.685,-286.685,-286.685,Shake
-1.999,1.997,-1.997,-286.685,-286.685,-286.685,Shake
-1.888,1.944,-1.204,-244.370,-147.018,-286.685,Shake
-1.275,1.058,-1.347,-131.565,182.341,-286.685,Shake
-0.444,0.763,-1.316,104.107,285.425,-286.685,Shake
0.550,0.873,0.047,286.685,286.685,-286.685,Shake
-0.251,0.939,0.540,286.685,286.685,-34.029,Shake
-1.999,-1.004,1.999,228.716,286.685,10.850,Shake
-0.504,-0.966,1.999,-66.640,286.685,-264.661,Shake
1.998,-0.164,1.891,-286.685,286.685,-34.606,Shake
0.518,0.166,1.549,-286.685,200.349,286.685,Shake
-0.307,1.884,1.880,-286.685,-286.685,286.685,Shake
-1.275,1.997,1.435,-286.685,-286.685,286.685,Shake
-1.999,1.997,0.274,-286.685,-286.685,286.685,Shake
-1.999,1.997,0.373,-286.685,-286.685,138.556,Shake
-1.999,1.997,0.258,-286.685,-286.571,-60.594,Shake
-1.999,1.997,-0.478,-286.685,-35.376,-286.685,Shake
-1.999,1.997,-0.019,-286.685,286.125,-286.685,Shake
-1.999,1.992,-1.988,-262.413,27.589,-286.685,Shake
-1.083,1.497,-1.715,-25.471,106.715,-286.685,Shake
0.343,1.390,-0.688,232.374,286.685,-286.685,Shake
1.458,0.804,0.344,286.685,286.685,-286.685,Shake
1.219,0.696,0.348,286.685,286.685,72.284,Shake
-0.995,-0.190,0.882,179.340,286.685,285.574,Shake
-1.994,-0.769,1.999,-148.601,286.685,26.425,Shake
0.321,-0.113,1.731,-286.685,286.685,-119.569,Shake
-0.863,-0.221,0.715,-286.685,286.554,43.435,Shake
-1.887,0.101,0.384,-286.685,171.745,-17.990,Shake
-1.395,0.776,-0.475,-286.685,77.096,-270.078,Shake
0.805,1.733,-1.910,-286.685,218.286,-286.685,Shake
1.998,0.648,-1.997,-171.981,266.647,-183.575,Shake
1.283,0.977,-1.997,285.626,59.955,-109.900,Shake
1.998,0.780,-1.916,286.685,14.368,-53.296,Shake
1.008,0.647,-1.670,286.685,13.300,174.667,Shake
0.152,1.129,-1.988,286.685,-284.261,176.908,Shake
0.179,1.997,-0.989,286.685,-286.685,33.644,Shake
1.756,1.997,0.346,286.685,-286.685,-99.864,Shake
1.998,1.997,1.980,286.685,-286.685,-95.323,Shake
1.998,1.973,1.999,286.685,-286.685,25.611,Shake
1.998,1.611,1.999,-22.173,26.040,273.901,Shake
1.998,1.574,1.760,-278.836,283.080,286.685,Shake
1.621,1.692,1.505,-286.685,270.760,286.685,Shake
0.707,1.997,1.535,-286.685,283.185,286.685,Shake
0.830,1.997,0.671,-286.685,286.685,286.685,Shake
-0.720,1.997,-1.997,-286.685,286.685,286.685,Shake
-1.806,1.997,-1.995,-213.964,-12.591,286.685,Shake
-1.091,1.997,-1.951,-232.356,71.304,286.685,Shake
-0.754,1.997,-1.997,39.261,22.628,286.685,Shake
-1.092,1.997,-1.997,277.165,166.565,267.916,Shake
-1.915,1.997,-1.818,286.685,286.414,159.924,Shake
-1.999,1.997,-0.788,286.685,265.247,-57.076,Shake
-1.999,1.990,-0.776,286.685,-12.959,-254.398,Shake
-0.987,1.997,-1.594,286.685,-286.685,-286.685,Shake
1.735,1.997,-1.273,286.685,-286.685,-286.685,Shake
1.998,1.997,1.477,286.685,-271.486,-286.685,Shake
1.998,0.631,1.999,286.685,-174.379,91.744,Shake
1.998,0.742,1.999,124.022,-286.685,278.976,Shake
1.963,1.147,1.999,-284.182,67.988,286.685,Shake
1.271,1.524,1.150,-286.685,286.685,286.685,Shake
-0.531,1.997,-0.070,-286.685,286.685,286.685,Shake
-1.530,1.997,-1.731,-286.685,286.685,286.685,Shake
0.151,0.918,-1.997,-284.812,286.685,286.685,Shake
-1.805,0.985,-1.997,37.397,286.685,192.544,Shake
-0.517,0.874,-1.997,158.734,90.536,-131.092,Shake
-0.026,1.077,-1.997,286.685,111.064,-178.413,Shake
-0.610,1.016,-1.749,286.685,101.806,-152.075,Shake
-0.560,1.167,-1.431,286.685,-237.283,-209.151,Shake
1.011,1.997,-0.613,286.685,-286.685,-286.685,Shake
1.998,1.997,1.264,286.685,-286.685,-286.685,Shake
1.998,1.229,1.999,286.685,-286.685,-15.129,Shake
1.998,1.233,1.999,169.934,-276.141,271.057,Shake
1.662,1.510,1.999,-279.300,112.866,286.685,Shake
0.558,1.666,1.498,-286.685,286.685,286.685,Shake
-0.817,1.997,0.652,-286.685,286.685,286.685,Shake
-0.519,1.997,-1.506,-286.685,286.685,286.492,Shake
1.998,1.997,-1.997,-286.685,286.685,117.574,Shake
1.928,0.971,-1.997,-228.611,165.979,-166.679,Shake
1.998,1.786,-1.981,286.685,-252.586,-61.731,Shake
1.987,0.986,-1.088,286.685,140.595,77.586,Shake
0.836,0.436,-1.973,274.085,23.984,247.599,Shake
-0.786,1.075,-1.997,286.685,-286.186,281.724,Shake
0.437,1.997,-0.516,286.685,-286.685,-40.836,Shake
1.998,1.997,1.874,286.685,-286.685,-209.186,Shake
1.998,1.520,1.999,286.685,-286.685,167.536,Shake
1.980,1.280,1.999,-228.944,34.221,286.169,Shake
1.274,1.065,1.932,-286.685,286.685,286.685,Shake
0.458,1.559,1.147,-286.685,163.975,286.685,Shake
-0.804,1.997,-0.186,-286.685,18.891,286.685,Shake
-1.999,1.101,-1.997,-286.685,-82.014,286.685,Shake
-1.999,1.615,-1.997,75.381,-257.617,-59.535,Shake
-1.999,1.603,-1.997,165.681,-185.202,-219.109,Shake
-1.999,1.124,-1.487,286.685,-23.327,-268.117,Shake
-1.999,1.132,0.978,286.685,-35.394,-286.685,Shake
1.983,1.293,1.935,216.029,-286.685,-286.685,Shake
1.998,0.372,0.208,49.963,-286.685,-270.375,Shake
1.998,0.237,-1.535,88.095,-273.193,140.945,Shake
1.951,1.997,0.144,286.685,283.045,286.685,Shake
-1.999,1.997,0.825,33.810,286.685,286.685,Shake
-1.999,-0.023,0.308,-57.873,185.500,282.538,Shake
-1.999,0.971,-0.275,-140.534,-272.029,-286.090,Shake
-1.999,1.479,-0.175,-156.258,-5.775,-286.685,Shake
-0.201,1.984,0.681,-135.625,-11.629,-286.685,Shake
1.998,1.971,-1.845,-248.754,-280.166,-286.685,Shake
1.998,0.986,-1.997,-73.132,-286.685,69.921,Shake
1.998,1.766,-1.938,284.620,207.848,286.685,Shake
-0.577,1.997,0.898,270.191,286.685,286.685,Shake
-1.999,1.700,-0.291,-194.941,286.685,286.685,Shake
-1.999,0.323,-1.789,-194.495,155.102,38.955,Shake
-1.999,0.767,-1.997,1.724,34.624,-279.353,Shake
-1.901,0.874,-1.526,218.575,94.841,-286.685,Shake
0.029,1.530,-0.229,286.685,171.526,-286.685,Shake
1.200,1.997,0.283,286.685,191.879,-286.685,Shake
1.998,0.841,1.999,286.125,286.685,-286.685,Shake
1.998,0.392,1.999,-285.241,6.361,-33.022,Shake
1.703,1.997,-0.094,-286.685,248.106,286.685,Shake
-1.014,1.997,-1.147,-286.685,286.685,286.685,Shake
-1.497,1.713,-1.997,-286.685,286.685,88.016,Shake
0.694,0.534,-1.997,-101.159,-22.969,-47.451,Shake
0.515,0.920,-1.997,286.685,-171.334,-3.745,Shake
-0.097,1.003,-1.997,286.685,-99.785,18.882,Shake
-0.822,1.614,-1.810,286.685,-281.172,-40.268,Shake
1.978,1.997,1.640,286.685,-286.685,-219.380,Shake
1.998,0.536,1.999,245.735,-154.131,106.444,Shake
0.456,1.407,1.999,-263.226,187.635,268.109,Shake
-0.135,1.469,1.751,-286.685,286.685,116.567,Shake
-0.393,1.997,-0.802,-286.685,286.685,97.860,Shake
0.356,1.997,-1.997,-286.685,286.685,-8.627,Shake
1.998,1.674,-1.997,-286.650,268.844,-109.427,Shake
1.962,1.622,-1.997,246.033,-206.211,-13.484,Shake
1.309,1.276,-1.997,286.685,-93.188,97.834,Shake
-0.173,1.236,-1.997,286.685,-237.064,135.012,Shake
-1.080,1.975,-1.432,286.685,-286.685,22.907,Shake
1.960,1.997,1.315,286.685,-286.685,-270.970,Shake
1.998,1.351,1.999,286.685,-264.696,-31.456,Shake
1.203,1.401,1.999,-268.161,263.471,190.076,Shake
0.842,1.400,1.999,-286.685,286.685,146.842,Shake
-0.097,1.824,0.404,-286.685,286.685,114.170,Shake
1.379,1.997,-1.764,-286.685,286.685,37.424,Shake
1.998,1.997,-1.997,-286.685,286.685,-87.815,Shake
1.998,1.053,-1.997,-74.445,-151.322,-16.266,Shake
1.998,1.168,-1.997,286.685,-286.318,18.646,Shake
0.181,0.703,-1.997,286.685,-204.540,162.837,Shake
-1.112,0.867,-1.997,286.685,-286.685,125.772,Shake
-0.073,1.606,-0.384,286.685,-286.685,-130.646,Shake
1.998,1.365,1.999,286.685,-286.685,-199.439,Shake
1.998,0.572,1.999,200.821,-156.292,54.600,Shake
1.409,0.702,1.999,-286.685,286.685,110.451,Shake
0.637,0.856,1.475,-286.685,286.685,138.863,Shake
0.700,1.584,-0.863,-286.685,286.685,79.537,Shake
1.998,1.467,-1.997,-286.685,286.685,-13.379,Shake
1.992,0.722,-1.997,-286.676,276.246,-37.861,Shake
1.375,0.927,-1.997,236.128,-286.195,6.440,Shake
1.054,0.532,-1.997,286.685,-286.685,40.005,Shake
-1.028,0.441,-1.991,286.685,-286.685,65.643,Shake
-1.123,0.807,-1.310,286.685,-286.685,-51.599,Shake
1.669,1.379,0.982,286.685,-286.685,-245.954,Shake
1.998,0.525,1.999,285.478,-250.477,-81.340,Shake
0.919,0.434,1.999,-252.779,223.046,74.454,Shake
1.021,0.644,1.977,-286.685,286.685,72.021,Shake
0.130,0.942,0.148,-286.685,286.685,99.925,Shake
0.903,1.628,-1.600,-286.685,286.685,49.551,Shake
1.211,0.977,-1.997,-286.685,285.075,-58.923,Shake
1.602,0.597,-1.997,-101.824,-62.151,-41.011,Shake
1.538,0.649,-1.997,285.591,-273.586,-3.421,Shake
0.086,0.336,-1.997,286.685,-242.917,89.915,Shake
-1.013,0.440,-1.914,286.685,-286.685,-8.330,Shake
0.037,1.284,-0.373,286.685,-286.685,-156.914,Shake
1.998,1.209,1.997,286.685,-286.685,-213.841,Shake
1.916,0.416,1.999,180.539,-146.186,86.231,Shake
1.019,0.537,1.999,-284.953,240.223,164.098,Shake
0.406,0.144,1.148,-286.685,286.685,209.256,Shake
-0.570,0.161,0.025,-286.685,178.465,268.100,Shake
-1.227,0.413,-1.188,-286.685,285.836,236.451,Shake
-0.679,0.288,-1.977,-286.685,286.685,28.647,Shake
-0.285,-0.034,-1.997,-282.511,245.997,-58.354,Shake
0.379,0.040,-1.997,99.033,-109.287,-0.577,Shake
-0.398,0.005,-1.913,223.143,3.780,19.976,Shake
-0.777,-0.142,-1.676,285.819,-62.221,-8.969,Shake
-1.060,-0.147,-1.067,286.685,-157.264,-55.562,Shake
-0.341,0.141,-0.149,286.685,-286.685,-152.591,Shake
0.625,0.244,1.353,286.685,-282.328,-157.789,Shake
0.570,-0.355,1.999,254.730,-32.664,-60.506,Shake
0.362,-0.319,1.999,-38.028,-26.757,6.116,Shake
0.137,-0.046,1.951,-285.128,155.348,58.809,Shake
-0.112,-0.029,1.262,-286.685,209.449,39.428,Shake
0.144,0.497,0.224,-286.685,223.842,59.351,Shake
0.101,1.114,-0.683,-286.685,286.685,57.689,Shake
0.836,1.318,-1.997,-286.685,286.685,-9.564,Shake
1.475,0.748,-1.997,-260.916,213.150,-49.980,Shake
1.524,0.736,-1.997,212.747,-182.962,10.404,Shake
0.916,0.661,-1.997,286.685,-171.544,64.400,Shake
-0.074,0.525,-1.997,286.685,-275.319,80.299,Shake
-0.236,1.109,-1.240,286.685,-286.685,-24.815,Shake
0.801,1.701,-0.027,286.685,-286.685,-168.298,Shake
1.998,1.611,1.999,286.685,-286.685,-117.600,Shake
1.911,0.960,1.999,-43.557,13.475,104.116,Shake
1.059,1.356,1.999,-286.685,286.685,184.223,Shake
-0.054,1.469,1.516,-286.685,286.685,183.076,Shake
-0.310,1.997,-0.843,-286.685,286.685,153.694,Shake
0.954,1.997,-1.997,-286.685,286.685,5.154,Shake
1.830,1.392,-1.997,-149.144,-39.655,-35.271,Shake
1.870,1.533,-1.997,274.006,-172.742,30.940,Shake
0.482,0.967,-1.997,286.685,-20.431,138.206,Shake
-1.434,0.902,-1.997,286.685,-225.636,104.457,Shake
-0.458,1.726,0.709,286.685,-286.685,-137.620,Shake
1.998,0.136,1.999,282.529,-286.685,-78.584,Shake
1.998,0.835,1.999,-173.819,-108.815,261.310,Shake
1.681,1.997,1.440,-286.685,155.505,286.685,Shake
-1.837,1.997,-0.601,-286.685,-114.923,286.685,Shake
-1.999,1.997,-1.997,-286.685,7.210,286.685,Shake
-1.999,1.761,-1.997,-246.540,7.516,256.471,Shake
-1.999,1.176,-1.997,28.455,-38.010,-144.489,Shake
-1.999,1.762,-1.659,262.797,123.751,-286.685,Shake
-1.999,1.997,0.034,286.685,179.751,-286.685,Shake
-0.630,1.997,0.697,286.685,82.836,-286.685,Shake
1.998,1.997,1.455,286.685,182.105,-286.685,Shake
1.998,0.298,1.999,249.410,286.685,-244.230,Shake
1.998,1.267,1.999,-286.685,18.795,243.005,Shake
0.103,1.997,1.906,-286.685,161.219,286.685,Shake
-1.944,1.997,-0.197,-286.685,71.496,286.685,Shake
-1.999,1.997,-1.997,-286.685,171.579,233.984,Shake
-1.999,1.666,-1.997,-211.383,-95.454,20.493,Shake
-1.348,1.605,-1.997,170.538,-285.215,-106.435,Shake
-1.896,1.411,-1.997,286.685,-130.550,-163.905,Shake
-1.992,1.518,-0.937,286.685,-197.409,-286.685,Shake
0.209,1.764,0.804,286.685,-286.685,-286.685,Shake
1.998,1.250,0.137,245.849,-286.685,-286.685,Shake
1.998,0.855,-0.405,85.199,-286.668,-132.886,Shake
1.998,1.841,-0.429,76.387,256.576,286.685,Shake
-1.999,1.189,1.424,4.769,-18.882,286.685,Shake
-1.999,0.470,1.916,-24.019,-40.810,286.685,Shake
-1.999,-0.899,0.347,-123.043,198.503,254.686,Shake
-1.999,-0.695,-1.103,-89.399,148.304,-178.124,Shake
-1.999,1.072,0.231,35.140,60.130,-286.685,Shake
1.787,1.990,0.044,-5.591,-95.506,-286.685,Shake
1.998,1.503,-1.109,-25.804,-137.900,-282.599,Shake
1.998,1.125,-1.519,25.559,132.702,262.631,Shake
0.294,1.530,0.494,107.651,52.124,286.685,Shake
-1.999,0.940,0.983,19.066,127.846,286.685,Shake
-1.999,-0.082,0.032,-85.820,271.591,286.685,Shake
-1.999,-0.457,-1.873,-77.219,240.292,13.414,Shake
-1.999,0.634,-1.829,133.070,85.085,-286.081,Shake
-0.184,1.701,-0.426,276.535,-79.887,-286.685,Shake
1.998,1.793,0.577,284.043,-96.338,-286.685,Shake
1.998,0.249,1.808,47.714,201.023,-70.840,Shake
1.709,0.777,0.790,-165.865,109.918,286.685,Shake
-1.951,0.831,0.223,-168.595,-45.097,286.685,Shake
-1.999,0.394,-1.016,-198.450,125.974,286.685,Shake
-1.999,-0.044,-1.997,-128.660,155.269,65.887,Shake
-1.999,0.255,-1.997,195.055,14.158,-186.217,Shake
-1.927,1.032,-1.654,286.685,-2.783,-286.685,Shake
-0.520,1.539,-0.356,286.685,-41.554,-286.685,Shake
1.998,1.532,1.999,286.685,35.096,-286.685,Shake
1.998,-0.223,1.999,-35.980,233.914,-51.205,Shake
0.872,0.552,1.931,-286.685,146.939,274.829,Shake
-0.675,0.791,0.932,-286.685,164.920,271.906,Shake
-1.999,1.311,-1.996,-286.685,155.426,201.504,Shake
-1.825,0.569,-1.997,-189.210,78.925,26.994,Shake
-0.418,0.738,-1.997,281.846,-210.359,-85.173,Shake
-1.988,1.163,-1.997,286.685,-208.766,-152.792,Shake
-0.632,1.785,-0.119,286.685,-286.685,-285.600,Shake
1.998,1.556,1.999,286.685,-250.976,-281.138,Shake
1.998,0.455,1.999,-117.661,92.461,90.589,Shake
0.494,0.838,1.999,-286.685,93.240,286.501,Shake
-0.900,1.149,1.100,-286.685,111.099,286.685,Shake
-1.999,1.644,-1.997,-286.685,285.705,232.033,Shake
-0.800,1.048,-1.997,-265.046,205.030,19.565,Shake
-0.185,1.019,-1.997,259.516,-122.588,-53.235,Shake
-1.850,1.331,-1.997,286.685,-76.632,-66.815,Shake
-1.463,1.949,-0.973,286.685,-258.492,-207.786,Shake
1.776,1.927,1.999,286.685,-281.400,-254.135,Shake
1.998,0.849,1.999,-31.395,19.784,-13.519,Shake
1.269,0.995,1.999,-286.685,266.000,176.820,Shake
-0.192,1.317,1.644,-286.685,173.898,228.253,Shake
-1.733,1.928,-1.761,-286.685,244.904,135.896,Shake
0.540,1.651,-1.997,-286.685,286.685,-16.397,Shake
1.966,1.160,-1.997,110.521,-78.592,-10.561,Shake
1.070,1.064,-1.997,286.685,-82.591,100.704,Shake
-1.999,1.526,-1.774,286.685,-239.505,60.681,Shake
-1.015,1.519,1.999,286.685,-286.685,-172.839,Shake
0.648,0.262,1.999,164.684,-51.888,-139.606,Shake
1.002,0.051,1.999,-212.634,123.673,-49.096,Shake
1.167,0.446,1.989,-286.685,16.362,68.863,Shake
-0.038,1.587,0.323,-286.685,-107.669,200.314,Shake
-0.218,1.997,-1.922,-286.685,-247.450,284.804,Shake
-1.103,1.997,-1.997,-286.519,-263.112,286.685,Shake
-1.713,1.986,-1.997,-153.492,-158.191,286.685,Shake
-1.999,1.192,-1.997,117.863,43.741,276.010,Shake
-1.999,0.638,-0.878,286.685,72.809,-26.504,Shake
-1.999,0.978,0.330,286.685,-85.628,-286.685,Shake
-1.999,1.395,0.407,262.797,-151.576,-286.685,Shake
-1.030,1.997,0.233,159.749,-272.440,-286.685,Shake
0.802,1.997,-1.432,28.980,-286.685,-286.685,Shake
1.998,1.520,-1.997,-7.210,-286.685,-286.685,Shake
1.998,0.638,-1.997,56.577,-273.350,-215.477,Shake
1.998,0.443,-1.204,143.421,171.955,256.104,Shake
1.798,1.533,-0.335,203.639,286.685,286.685,Shake
-0.003,1.997,-0.943,203.884,286.685,286.685,Shake
-1.835,1.997,-1.997,160.667,286.685,286.685,Shake
-1.999,1.997,-1.997,269.316,286.685,286.685,Shake
-1.999,1.250,-1.907,286.685,286.685,286.685,Shake
-1.999,1.403,-1.631,236.049,32.734,-279.003,Shake
-0.164,1.997,-1.997,284.174,-286.685,-286.685,Shake
1.157,1.861,-1.940,286.685,-258.676,-286.685,Shake
-0.109,0.562,-0.528,286.685,-208.827,-286.685,Shake
1.072,0.446,-0.794,286.685,-286.685,-286.685,Shake
1.998,0.471,-0.794,286.685,-286.685,-286.685,Shake
1.998,0.408,-0.175,286.685,-286.685,-266.709,Shake
1.998,-0.266,1.999,286.685,-286.685,7.122,Shake
1.980,0.118,1.999,-73.999,-106.444,286.685,Shake
1.323,0.988,-0.394,-286.685,283.272,286.685,Shake
1.016,1.075,-1.712,-249.856,286.685,286.685,Shake
-0.973,1.002,-1.997,-106.724,286.685,286.685,Shake
-1.999,0.084,-1.997,98.787,286.685,286.685,Shake
-1.999,-0.084,-1.513,236.128,286.685,281.715,Shake
-1.957,-0.311,-0.312,155.820,286.685,59.658,Shake
-1.537,-0.137,-0.462,78.601,286.685,-148.208,Shake
-0.483,0.416,-1.462,205.826,186.270,-286.685,Shake
0.822,0.304,-1.485,286.685,-141.242,-286.685,Shake
0.995,-0.267,-1.674,286.685,-286.685,-272.527,Shake
1.511,-0.207,-1.046,286.685,-286.685,-154.481,Shake
1.580,0.053,-0.317,286.685,-286.685,-46.909,Shake
1.844,0.162,0.642,286.685,-286.685,-40.127,Shake
1.998,-0.013,1.999,286.685,-286.685,55.361,Shake
1.998,-0.088,1.999,147.516,-286.685,271.880,Shake
1.756,0.443,1.640,-177.056,-14.254,286.685,Shake
0.800,0.548,-0.407,-286.685,286.685,286.685,Shake
-0.471,0.644,-0.665,-205.520,286.073,286.685,Shake
-1.872,-0.039,-1.653,-135.931,286.685,286.685,Shake
-1.535,-0.068,-1.997,-32.104,286.685,286.685,Shake
-1.465,0.129,-1.997,62.230,286.685,286.685,Shake
-1.999,0.152,-1.997,221.226,286.685,208.898,Shake
-1.988,0.262,-1.015,286.685,286.685,-67.323,Shake
-0.910,-0.077,-0.907,286.685,25.016,-246.488,Shake
0.366,-0.378,-1.113,286.685,-283.237,-220.386,Shake
0.715,-0.070,-0.249,286.685,-286.685,-179.961,Shake
1.998,-0.379,1.262,286.685,-286.685,-173.477,Shake
1.998,-0.593,1.768,276.771,-286.685,108.666,Shake
0.493,-0.256,1.805,56.639,-286.685,285.451,Shake
0.163,0.049,0.991,-69.300,-286.685,286.685,Shake
-0.597,-0.129,-1.123,-24.701,222.906,286.685,Shake
-1.345,0.328,-1.997,101.124,286.685,286.685,Shake
-1.435,1.049,-1.997,76.851,286.685,286.685,Shake
-1.999,0.534,-1.997,58.870,286.685,286.685,Shake
-1.999,-0.628,-1.622,141.050,286.685,169.435,Shake
-0.217,0.545,-1.993,286.685,-283.911,-286.685,Shake
1.998,0.325,-1.464,286.685,-286.685,-284.209,Shake
1.703,-0.091,0.689,286.685,-286.685,-87.605,Shake
1.998,-0.161,1.844,286.685,-286.685,21.630,Shake
1.345,-0.236,1.999,284.209,-286.685,191.021,Shake
0.704,0.162,1.999,-235.130,-86.196,286.685,Shake
1.321,1.371,1.819,-286.685,286.685,286.685,Shake
1.943,1.997,-1.697,-286.685,286.685,286.685,Shake
1.893,1.709,-1.997,-286.685,286.685,286.685,Shake
-1.813,0.234,-1.997,-241.727,252.717,245.822,Shake
-0.608,0.593,-1.997,285.889,-286.685,-240.564,Shake
1.789,0.922,-1.997,286.685,-283.369,-214.611,Shake
0.405,0.418,-1.630,286.685,-168.324,-31.833,Shake
0.055,0.647,-0.948,286.685,-286.685,-46.970,Shake
1.465,1.291,0.575,286.685,-286.685,-154.333,Shake
1.998,1.046,1.999,286.685,-286.685,-120.558,Shake
1.500,0.160,1.999,133.997,-61.696,103.985,Shake
0.290,0.674,1.999,-286.685,257.513,157.185,Shake
-0.082,0.666,1.255,-286.685,286.685,138.784,Shake
-0.169,0.952,0.209,-286.685,286.685,124.871,Shake
0.318,1.448,-1.647,-286.685,286.685,35.026,Shake
1.562,1.040,-1.997,-286.685,286.685,-102.524,Shake
1.998,0.367,-1.997,-161.131,136.089,-90.493,Shake
1.892,0.802,-1.997,246.645,-192.990,4.497,Shake
1.573,0.520,-1.953,286.685,-172.165,84.035,Shake
0.409,0.254,-1.539,286.685,-263.156,192.062,Shake
-0.127,0.778,-0.668,286.685,-286.685,146.869,Shake
0.393,1.187,0.294,286.685,-286.685,23.642,Shake
1.998,0.987,1.999,286.685,-286.685,-82.302,Shake
0.705,0.303,1.999,53.007,-8.802,88.043,Shake
0.280,0.758,1.999,-286.685,286.685,19.714,Shake
0.364,0.758,1.481,-286.685,286.685,-5.661,Shake
0.508,1.296,-0.078,-286.685,286.685,-34.440,Shake
1.518,1.906,-1.494,-286.685,286.685,-91.411,Shake
1.998,1.486,-1.997,-286.685,286.344,-170.424,Shake
1.998,0.627,-1.997,-206.833,-65.896,-58.984,Shake
1.324,0.850,-1.997,232.234,-226.546,97.361,Shake
1.098,0.358,-1.997,286.685,-163.625,139.694,Shake
0.355,0.409,-1.971,286.685,-285.897,197.260,Shake
-0.497,0.712,-1.219,286.685,-286.685,136.833,Shake
0.658,1.294,0.097,286.685,-286.685,-57.330,Shake
1.998,1.198,1.999,286.685,-286.685,-70.507,Shake
0.859,0.332,1.999,144.051,-84.306,84.018,Shake
0.550,0.512,1.999,-245.866,175.227,94.290,Shake
0.333,0.552,1.749,-286.685,286.685,74.043,Shake
0.012,0.811,0.054,-286.685,286.685,67.147,Shake
0.166,1.170,-0.858,-286.685,286.685,-8.137,Shake
1.455,1.323,-1.815,-286.685,286.685,-93.914,Shake
1.998,0.619,-1.997,-286.685,263.996,-103.408,Shake
1.627,0.736,-1.997,129.859,-232.050,46.603,Shake
1.493,0.593,-1.997,284.672,-180.469,68.294,Shake
1.070,0.107,-1.997,286.685,-159.399,158.086,Shake
-0.334,-0.015,-1.536,286.685,-286.685,205.949,Shake
-0.804,0.368,-0.448,286.685,-286.685,79.327,Shake
0.152,0.556,0.399,286.685,-286.685,-110.670,Shake
1.868,0.351,1.999,286.685,-286.685,-79.966,Shake
0.491,0.032,1.999,50.374,-79.284,73.202,Shake
0.274,0.304,1.999,-286.685,284.016,26.101,Shake
0.353,0.241,1.229,-286.685,286.685,20.799,Shake
0.298,0.552,-0.137,-286.685,286.685,45.255,Shake
0.827,0.990,-1.505,-286.685,286.685,2.634,Shake
1.344,0.466,-1.997,-286.685,286.685,-49.682,Shake
1.576,0.181,-1.997,-208.565,142.765,-45.588,Shake
1.677,0.310,-1.997,143.027,-218.094,36.908,Shake
0.562,0.091,-1.946,216.379,-134.339,141.523,Shake
-0.093,-0.116,-1.769,285.801,-244.475,149.109,Shake
-0.538,-0.074,-1.049,286.685,-286.685,128.450,Shake
-0.769,0.022,0.155,286.685,-286.685,31.097,Shake
-0.229,-0.104,1.999,286.685,-237.265,-45.054,Shake
-0.668,-0.562,1.999,-27.737,146.842,-44.231,Shake
-0.282,-0.347,1.918,-283.413,216.125,-60.900,Shake
-0.193,-0.273,0.878,-286.685,186.480,-55.676,Shake
-0.149,0.098,0.008,-286.685,109.856,-62.685,Shake
0.308,0.589,-1.492,-286.685,176.523,-84.402,Shake
1.028,0.331,-1.997,-275.503,191.039,-33.556,Shake
0.741,0.267,-1.997,-24.176,45.377,-9.310,Shake
1.107,0.212,-1.997,218.969,-134.164,14.534,Shake
0.276,0.003,-1.980,286.685,-106.741,104.466,Shake
-0.490,-0.015,-1.208,286.685,-268.686,96.058,Shake
-0.591,0.078,-0.441,286.685,-286.685,15.365,Shake
0.292,0.261,1.563,286.685,-286.685,-16.179,Shake
-0.553,-0.188,1.999,251.965,-123.760,43.041,Shake
-0.770,-0.107,1.999,-175.341,138.364,-28.989,Shake
0.104,-0.148,1.976,-285.626,246.794,-34.090,Shake
0.051,-0.083,0.935,-286.685,136.518,18.839,Shake
-0.274,0.386,-0.209,-286.685,133.166,52.010,Shake
-0.075,0.821,-1.997,-286.685,255.404,-23.765,Shake
0.893,0.376,-1.997,-284.681,227.640,-25.384,Shake
0.570,0.236,-1.997,16.468,-25.419,23.844,Shake
0.407,0.134,-1.997,177.275,-74.051,63.621,Shake
-0.692,-0.021,-1.651,285.381,-97.598,67.261,Shake
-0.772,-0.063,-0.921,286.685,-206.089,27.458,Shake
-0.457,-0.010,0.907,286.685,-270.489,5.119,Shake
-0.981,-0.564,1.999,257.556,-64.426,15.015,Shake
-0.683,-0.755,1.999,-33.915,115.141,-48.851,Shake
-0.197,-0.735,1.754,-127.339,114.984,-60.961,Shake
-0.206,-0.564,1.321,-218.391,61.941,-24.456,Shake
-0.333,-0.143,0.465,-286.685,54.556,-13.274,Shake
-0.293,0.632,-0.895,-286.685,247.975,-44.931,Shake
0.705,0.891,-1.969,-286.685,286.685,-87.622,Shake
1.588,0.366,-1.997,-246.759,285.539,-29.260,Shake
1.511,0.332,-1.997,138.425,-136.238,24.526,Shake
0.805,0.273,-1.997,285.451,-169.470,114.616,Shake
-0.168,0.113,-1.634,286.685,-162.111,144.970,Shake
-0.787,0.035,-0.916,286.685,-286.492,87.526,Shake
-0.390,0.299,0.463,286.685,-286.685,-5.189,Shake
-0.176,-0.054,1.999,286.685,-273.385,-44.424,Shake
-0.100,-0.429,1.999,-104.466,120.094,-33.162,Shake
-0.228,-0.108,1.999,-285.670,273.341,-23.240,Shake
-0.308,0.028,0.999,-286.685,129.115,-41.834,Shake
-0.224,0.594,-0.394,-286.685,121.581,-26.661,Shake
0.573,0.955,-1.997,-286.685,286.685,-71.041,Shake
1.131,0.383,-1.997,-271.005,153.475,-49.884,Shake
1.584,0.318,-1.997,177.818,-143.902,-19.539,Shake
0.730,0.168,-1.997,286.685,-105.569,96.512,Shake
-0.700,0.137,-1.760,286.685,-226.511,109.673,Shake
-0.834,0.399,-0.982,286.685,-286.685,-21.971,Shake
0.685,0.852,1.313,286.685,-286.685,-84.604,Shake
1.177,0.130,1.999,284.043,-271.329,12.075,Shake
0.061,0.168,1.999,-171.929,123.384,27.370,Shake
0.256,0.070,1.999,-286.685,250.854,0.980,Shake
0.081,0.147,1.064,-286.685,101.106,49.464,Shake
-0.462,0.708,-0.419,-286.685,179.217,109.970,Shake
-0.145,1.014,-1.886,-286.685,286.685,25.891,Shake
0.590,0.820,-1.997,-286.685,286.685,-49.446,Shake
1.186,0.314,-1.997,-199.535,155.181,-27.930,Shake
0.577,0.292,-1.997,143.684,-36.496,9.669,Shake
0.227,0.124,-1.997,286.580,-23.397,31.246,Shake
-0.177,0.067,-1.916,286.685,-73.255,51.257,Shake
-0.471,0.208,-1.019,286.685,-266.796,18.926,Shake
0.366,0.655,0.492,286.685,-286.685,-68.740,Shake
1.427,0.091,1.999,286.685,-242.471,-14.823,Shake
0.521,-0.301,1.999,111.799,-30.870,90.738,Shake
-0.268,0.054,1.999,-286.265,174.046,65.747,Shake
-0.028,-0.109,1.255,-286.685,103.276,44.765,Shake
-0.143,0.060,-0.019,-286.685,35.420,110.110,Shake
-0.766,0.908,-1.269,-286.685,143.789,108.692,Shake
0.184,0.551,-1.997,-286.685,251.641,17.579,Shake
0.001,0.224,-1.997,19.950,29.820,9.424,Shake
0.416,0.215,-1.997,224.394,-84.376,1.452,Shake
-0.459,0.153,-1.957,286.457,-74.200,59.474,Shake
-1.175,0.164,-0.820,286.685,-248.421,-47.311,Shake
0.503,0.607,1.122,286.685,-286.685,-158.471,Shake
0.825,-0.583,1.999,241.658,-98.516,-24.395,Shake
0.359,-0.295,1.999,-169.068,82.661,62.107,Shake
0.006,-0.163,1.686,-286.685,198.958,85.881,Shake
-0.190,0.266,0.679,-286.685,-11.139,118.484,Shake
-0.471,0.990,-0.147,-286.685,86.677,152.180,Shake
-0.490,1.066,-1.997,-286.685,200.130,117.827,Shake
-0.802,0.557,-1.997,-24.141,64.243,48.676,Shake
0.196,0.418,-1.997,179.016,-91.683,-62.335,Shake
-0.109,0.252,-1.997,286.659,-4.121,-4.629,Shake
-1.037,0.078,-1.417,286.685,-100.791,-40.696,Shake
-0.062,0.368,0.047,286.685,-285.556,-141.750,Shake
0.661,-0.258,1.999,286.650,-147.779,6.177,Shake
-0.601,-0.524,1.999,-192.220,13.694,84.674,Shake
-0.307,-0.402,1.966,-286.685,115.955,58.975,Shake
-0.027,-0.072,1.331,-286.685,27.702,53.795,Shake
-0.217,1.015,0.427,-286.685,-103.058,134.899,Shake
-0.868,1.377,-1.997,-286.685,-49.026,186.148,Shake
-1.212,0.740,-1.997,-171.176,-14.350,92.698,Shake
-1.232,0.961,-1.997,37.529,-9.564,11.576,Shake
-1.020,0.615,-1.997,154.962,-24.465,-53.681,Shake
-1.346,0.252,-1.865,286.685,34.335,-108.868,Shake
-1.453,0.121,-0.817,286.685,2.240,-179.979,Shake
-0.800,0.401,-0.017,286.685,-55.580,-284.541,Shake
0.625,1.031,1.797,286.685,-53.428,-228.148,Shake
0.295,-0.887,1.999,233.914,128.765,-103.723,Shake
0.857,-0.220,1.999,-182.936,-30.616,-52.666,Shake
0.508,0.163,1.327,-286.685,140.490,86.739,Shake
-0.302,0.471,0.698,-286.685,129.290,141.619,Shake
-0.996,1.927,-0.574,-286.685,154.962,93.196,Shake
-0.248,1.681,-1.997,-286.685,184.091,7.201,Shake
-0.602,0.793,-1.997,44.572,24.657,70.901,Shake
-0.362,0.636,-1.997,225.592,-58.651,-98.551,Shake
-0.475,0.447,-1.997,286.685,51.660,-88.393,Shake
-1.460,0.589,-1.807,286.685,-14.682,-144.629,Shake
-0.419,1.401,-0.828,286.685,-284.174,-284.331,Shake
1.910,1.997,1.387,286.685,-286.685,-286.492,Shake
1.998,0.533,1.999,286.562,-154.822,-70.464,Shake
1.998,0.539,1.999,11.891,-255.658,166.644,Shake
1.128,1.073,1.999,-286.685,131.110,286.685,Shake
0.734,1.639,1.201,-286.685,84.420,286.685,Shake
-0.092,1.997,0.652,-286.685,3.342,286.685,Shake
-0.776,1.997,-1.986,-286.685,57.278,286.685,Shake
-1.733,1.748,-1.997,-262.911,206.176,286.685,Shake
-1.106,1.911,-1.997,54.355,286.685,286.685,Shake
-1.385,1.578,-1.997,96.014,286.685,286.685,Shake
-1.683,1.112,-1.997,189.219,286.685,228.708,Shake
-0.947,1.324,-1.702,286.685,275.082,-56.989,Shake
-0.226,1.129,-1.436,286.685,160.956,-88.086,Shake
-0.642,1.010,-1.003,286.685,53.445,-62.694,Shake
-0.575,0.655,-1.011,286.685,-190.645,-123.401,Shake
0.449,0.848,-0.814,286.685,-286.685,-221.830,Shake
1.998,1.056,-0.053,286.685,-286.685,-271.915,Shake
1.998,0.463,1.287,286.685,-286.685,-145.268,Shake
1.998,-0.046,1.788,286.685,-286.685,2.634,Shake
1.998,-0.201,1.999,265.694,-286.685,101.465,Shake
1.998,0.261,1.586,-130.174,-265.869,282.450,Shake
1.763,0.349,-0.355,-285.049,257.101,286.685,Shake
1.129,0.933,-0.465,-204.724,275.538,286.685,Shake
-0.274,1.355,-1.997,-180.880,286.685,286.685,Shake
-0.613,1.997,-1.997,-122.465,286.685,286.685,Shake
-1.999,1.499,-1.997,-45.491,286.685,286.685,Shake
-1.999,-0.521,-1.997,232.523,158.349,-192.596,Shake
1.938,1.910,-1.997,286.685,-286.685,-286.685,Shake
1.994,0.409,-0.663,286.685,25.279,-235.568,Shake
0.902,-0.797,-0.877,286.685,-272.221,-6.659,Shake
0.359,0.043,-0.859,286.685,-286.685,-1.697,Shake
0.391,0.388,-0.235,286.685,-286.685,-133.761,Shake
1.916,0.170,0.593,286.685,-286.685,-214.489,Shake
1.998,-0.337,1.999,286.685,-286.685,-54.766,Shake
1.998,-0.142,1.999,51.818,-286.396,118.974,Shake
1.912,0.056,1.399,-179.926,-11.358,265.186,Shake
1.736,-0.075,0.037,-267.557,286.685,286.685,Shake
1.032,0.514,-0.215,-264.670,286.685,286.685,Shake
-0.413,0.723,-1.832,-286.685,286.685,286.685,Shake
0.408,0.605,-1.997,-286.685,286.685,286.685,Shake
-0.573,0.488,-1.997,-200.165,286.685,286.685,Shake
-1.999,-0.446,-1.997,6.003,282.966,129.386,Shake
1.063,0.701,-1.997,286.685,-286.685,-286.685,Shake
1.998,0.311,-1.997,286.685,-286.685,-255.762,Shake
0.883,-0.469,-1.206,286.685,-286.685,-142.048,Shake
0.365,-0.441,-0.744,286.685,-286.685,-138.303,Shake
0.361,-0.258,0.022,286.685,-286.685,-216.982,Shake
0.284,-0.441,0.542,263.533,-286.685,-275.511,Shake
1.037,-0.470,1.001,66.902,-286.685,-209.773,Shake
1.259,-0.525,0.728,-62.335,-211.584,-81.489,Shake
1.471,-0.743,0.004,-82.906,286.685,90.046,Shake
0.801,-0.644,0.233,-58.809,286.685,283.535,Shake
-0.425,-0.293,-0.764,-173.994,286.685,286.685,Shake
-1.720,-0.614,-1.545,-237.711,286.685,286.326,Shake
-1.662,-0.882,-0.792,-113.103,286.685,96.372,Shake
-0.380,-1.001,-0.591,17.754,275.905,-106.995,Shake
1.172,-0.849,-0.851,210.000,-282.459,-37.310,Shake
0.607,-0.837,0.497,241.701,-284.874,77.945,Shake
0.347,-0.930,1.601,15.943,-56.271,199.736,Shake
0.214,-0.644,1.418,-191.852,3.229,274.085,Shake
0.106,0.331,0.817,-286.685,-87.684,286.685,Shake
-0.767,1.377,0.779,-286.685,-245.560,286.685,Shake
-1.990,1.147,0.098,-286.685,-281.689,286.685,Shake
-1.999,0.885,-0.391,-286.685,-272.554,205.809,Shake
-1.999,1.581,-0.557,-286.685,-286.685,-70.927,Shake
-1.999,1.904,-0.780,-286.685,-286.685,-216.274,Shake
-1.999,1.573,-1.470,-286.685,-276.054,-286.685,Shake
-1.999,1.480,-1.566,-283.176,-12.898,-286.685,Shake
-1.504,1.381,-0.262,-101.570,276.789,-286.685,Shake
-1.045,0.913,-1.324,25.970,286.685,-286.685,Shake
0.600,0.661,-0.291,282.888,286.685,-286.685,Shake
0.883,0.161,0.629,263.095,286.685,-94.220,Shake
-0.759,-0.980,1.348,-3.693,286.685,98.997,Shake
-0.543,-0.894,1.620,-155.619,286.685,-53.821,Shake
1.998,-0.616,0.908,-280.884,286.685,142.240,Shake
1.400,0.236,-0.760,-286.685,286.685,286.685,Shake
-0.516,1.092,0.624,-286.081,-215.994,286.685,Shake
-1.531,1.225,1.896,-284.296,-286.685,286.685,Shake
-1.999,0.917,-0.194,-286.685,-213.850,286.685,Shake
-1.999,0.582,0.121,-286.685,-286.492,129.894,Shake
-1.999,0.936,-0.330,-286.685,-227.596,-238.289,Shake
-1.999,1.962,-0.763,-286.685,-221.104,-286.685,Shake
-1.999,1.961,-1.997,-286.676,-180.110,-286.685,Shake
-1.116,1.997,-1.184,-197.750,165.462,-286.685,Shake
-0.267,0.896,-1.997,249.095,35.665,-286.685,Shake
-0.941,0.830,-0.529,286.685,286.685,-257.959,Shake
-1.356,0.706,-0.314,286.685,286.685,-231.735,Shake
-0.062,1.625,1.365,286.685,272.326,-282.091,Shake
0.055,0.163,1.999,286.685,286.676,-222.827,Shake
1.652,-0.176,1.999,-176.374,-45.334,-139.300,Shake
-0.067,0.740,1.992,-286.685,264.180,66.202,Shake
-0.690,0.884,0.873,-286.685,166.696,-118.729,Shake
0.145,1.668,0.195,-286.685,156.144,-154.131,Shake
1.688,1.997,-1.365,-286.685,286.685,-85.146,Shake
1.998,1.763,-1.997,-286.685,286.685,-167.869,Shake
1.998,1.764,-1.997,187.959,-187.276,-139.414,Shake
1.998,1.119,-0.631,282.826,81.629,151.874,Shake
1.739,0.602,-0.869,192.736,141.102,259.770,Shake
0.837,0.557,-1.781,251.904,-58.634,286.685,Shake
-0.166,1.074,-1.939,286.685,-286.685,286.685,Shake
1.268,1.664,0.512,286.685,-286.685,256.812,Shake
1.998,1.666,1.999,286.685,-286.685,247.450,Shake
1.998,0.943,1.999,286.685,-286.685,272.510,Shake
1.753,-0.109,1.999,262.832,-286.685,208.880,Shake
1.998,0.851,1.999,-276.728,-182.333,283.815,Shake
1.998,1.298,1.174,-286.685,187.023,286.685,Shake
0.803,1.821,0.735,-286.685,-7.131,286.685,Shake
-0.091,1.997,-0.363,-286.685,-102.034,286.685,Shake
-1.999,1.997,-1.997,-263.848,286.571,286.685,Shake
-1.999,1.997,-1.997,28.779,286.536,286.685,Shake
-1.999,1.793,-1.997,283.666,286.685,286.685,Shake
-1.999,1.567,-1.997,286.685,286.685,286.353,Shake
-1.999,1.996,-1.143,286.685,286.685,42.333,Shake
-1.999,1.658,-0.430,286.685,286.685,-212.704,Shake
1.077,1.973,-1.997,286.685,-230.825,-286.685,Shake
1.998,1.593,-0.796,286.685,-286.020,-225.645,Shake
1.998,1.198,1.593,286.685,-286.685,48.528,Shake
1.998,1.352,1.999,286.685,-286.685,198.730,Shake
1.998,1.060,1.999,286.685,-286.685,185.167,Shake
1.998,0.442,1.999,185.535,-286.685,250.635,Shake
1.648,0.946,1.999,-286.685,-11.288,286.685,Shake
1.541,1.511,1.688,-286.685,158.226,286.685,Shake
0.565,1.997,0.776,-286.685,202.344,286.685,Shake
-0.329,1.997,-0.598,-286.685,-7.131,286.685,Shake
-1.999,1.997,-1.997,-286.685,-61.285,286.685,Shake
-1.999,1.997,-1.997,-221.436,152.250,286.685,Shake
-1.999,1.997,-1.997,110.556,120.522,275.476,Shake
-1.467,1.997,-1.997,286.685,276.622,104.825,Shake
-1.187,1.997,-1.997,286.685,286.685,35.963,Shake
-1.632,1.997,-0.441,286.685,286.685,55.904,Shake
-1.999,1.305,-0.605,286.685,286.685,-19.101,Shake
-0.519,1.903,-1.599,286.685,-266.753,-274.960,Shake
1.998,1.997,0.251,286.685,-286.685,-286.685,Shake
1.998,1.310,1.999,286.685,-96.784,-29.164,Shake
1.935,0.146,1.999,282.896,-261.949,243.688,Shake
0.803,0.805,1.999,-170.039,-232.435,279.694,Shake
0.819,0.881,1.999,-286.685,143.964,279.344,Shake
0.577,1.501,1.883,-286.685,39.454,286.685,Shake
-0.235,1.997,1.168,-286.685,-87.168,286.685,Shake
-1.152,1.997,-1.741,-286.685,-284.156,286.685,Shake
-1.408,1.997,-1.997,-286.685,-48.405,286.685,Shake
-0.922,1.997,-1.934,-263.086,-47.381,286.685,Shake
-0.869,1.997,-1.997,-208.005,-62.283,280.682,Shake
-1.048,1.916,-1.997,121.721,77.262,205.056,Shake
-0.963,1.997,-1.997,286.685,273.271,135.380,Shake
-1.865,1.997,-0.490,286.685,286.685,175.648,Shake
-1.999,1.452,-0.256,286.685,286.685,65.363,Shake
-1.110,1.208,-1.359,286.685,10.325,-124.827,Shake
0.610,1.887,-0.954,286.685,-267.015,-180.399,Shake
1.863,1.597,1.522,286.685,-201.915,-27.282,Shake
1.998,0.762,1.999,286.685,-286.685,165.585,Shake
1.247,1.101,1.979,286.685,-286.685,218.251,Shake
1.840,0.630,1.999,286.685,-286.685,203.044,Shake
1.140,0.324,1.999,-227.316,-151.042,286.073,Shake
1.114,1.126,1.999,-286.685,-20.379,286.685,Shake
0.530,1.997,1.789,-286.685,104.702,286.685,Shake
-0.046,1.997,0.402,-286.685,-4.139,286.685,Shake
-1.318,1.997,-1.997,-286.685,-119.945,286.685,Shake
-1.892,1.997,-1.997,-286.685,-87.342,286.685,Shake
-1.999,1.997,-1.997,-286.685,33.845,286.685,Shake
-1.999,1.997,-1.997,-99.059,-0.814,84.823,Shake
-1.889,1.997,-1.997,259.359,80.666,-172.655,Shake
-1.651,1.997,-1.997,286.685,193.830,-273.560,Shake
-1.793,1.997,-0.643,286.685,179.629,-286.685,Shake
-1.437,1.997,-0.208,286.685,149.949,-286.685,Shake
-0.274,1.997,-0.103,286.685,-12.198,-286.685,Shake
1.931,1.997,1.186,286.685,-23.424,-280.875,Shake
1.780,-0.417,1.999,286.685,191.284,33.215,Shake
1.913,-0.568,1.999,103.845,-272.090,45.579,Shake
0.910,0.794,1.999,-286.676,47.653,211.137,Shake
0.225,0.648,1.999,-286.685,73.850,241.806,Shake
0.043,1.217,1.595,-286.685,-36.864,286.685,Shake
-0.644,1.997,0.547,-286.685,38.798,286.685,Shake
-0.806,1.997,-1.997,-286.685,258.344,286.685,Shake
-1.999,1.430,-1.997,-270.918,26.442,147.849,Shake
-1.141,1.503,-1.997,-42.569,-125.274,-89.512,Shake
-0.325,1.345,-1.997,125.956,-11.602,-50.549,Shake
-1.532,1.276,-1.997,286.685,127.680,-51.222,Shake
-1.764,1.481,-1.566,286.685,12.766,-217.289,Shake
-1.260,1.707,-0.891,286.685,-156.354,-286.685,Shake
0.365,1.997,0.073,286.685,-272.720,-286.685,Shake
1.998,1.943,1.999,286.685,2.013,-266.114,Shake
1.883,-0.581,1.999,3.570,55.554,-30.511,Shake
1.453,0.879,1.999,-286.685,24.955,156.923,Shake
0.414,1.018,1.890,-286.685,89.652,211.689,Shake
-0.166,1.633,1.315,-286.685,-127.479,261.599,Shake
-0.676,1.997,0.542,-286.685,-103.775,286.685,Shake
-0.136,1.997,-1.997,-286.685,136.509,286.685,Shake
-1.230,1.997,-1.997,-182.473,251.598,286.685,Shake
-0.842,1.738,-1.997,-74.603,286.650,202.886,Shake
-0.322,1.445,-1.997,156.643,80.841,38.334,Shake
-0.404,1.415,-1.997,286.685,130.839,-22.339,Shake
-1.005,1.439,-1.483,286.685,239.391,-46.287,Shake
-1.258,1.240,-1.272,286.685,113.277,-92.838,Shake
-0.334,1.934,-0.893,286.685,-245.875,-199.710,Shake
1.989,1.997,1.661,286.685,-282.275,-178.894,Shake
1.998,-0.307,1.999,281.890,124.451,101.666,Shake
0.154,-0.535,1.999,-151.751,44.126,272.134,Shake
-0.214,0.646,1.975,-286.685,135.669,237.895,Shake
-0.179,0.872,1.394,-286.685,94.614,205.992,Shake
-0.502,1.694,1.279,-286.685,-24.491,254.144,Shake
-0.639,1.997,-0.039,-286.685,50.339,272.457,Shake
-1.207,1.962,-1.997,-286.685,-25.638,233.432,Shake
-1.613,1.835,-1.997,-188.974,-93.835,-0.201,Shake
-0.879,1.997,-1.997,110.810,-102.331,-197.803,Shake
-0.262,1.985,-1.997,280.543,-58.415,-198.581,Shake
-0.889,1.968,-1.997,286.685,137.708,-171.141,Shake
-1.576,1.819,-0.517,286.685,72.441,-236.871,Shake
-0.388,1.997,-0.029,286.685,-267.006,-286.685,Shake
1.455,1.956,1.999,286.685,-281.820,-286.685,Shake
1.998,-0.123,1.999,283.841,46.891,-257.600,Shake
0.625,0.063,1.999,-271.766,142.887,1.846,Shake
0.293,0.401,1.999,-286.685,130.235,17.062,Shake
0.004,0.442,1.717,-286.685,-132.029,68.372,Shake
-0.337,1.313,1.032,-286.685,-233.240,121.494,Shake
-0.524,1.997,-0.380,-286.685,-43.181,230.300,Shake
0.631,1.848,-1.997,-286.685,286.685,273.761,Shake
-1.153,1.532,-1.997,-110.854,199.264,15.312,Shake
1.563,1.798,-1.997,138.443,-78.461,-172.489,Shake
0.140,1.788,-1.997,286.685,210.805,26.784,Shake
-1.504,1.755,-1.997,286.685,29.470,-13.554,Shake
-1.101,1.997,-1.935,286.685,-285.119,-222.758,Shake
1.996,1.997,1.496,286.685,-286.685,-286.685,Shake
1.998,1.890,1.999,286.685,-286.685,-41.466,Shake
1.998,1.886,1.999,-115.404,-244.011,284.638,Shake
1.998,1.801,1.861,-286.685,-6.195,286.685,Shake
0.668,1.997,1.999,-286.685,-154.709,286.685,Shake
-0.537,1.997,0.663,-286.685,-9.949,286.685,Shake
-1.980,1.997,-1.997,-286.685,286.685,286.685,Shake
-1.999,1.997,-1.997,-54.171,268.686,286.685,Shake
-1.999,1.734,-1.997,62.466,286.641,280.175,Shake
-1.999,1.581,-1.997,261.074,160.965,-72.266,Shake
-1.438,1.807,-1.997,286.685,266.831,-273.805,Shake
-1.999,1.811,-0.443,286.685,286.685,-286.685,Shake
-1.999,1.465,-0.805,286.685,-29.452,-286.685,Shake
0.115,1.997,-1.529,286.685,-286.685,-286.685,Shake
1.977,1.997,-1.373,286.685,-286.685,-286.685,Shake
1.998,1.868,-0.203,286.685,-286.685,-286.685,Shake
1.998,0.774,0.877,149.004,-286.685,-155.697,Shake
1.998,1.142,-0.691,-267.540,153.589,286.685,Shake
1.398,0.486,-1.997,-114.021,266.438,286.685,Shake
1.077,0.946,-0.973,179.331,208.723,286.685,Shake
0.289,1.880,-1.902,151.489,286.685,286.685,Shake
-0.632,1.997,-1.997,-124.530,286.685,286.685,Shake
-1.999,1.997,-1.997,-134.995,286.685,286.685,Shake
-1.999,-0.519,-1.997,12.504,286.685,232.732,Shake
1.523,1.858,-1.997,286.685,-286.685,-286.685,Shake
1.520,0.561,-1.831,286.685,-195.519,-237.913,Shake
-1.306,-0.421,-0.829,286.685,-111.020,-143.167,Shake
-1.030,-0.077,-1.156,286.685,-286.685,-237.764,Shake
1.836,1.088,-0.676,286.685,-286.685,-286.685,Shake
1.998,0.554,0.845,286.685,-286.685,-274.785,Shake
1.998,0.458,1.582,126.184,-286.685,95.436,Shake
1.997,0.267,-0.664,-51.774,-286.685,286.685,Shake
1.344,0.017,-0.885,82.478,-185.167,286.685,Shake
0.825,0.857,0.040,240.398,75.889,286.685,Shake
-1.747,1.620,-0.721,216.773,286.685,286.685,Shake
-1.999,1.881,-1.997,-30.170,286.685,286.685,Shake
-1.999,1.646,-1.997,90.851,286.685,286.685,Shake
-1.999,0.298,-1.966,286.685,286.685,174.204,Shake
-1.271,1.352,-1.610,286.685,-4.253,-286.685,Shake
1.112,1.296,-1.971,286.685,-155.348,-286.685,Shake
0.140,0.651,0.106,286.685,279.746,-255.920,Shake
0.367,-0.063,1.986,286.685,162.890,-117.915,Shake
1.291,-0.567,1.999,254.432,-167.527,56.954,Shake
0.335,-0.335,1.999,-154.639,-110.285,179.795,Shake
-0.987,0.578,1.999,-286.685,-97.632,158.935,Shake
-1.322,1.493,0.913,-286.685,-169.943,81.217,Shake
-1.160,1.997,-0.223,-286.685,-179.384,28.438,Shake
-1.215,1.997,-1.997,-286.685,-286.685,111.484,Shake
-1.983,1.419,-1.997,-278.976,-232.829,60.463,Shake
-0.892,1.516,-1.997,-23.844,-196.945,-211.697,Shake
-0.678,1.254,-1.997,152.057,-282.634,-198.179,Shake
-1.811,0.942,-1.997,286.685,-120.514,-246.592,Shake
-1.854,1.245,-1.254,286.685,-128.450,-286.685,Shake
-0.966,1.533,-0.496,286.685,-72.975,-286.685,Shake
-0.281,1.692,-0.183,286.685,-52.833,-286.685,Shake
0.596,1.997,0.764,286.685,106.698,-286.685,Shake
1.722,1.151,1.999,286.685,286.685,-286.685,Shake
1.998,0.425,1.999,-114.573,130.646,-140.053,Shake
1.998,1.266,1.999,-286.685,224.560,117.495,Shake
0.615,1.417,1.911,-286.685,161.210,244.151,Shake
-0.243,1.994,1.185,-286.685,-162.269,286.676,Shake
-0.737,1.997,0.357,-286.685,-196.542,286.685,Shake
-0.327,1.997,-1.997,-286.685,37.065,286.685,Shake
-1.449,1.997,-1.997,-286.685,257.451,286.685,Shake
-1.901,1.761,-1.997,-217.105,67.086,55.064,Shake
-0.067,1.702,-1.997,183.837,-146.676,-99.374,Shake
-1.254,1.217,-1.997,286.685,78.277,-20.790,Shake
-1.717,1.215,-1.997,286.685,51.896,-76.099,Shake
-1.419,1.684,-1.667,286.685,-69.781,-221.515,Shake
-0.399,1.997,-0.431,286.685,-95.086,-286.615,Shake
0.299,1.825,0.532,286.685,-192.465,-266.376,Shake
0.937,1.804,1.967,286.685,-235.366,-264.416,Shake
1.998,1.004,1.999,286.685,-113.724,-178.850,Shake
1.998,0.649,1.999,-182.053,-18.069,73.456,Shake
0.895,1.457,1.999,-286.685,145.670,253.837,Shake
-0.037,1.571,1.361,-286.685,24.167,286.685,Shake
-0.710,1.997,0.695,-286.685,-132.081,286.685,Shake
-1.192,1.997,-0.466,-286.685,5.250,286.685,Shake
-0.816,1.997,-1.997,-286.685,262.509,286.685,Shake
-1.999,1.352,-1.997,-249.165,40.696,102.287,Shake
-0.814,1.368,-1.997,-63.061,-143.535,-109.979,Shake
0.003,1.170,-1.997,180.372,-45.185,-67.165,Shake
-1.193,0.886,-1.997,286.685,61.241,-54.740,Shake
-1.541,1.036,-1.674,286.685,-71.916,-200.384,Shake
-1.202,1.261,-1.058,286.685,-197.085,-286.685,Shake
-0.064,1.803,-0.188,286.685,-286.685,-286.685,Shake
1.997,1.799,1.213,286.685,-286.685,-286.685,Shake
1.998,0.644,1.999,282.660,-275.126,-180.084,Shake
1.998,0.777,1.999,-200.270,83.668,173.066,Shake
1.983,0.940,1.999,-286.685,273.481,282.091,Shake
0.779,1.225,1.072,-286.685,264.547,286.685,Shake
-0.021,1.997,-0.228,-286.685,251.659,286.685,Shake
0.192,1.997,-1.997,-286.685,286.685,286.685,Shake
-0.411,1.936,-1.997,-286.685,286.685,286.685,Shake
-1.359,1.019,-1.997,-227.736,255.911,65.074,Shake
1.268,1.543,-1.997,250.276,-166.556,-207.917,Shake
0.745,1.225,-1.997,286.685,107.905,-30.721,Shake
-0.584,0.861,-1.997,286.685,-3.973,8.006,Shake
-1.291,1.129,-1.997,286.685,-263.060,-100.109,Shake
0.236,1.997,-0.827,286.685,-286.685,-286.370,Shake
1.998,1.997,1.052,286.685,-286.685,-286.353,Shake
1.998,1.114,1.999,286.685,-286.685,-78.435,Shake
1.998,0.754,1.999,221.489,-277.935,59.614,Shake
1.998,1.189,1.999,-283.570,247.083,197.164,Shake
1.194,1.429,1.727,-286.685,286.685,285.880,Shake
0.986,1.947,0.374,-286.685,286.685,286.685,Shake
0.020,1.997,-1.474,-286.685,286.685,286.685,Shake
-0.254,1.991,-1.997,-286.685,286.685,286.685,Shake
-1.397,1.217,-1.997,-283.133,243.565,195.842,Shake
-0.109,1.186,-1.997,-12.547,-63.201,-38.439,Shake
0.233,1.165,-1.997,187.670,-44.397,-36.662,Shake
-1.037,1.000,-1.997,286.685,74.410,-13.151,Shake
-1.699,1.132,-1.895,286.685,-84.324,-144.331,Shake
-0.635,1.810,-1.007,286.685,-286.685,-286.265,Shake
1.087,1.997,-0.390,286.685,-286.685,-286.685,Shake
1.998,1.488,1.999,286.685,-286.685,-285.959,Shake
1.998,0.421,1.999,175.035,-286.685,90.431,Shake
1.998,0.922,1.999,-284.690,-112.901,286.685,Shake
1.788,1.267,1.451,-286.685,-17.237,286.685,Shake
0.365,1.997,0.761,-286.685,-111.221,286.685,Shake
-0.609,1.997,-1.493,-286.685,58.389,286.685,Shake
-1.730,1.997,-1.997,-283.027,286.685,286.685,Shake
-1.999,1.997,-1.997,-46.077,286.685,286.685,Shake
-1.999,1.752,-1.997,83.335,283.168,286.676,Shake
-1.999,1.564,-1.997,280.586,178.736,14.009,Shake
-1.754,1.610,-1.997,286.685,129.027,-214.699,Shake
-1.577,1.915,-1.131,286.685,159.197,-286.685,Shake
-1.430,1.838,-0.654,286.685,59.509,-286.685,Shake
-0.177,1.997,-0.696,286.685,-274.277,-286.685,Shake
1.998,1.997,1.405,286.685,-264.609,-286.685,Shake
1.998,-0.009,1.999,273.166,169.199,-156.450,Shake
1.968,0.064,1.999,-103.162,-112.026,113.732,Shake
0.536,0.686,1.999,-286.685,113.470,206.378,Shake
-0.173,0.854,1.663,-286.685,-28.472,200.121,Shake
-0.635,1.864,0.962,-286.685,-166.189,283.237,Shake
-1.584,1.997,0.196,-286.685,-63.035,286.685,Shake
-0.807,1.997,-1.997,-286.685,257.337,258.449,Shake
-1.663,1.366,-1.997,-257.513,130.235,90.702,Shake
0.761,1.377,-1.997,-11.515,-188.947,-138.941,Shake
0.249,1.094,-1.997,184.039,47.425,16.914,Shake
-0.755,0.852,-1.997,282.634,61.268,26.014,Shake
-1.149,0.946,-1.995,286.685,-109.200,-102.716,Shake
-0.843,1.285,-1.091,286.685,-230.510,-230.011,Shake
0.167,1.917,-0.072,286.685,-286.510,-286.685,Shake
1.605,1.698,1.999,286.685,-199.229,-268.345,Shake
1.978,0.030,1.999,282.275,3.614,-80.684,Shake
0.159,-0.388,1.999,-152.626,141.164,47.819,Shake
0.110,0.196,1.999,-286.685,152.285,35.928,Shake
0.243,0.664,1.959,-286.685,66.999,77.989,Shake
0.234,1.769,1.038,-286.685,-62.947,155.488,Shake
-0.861,1.997,-0.368,-286.685,-241.027,274.418,Shake
-0.839,1.865,-1.997,-286.685,-139.921,286.685,Shake
-1.368,1.534,-1.997,-251.746,197.479,240.879,Shake
-1.125,1.500,-1.997,-103.670,57.881,76.396,Shake
-0.479,1.533,-1.997,202.055,-3.684,-34.002,Shake
-1.409,1.534,-1.997,286.685,205.021,-37.476,Shake
-1.973,1.454,-1.627,286.685,116.865,-157.955,Shake
-1.646,1.801,-1.258,286.685,12.145,-286.431,Shake
0.034,1.997,-0.099,286.685,-129.789,-286.685,Shake
1.491,1.997,1.946,286.685,-46.944,-257.294,Shake
1.998,0.680,1.999,286.598,8.356,-97.694,Shake
1.998,0.780,1.999,23.896,-47.355,96.688,Shake
1.245,1.522,1.999,-286.685,108.762,177.292,Shake
0.039,1.850,1.999,-286.685,-9.231,275.888,Shake
-1.657,1.997,1.039,-286.685,-279.247,286.685,Shake
-1.999,1.997,0.316,-286.685,-142.240,286.685,Shake
-1.636,1.997,-1.997,-286.685,122.168,286.685,Shake
-1.999,1.997,-1.997,-277.436,21.017,159.810,Shake
-0.315,1.997,-1.997,-55.974,-198.861,-113.698,Shake
-0.720,1.776,-1.997,211.820,32.034,-3.150,Shake
-1.601,1.647,-1.997,286.685,116.952,-73.832,Shake
-1.999,1.907,-1.968,286.685,107.100,-175.306,Shake
-1.855,1.997,-0.899,286.685,104.186,-282.835,Shake
-0.277,1.997,0.396,286.685,32.252,-286.685,Shake
1.234,1.548,1.999,286.685,282.196,-142.966,Shake
1.004,-0.813,1.999,191.520,286.685,33.626,Shake
1.960,0.326,1.999,-286.685,286.685,164.404,Shake
1.856,1.124,1.493,-286.685,286.685,286.685,Shake
1.233,1.997,0.926,-286.685,255.404,286.685,Shake
-1.853,1.997,-0.822,-286.685,-16.747,286.685,Shake
-1.999,1.997,-1.327,-286.685,-256.515,286.685,Shake
-1.999,1.997,-1.540,-286.685,-150.474,147.473,Shake
-1.999,1.997,-0.598,-286.685,-234.001,-1.347,Shake
-1.999,1.997,-1.187,-286.685,-186.611,-285.416,Shake
-1.999,1.997,-1.210,-286.685,-191.214,-286.685,Shake
-1.999,1.997,-1.052,-286.685,-66.999,-286.685,Shake
-0.992,1.997,-0.846,-206.159,282.047,-286.685,Shake
-0.504,1.997,-1.462,237.519,286.685,-286.685,Shake
0.346,1.997,0.815,286.685,286.685,-286.685,Shake
-0.155,1.527,1.525,285.950,286.685,-96.276,Shake
-1.999,-1.641,1.999,123.375,286.685,-166.740,Shake
0.387,-0.390,1.999,-132.746,247.467,-286.685,Shake
1.993,-0.445,1.585,-286.685,286.685,-118.466,Shake
0.561,-0.478,1.139,-286.685,154.577,186.742,Shake
-0.066,0.145,1.158,-286.685,-147.376,286.003,Shake
-1.986,1.160,0.584,-286.685,-286.685,274.575,Shake
-1.999,1.129,-1.337,-286.685,-248.990,-116.751,Shake
-1.999,1.997,-1.997,-283.535,-268.529,-286.685,Shake
0.499,1.837,-1.997,199.062,-286.685,-286.685,Shake
-0.940,0.972,-1.997,286.606,171.211,-286.685,Shake
-1.514,0.867,-1.994,286.685,146.913,-286.685,Shake
-0.391,1.077,-1.377,286.685,234.509,-286.685,Shake
0.811,1.396,-0.040,286.685,286.685,-279.615,Shake
1.557,1.333,1.999,286.685,286.685,-59.211,Shake
-0.354,-1.695,1.999,-85.418,286.685,147.210,Shake
-0.450,-0.186,1.999,-286.633,14.368,27.204,Shake
-0.717,0.706,1.999,-286.685,21.087,66.798,Shake
-1.945,1.106,0.751,-286.685,-38.342,-18.524,Shake
-1.517,1.704,0.089,-286.685,-24.833,-195.694,Shake
0.793,1.997,-1.713,-286.685,206.264,-221.568,Shake
1.981,1.632,-1.997,-284.104,286.685,-52.911,Shake
1.857,1.715,-1.997,225.951,-156.327,-185.544,Shake
1.998,1.542,-1.996,286.685,-90.781,7.210,Shake
1.462,1.133,-1.724,286.685,-115.430,225.094,Shake
-0.069,0.830,-1.602,286.685,-277.935,181.344,Shake
0.036,1.589,-0.033,286.685,-286.685,38.421,Shake
0.557,-0.587,1.999,286.685,-240.319,2.537,Shake
-0.152,-1.135,1.999,-260.024,84.262,68.040,Shake
-0.835,0.278,1.864,-286.685,279.939,-27.186,Shake
0.056,0.728,0.529,-286.685,144.419,-118.825,Shake
0.955,1.873,-0.402,-286.685,238.367,-75.285,Shake
1.767,1.997,-1.702,-286.685,286.685,-62.956,Shake
1.998,1.619,-1.997,-286.606,286.685,-67.961,Shake
1.998,1.510,-1.997,223.702,-219.529,-49.857,Shake
1.998,1.022,-0.949,283.001,-115.062,248.395,Shake
1.695,0.547,-1.141,241.246,-123.349,286.685,Shake
-0.137,0.649,-1.156,286.685,-286.685,286.685,Shake
-1.424,1.473,0.364,286.685,-286.685,259.017,Shake
1.645,-0.311,1.999,286.685,-286.685,-169.706,Shake
1.998,-0.129,1.999,109.760,-286.685,120.505,Shake
1.998,0.253,1.991,-155.120,-286.685,284.707,Shake
1.778,0.585,0.485,-286.650,141.584,286.685,Shake
0.052,1.610,0.704,-286.685,173.871,286.685,Shake
-1.579,1.997,-0.056,-286.685,281.461,286.685,Shake
-1.999,1.339,-1.997,-286.685,285.057,286.685,Shake
-1.999,0.924,-1.997,202.519,0.044,38.080,Shake
-1.663,1.724,-1.997,286.685,281.383,-212.266,Shake
-0.732,1.997,-1.158,286.685,286.685,-16.345,Shake
-1.973,1.997,0.424,286.685,286.685,283.596,Shake
-1.999,-0.186,1.999,286.685,286.492,284.655,Shake
-1.999,-0.899,1.999,-84.665,-285.609,-44.074,Shake
-1.275,-0.257,1.873,-285.696,-286.685,-39.200,Shake
-1.341,0.750,1.271,-286.685,-286.685,3.369,Shake
-1.999,1.278,0.069,-286.685,-286.685,8.251,Shake
-1.999,1.279,-1.989,-286.685,-286.685,-34.597,Shake
-1.999,0.705,-1.997,-263.226,-256.672,-95.716,Shake
-0.982,0.640,-1.997,185.929,196.018,-1.864,Shake
-0.640,1.103,-1.997,286.685,286.685,157.307,Shake
-1.387,1.997,-1.997,286.685,286.685,286.685,Shake
-1.999,1.997,-0.295,286.685,286.685,286.685,Shake
-1.999,0.534,1.999,279.370,198.914,277.891,Shake
-1.999,-0.074,1.999,-18.909,-285.854,-55.597,Shake
-1.999,0.893,1.514,-286.685,-286.685,-263.139,Shake
-1.999,0.875,0.494,-286.685,-286.685,-283.229,Shake
-1.970,1.482,-0.876,-286.685,-286.685,-269.351,Shake
-1.705,0.963,-1.997,-286.685,-286.685,-113.059,Shake
-0.952,0.207,-1.997,-9.590,-63.044,39.209,Shake
-1.127,0.819,-1.997,260.085,286.169,140.070,Shake
-1.535,1.513,-1.997,286.685,286.685,286.685,Shake
-1.999,1.997,-1.281,286.685,286.685,286.685,Shake
-1.999,1.997,0.112,286.685,286.685,286.685,Shake
-1.999,0.439,1.999,207.419,205.695,207.865,Shake
-1.999,1.300,1.874,-277.182,-286.685,-285.880,Shake
-1.999,1.346,-0.004,-286.685,-286.685,-286.685,Shake
-1.979,1.409,-0.606,-286.685,-286.685,-286.685,Shake
-1.266,1.542,-0.863,-286.685,-286.685,-286.685,Shake
-0.111,1.843,-1.829,-286.685,-105.823,-203.569,Shake
-0.863,-0.110,-1.997,-55.921,-133.193,-16.266,Shake
-0.014,0.488,-1.997,285.758,286.650,90.825,Shake
0.084,1.006,-1.992,286.685,286.685,286.536,Shake
-0.644,1.918,-1.793,286.685,286.685,286.685,Shake
-1.999,1.993,-1.360,286.685,286.685,286.685,Shake
-1.999,0.139,1.724,153.598,284.436,268.791,Shake
-1.999,0.781,0.569,-169.383,-286.685,-286.676,Shake
-1.999,1.081,-0.662,-286.685,-286.685,-286.685,Shake
-1.860,0.517,-0.502,-286.685,-286.685,-286.685,Shake
-0.786,0.584,-1.267,-286.685,-286.685,-286.685,Shake
0.052,-0.050,-1.997,-279.291,-286.685,-149.021,Shake
0.427,0.161,-1.997,107.914,192.894,148.199,Shake
-0.178,0.888,-1.997,260.365,286.685,286.685,Shake
-1.505,1.082,-1.997,286.685,286.685,286.685,Shake
-1.999,1.147,-1.790,286.685,286.685,286.685,Shake
-1.999,0.518,0.431,278.714,286.685,286.580,Shake
-1.999,-0.222,1.174,143.167,38.631,67.935,Shake
-1.999,0.288,0.410,-73.290,-286.685,-286.685,Shake
-1.997,0.282,-0.055,-203.866,-286.685,-286.685,Shake
-0.773,0.535,-0.209,-286.685,-286.685,-286.685,Shake
0.131,0.433,-1.204,-286.685,-286.685,-219.634,Shake
0.397,-0.184,-1.997,-274.312,-254.432,-17.255,Shake
-0.124,0.212,-1.997,169.943,274.995,265.388,Shake
-1.024,0.959,-1.997,286.685,286.685,286.685,Shake
-1.873,0.995,-1.952,286.685,286.685,286.685,Shake
-1.999,1.056,-1.077,286.685,286.685,286.685,Shake
-1.999,0.522,0.883,282.765,286.685,286.685,Shake
-1.999,-0.308,1.872,5.845,-150.929,-12.565,Shake
-1.999,0.055,0.364,-248.789,-286.685,-285.337,Shake
-1.999,0.221,0.173,-282.538,-286.685,-286.685,Shake
-1.008,0.505,-0.071,-286.685,-286.685,-286.685,Shake
-0.504,0.574,-1.261,-286.685,-286.685,-211.435,Shake
-0.675,-0.182,-1.997,-210.193,-222.372,-43.155,Shake
-0.585,0.138,-1.997,118.755,155.505,103.049,Shake
-0.641,0.390,-1.929,273.779,286.685,226.616,Shake
-0.814,0.531,-1.881,286.685,286.685,283.491,Shake
-1.363,0.854,-1.241,286.685,286.685,286.685,Shake
-1.999,0.910,-0.042,286.685,286.685,286.685,Shake
-1.999,0.341,0.995,266.866,286.685,228.471,Shake
-1.999,-0.082,1.326,-12.224,-189.315,-28.052,Shake
-1.999,0.093,0.583,-158.401,-286.685,-241.045,Shake
-1.316,0.090,0.409,-275.765,-286.685,-286.676,Shake
-0.746,0.269,-0.099,-286.685,-286.685,-227.202,Shake
-0.906,0.327,-0.741,-286.685,-286.685,-129.238,Shake
-0.641,-0.088,-1.997,-269.378,-233.835,-78.033,Shake
-0.846,-0.026,-1.997,63.884,45.264,77.158,Shake
-1.201,0.299,-1.997,264.556,286.685,179.209,Shake
-1.445,0.746,-1.904,286.685,286.685,233.301,Shake
-1.742,1.187,-1.006,286.685,286.685,277.270,Shake
-1.999,1.088,0.856,286.685,286.685,286.685,Shake
-1.999,-0.108,1.999,130.646,182.753,67.988,Shake
-1.999,0.266,1.463,-230.913,-286.685,-218.995,Shake
-1.999,0.173,0.781,-286.685,-286.685,-237.440,Shake
-1.350,0.438,0.051,-286.685,-286.685,-225.417,Shake
-0.747,0.938,-1.291,-286.685,-286.685,-149.695,Shake
-0.636,0.342,-1.997,-217.280,-270.462,34.536,Shake
-1.297,0.589,-1.997,143.167,238.595,183.400,Shake
-1.679,0.746,-1.997,286.484,286.685,250.084,Shake
-1.352,1.601,-1.766,286.685,286.685,282.188,Shake
-1.999,1.997,0.109,286.685,286.685,286.685,Shake
-1.999,0.638,1.999,286.545,286.624,253.645,Shake
-1.999,0.042,1.999,-112.271,-285.372,-268.196,Shake
-1.995,0.427,1.388,-285.950,-286.685,-286.685,Shake
-1.136,0.558,0.540,-286.685,-286.685,-274.636,Shake
-0.700,1.155,-0.352,-286.685,-286.685,-172.051,Shake
-1.278,1.173,-1.997,-286.685,-286.685,9.879,Shake
-1.760,0.794,-1.997,-135.879,-16.940,108.141,Shake
-1.999,0.642,-1.997,144.261,238.639,94.728,Shake
-1.335,0.915,-1.997,286.685,286.685,93.914,Shake
-0.983,1.845,-0.577,286.685,286.685,208.766,Shake
-1.999,1.708,1.954,286.685,286.685,286.685,Shake
-1.999,0.084,1.999,253.242,286.685,214.891,Shake
-1.999,0.363,1.999,-208.128,-281.995,-281.295,Shake
-1.312,0.844,0.866,-286.685,-286.685,-286.676,Shake
-1.116,1.165,-0.305,-286.685,-286.685,-149.520,Shake
-1.551,1.559,-1.997,-286.685,-286.685,-63.236,Shake
-1.999,1.133,-1.997,-286.212,-286.685,-21.516,Shake
-1.999,0.785,-1.997,-16.196,-56.018,-45.132,Shake
-1.803,0.788,-1.997,286.090,146.326,-96.285,Shake
0.148,1.439,-1.127,286.685,286.685,-52.885,Shake
-0.563,1.997,0.083,286.685,286.685,174.405,Shake
-1.999,1.947,1.491,286.685,286.685,286.685,Shake
-1.999,0.183,1.999,89.425,229.696,-10.684,Shake
-1.999,0.610,0.981,-274.566,-286.685,-286.685,Shake
-1.857,0.516,0.594,-286.685,-286.685,-243.950,Shake
-1.999,0.705,0.029,-286.685,-286.685,-190.759,Shake
-1.999,1.351,-0.640,-286.685,-286.685,-223.659,Shake
-1.954,1.995,-1.492,-286.685,-182.744,-257.871,Shake
-1.656,0.297,-1.997,-207.874,-238.962,-241.509,Shake
-0.342,0.584,-1.981,252.910,60.917,-183.435,Shake
0.273,0.632,-0.978,286.685,259.315,-44.511,Shake
0.527,0.353,-1.391,286.685,286.685,225.960,Shake
-0.664,1.588,-1.409,286.685,286.685,286.685,Shake
-1.999,1.997,-1.406,286.685,286.685,286.685,Shake
-1.999,1.094,0.323,90.527,286.685,286.685,Shake
-1.999,0.969,-1.114,-146.396,-282.669,-277.856,Shake
-1.451,0.790,-1.997,-213.378,-263.043,-286.685,Shake
-0.560,0.659,-1.798,244.886,216.851,-286.685,Shake
-0.363,0.709,-1.051,273.087,286.685,-286.685,Shake
0.659,0.906,-1.442,286.685,279.510,-286.685,Shake
1.351,1.162,-1.243,286.685,39.069,-286.685,Shake
1.998,1.740,0.151,286.685,-224.779,-282.721,Shake
1.998,0.984,1.999,286.685,-81.200,33.408,Shake
1.818,0.027,1.999,-69.160,-165.812,277.060,Shake
-1.197,1.536,1.999,-286.685,89.512,286.685,Shake
-1.970,1.796,1.461,-286.685,-42.149,165.270,Shake
-1.690,1.997,0.344,-286.685,-87.771,101.080,Shake
-0.434,1.997,-1.983,-286.685,198.205,90.466,Shake
-0.554,1.997,-1.997,-286.685,271.626,-26.128,Shake
1.848,1.997,-1.997,124.259,-242.235,-283.579,Shake
1.998,1.860,-1.997,285.793,57.015,0.928,Shake
0.013,1.416,-1.997,286.685,19.827,96.259,Shake
-0.744,1.847,-1.986,286.685,-205.984,-29.540,Shake
0.217,1.997,-0.641,286.685,-286.685,-196.534,Shake
1.998,1.997,1.511,286.685,-286.685,-280.823,Shake
1.998,1.786,1.999,286.685,-286.685,-143.798,Shake
1.998,0.784,1.999,14.394,52.430,124.399,Shake
1.526,1.452,1.999,-286.685,286.309,260.190,Shake
0.241,1.988,1.585,-286.685,286.475,286.685,Shake
-0.826,1.997,0.085,-286.685,286.633,279.764,Shake
0.726,1.997,-1.601,-286.685,286.685,108.360,Shake
1.998,1.997,-1.997,-286.685,286.685,-183.059,Shake
1.998,1.997,-1.997,-20.921,-220.587,-97.606,Shake
1.998,1.997,-1.997,285.696,-241.841,-4.795,Shake
1.886,1.650,-1.997,229.723,17.780,265.510,Shake
-0.903,1.628,-1.997,286.685,-232.557,286.685,Shake
-1.726,1.997,-1.977,286.685,-286.685,103.442,Shake
0.296,1.997,-0.454,286.685,-286.685,-136.727,Shake
1.998,1.997,1.999,286.685,-286.685,-221.515,Shake
1.998,1.544,1.999,286.685,-286.685,-86.363,Shake
1.998,1.404,1.999,-169.584,136.465,133.726,Shake
1.998,1.400,1.999,-286.685,286.685,286.685,Shake
0.190,1.768,1.600,-286.685,286.685,286.685,Shake
-0.696,1.997,0.036,-286.685,286.685,286.685,Shake
1.980,1.997,-1.997,-286.685,286.685,124.530,Shake
1.998,1.997,-1.997,-286.685,286.685,-68.110,Shake
1.998,1.997,-1.997,-97.965,-140.184,-156.152,Shake
1.998,1.962,-1.902,286.685,-166.259,2.739,Shake
1.721,1.207,-1.997,247.555,7.140,270.594,Shake
-0.211,1.354,-1.997,286.685,-260.391,286.685,Shake
-0.946,1.997,-1.865,286.685,-286.685,112.026,Shake
1.550,1.997,0.199,286.685,-286.685,-198.581,Shake
1.998,1.997,1.984,286.685,-286.685,-242.541,Shake
1.998,1.542,1.999,278.075,-286.685,-64.741,Shake
1.998,1.250,1.999,-149.896,96.749,105.385,Shake
1.887,1.163,1.963,-286.685,286.685,285.670,Shake
0.506,1.808,1.158,-286.685,286.685,286.685,Shake
0.895,1.997,-0.622,-286.685,286.685,284.987,Shake
1.998,1.997,-1.997,-286.685,286.685,94.238,Shake
1.998,1.729,-1.997,-286.676,256.016,-111.860,Shake
1.998,1.997,-1.997,262.168,-286.685,39.804,Shake
1.998,1.603,-1.997,286.685,-220.334,160.598,Shake
0.202,1.201,-1.997,286.685,-146.598,269.491,Shake
-1.911,1.801,-1.997,286.685,-286.685,162.750,Shake
0.680,1.997,0.055,286.685,-286.685,-218.671,Shake
1.998,1.997,1.999,286.685,-286.685,-148.146,Shake
1.690,0.849,1.999,111.335,-120.452,85.365,Shake
1.711,1.619,1.999,-286.685,286.685,85.855,Shake
0.188,1.968,1.432,-286.685,249.445,165.375,Shake
-0.775,1.997,0.065,-286.685,134.251,177.091,Shake
0.503,1.997,-1.840,-286.685,286.685,76.685,Shake
1.998,1.997,-1.997,-286.685,286.685,-177.214,Shake
1.998,1.997,-1.997,159.871,-259.315,-79.529,Shake
1.998,1.997,-1.997,286.685,-199.964,36.146,Shake
1.390,1.744,-1.997,286.685,-6.309,281.837,Shake
-1.151,1.965,-1.997,286.685,-285.565,282.161,Shake
-0.736,1.997,-0.814,286.685,-286.685,-29.339,Shake
1.985,1.997,1.999,286.685,-286.685,-284.611,Shake
1.998,1.896,1.999,286.685,-286.685,-103.486,Shake
1.998,1.736,1.999,-176.925,59.054,129.885,Shake
1.486,1.869,1.999,-286.685,286.685,235.926,Shake
0.498,1.997,1.798,-286.685,286.685,264.723,Shake
-0.498,1.997,-0.370,-286.685,286.685,235.051,Shake
1.988,1.997,-1.997,-286.685,286.685,8.391,Shake
1.998,1.997,-1.997,-286.685,275.082,-195.055,Shake
1.998,1.997,-1.997,277.200,-286.685,-7.481,Shake
1.998,1.997,-1.997,286.685,-153.387,146.169,Shake
0.265,1.751,-1.997,286.685,-128.126,286.685,Shake
-1.938,1.997,-1.997,286.685,-286.685,210.131,Shake
0.944,1.997,-0.274,286.685,-286.685,-230.501,Shake
1.998,1.997,1.736,286.685,-286.685,-286.580,Shake
1.998,1.997,1.999,286.685,-286.685,-133.936,Shake
1.998,1.997,1.999,-236.040,172.471,177.599,Shake
1.977,1.997,1.972,-286.685,286.685,286.685,Shake
0.786,1.997,1.474,-286.685,280.954,286.685,Shake
-0.613,1.997,0.080,-286.685,286.685,286.685,Shake
1.998,1.997,-1.997,-286.685,286.685,198.844,Shake
1.998,1.997,-1.997,-286.685,286.685,-187.005,Shake
1.998,1.997,-1.997,141.732,-251.685,-121.844,Shake
1.998,1.997,-1.483,286.685,35.035,178.631,Shake
0.841,1.997,-1.997,282.957,65.152,286.685,Shake
-1.999,1.997,-1.997,286.685,-286.650,286.685,Shake
-0.900,1.997,1.141,286.685,-286.685,-88.165,Shake
1.998,1.997,1.999,286.685,-286.685,-130.865,Shake
1.763,1.840,1.999,-15.619,-2.065,156.879,Shake
1.965,1.997,1.999,-286.685,286.685,141.111,Shake
-0.042,1.997,1.246,-286.685,286.685,174.650,Shake
-1.339,1.997,-0.717,-286.685,286.685,63.455,Shake
1.975,1.997,-1.959,-286.685,286.685,-241.631,Shake
1.998,1.997,-1.997,-233.432,13.641,-216.134,Shake
1.998,1.997,-1.997,286.685,-249.620,25.681,Shake
1.998,1.997,-1.997,286.685,-25.541,268.371,Shake
-1.752,1.997,-1.997,286.685,-199.885,286.685,Shake
-1.867,1.997,-1.623,286.685,-286.685,69.702,Shake
1.855,1.997,1.616,286.685,-286.685,-285.513,Shake
1.998,1.997,1.999,286.685,-286.606,-95.646,Shake
1.998,1.997,1.999,-285.250,279.003,144.961,Shake
0.338,1.997,1.950,-286.685,286.685,286.685,Shake
-1.288,1.997,0.186,-286.685,286.685,224.131,Shake
0.759,1.997,-1.997,-286.685,286.685,65.817,Shake
1.998,1.997,-1.997,-286.685,286.388,-231.026,Shake
1.998,1.997,-1.997,284.235,-285.364,18.489,Shake
1.998,1.997,-1.997,286.685,72.537,268.896,Shake
-0.716,1.997,-1.997,286.685,133.079,286.685,Shake
-1.999,1.997,-1.860,286.685,-273.271,272.834,Shake
1.998,1.997,1.999,286.685,-286.685,-157.833,Shake
1.998,1.741,1.999,-123.244,139.431,264.206,Shake
0.255,1.997,1.999,-286.685,286.685,27.221,Shake
-0.985,1.997,0.587,-286.685,4.270,63.919,Shake
-0.988,1.997,-1.947,-286.685,282.231,-25.235,Shake
1.998,1.997,-1.997,-286.685,284.060,-247.923,Shake
1.998,1.997,-1.997,155.102,-275.328,-49.385,Shake
1.998,1.997,-1.997,286.685,-44.275,178.413,Shake
-1.821,1.997,-1.997,286.685,17.062,286.685,Shake
-1.999,1.997,-1.825,286.685,-286.685,89.757,Shake
1.836,1.997,1.858,286.685,-286.685,-237.379,Shake
1.998,1.997,1.999,254.048,-207.830,-4.559,Shake
1.998,1.997,1.999,-286.685,286.685,90.484,Shake
0.511,1.997,1.960,-286.685,196.569,209.580,Shake
-1.999,1.997,-0.308,-286.685,77.341,109.567,Shake
1.883,1.997,-1.997,-286.685,286.685,-93.161,Shake
1.998,1.997,-1.997,-99.934,-156.818,-120.479,Shake
1.998,1.997,-1.997,286.685,-166.556,130.051,Shake
-0.001,1.997,-1.997,286.685,-35.691,286.396,Shake
-1.999,1.997,-1.695,286.685,-286.685,38.719,Shake
1.998,1.997,1.999,286.685,-286.414,-272.256,Shake
1.998,1.430,1.999,16.993,213.369,-63.849,Shake
1.518,1.642,1.999,-286.685,207.594,80.552,Shake
-1.900,1.997,1.861,-286.685,-165.497,186.935,Shake
-1.019,1.997,-1.997,-286.685,281.374,14.079,Shake
1.998,1.997,-1.997,-286.685,93.494,-164.815,Shake
1.998,1.997,-1.997,286.344,-283.894,-43.444,Shake
-0.598,1.997,-1.997,286.685,-77.473,212.074,Shake
-1.756,1.997,-0.150,286.685,-286.685,-154.639,Shake
1.998,1.997,1.999,286.046,-233.511,-264.372,Shake
1.998,1.730,1.999,-159.688,147.648,-18.069,Shake
1.918,1.955,1.999,-286.685,21.359,200.471,Shake
-1.901,1.997,0.941,-286.685,-106.304,286.685,Shake
-1.999,1.997,-1.883,-286.685,281.435,108.622,Shake
1.437,1.997,-1.997,-286.685,286.624,-98.035,Shake
1.998,1.768,-1.997,273.166,-281.531,-31.220,Shake
-0.401,1.997,-1.997,286.685,-50.741,136.885,Shake
-1.999,1.997,-0.981,286.685,-286.396,-93.590,Shake
0.794,1.997,1.999,286.685,-286.685,-285.652,Shake
1.998,1.885,1.999,88.673,-184.406,-46.638,Shake
1.607,1.877,1.999,-286.685,286.064,173.197,Shake
-0.892,1.997,0.743,-286.685,-25.716,252.770,Shake
-1.999,1.997,-1.997,-286.685,145.119,241.964,Shake
0.404,1.351,-1.997,-286.195,283.938,-118.510,Shake
1.998,0.732,-1.997,263.226,-216.492,-22.050,Shake
-0.849,1.676,-1.997,286.685,-36.452,162.557,Shake
-1.999,1.997,-0.878,286.685,-271.565,55.904,Shake
0.648,1.878,1.999,286.685,-246.339,-236.512,Shake
1.951,0.783,1.999,-208.451,173.591,31.622,Shake
0.924,0.941,1.999,-286.685,185.736,88.961,Shake
-0.526,1.585,0.525,-286.685,72.266,134.557,Shake
-0.273,1.997,-1.997,-286.685,286.685,10.465,Shake
1.998,1.752,-1.997,-269.780,286.125,-192.334,Shake
1.998,1.408,-1.997,226.992,7.201,55.265,Shake
1.998,1.477,-1.997,286.685,69.177,276.342,Shake
1.175,1.891,0.318,286.685,41.493,286.685,Shake
-1.999,1.997,1.999,152.775,133.122,286.685,Shake
-1.999,0.807,1.999,-282.756,209.326,286.685,Shake
-1.999,1.076,1.999,-286.685,99.365,274.418,Shake
-1.999,1.987,0.900,-286.685,-279.108,130.611,Shake
-1.999,1.997,-1.247,-286.685,-286.685,-112.700,Shake
-1.999,1.997,-0.470,-286.685,-190.977,-286.685,Shake
-1.999,1.997,-1.997,-284.681,-286.685,-286.685,Shake
-1.999,1.997,-1.997,-105.683,-244.466,-286.685,Shake
-0.594,1.997,-1.690,167.676,181.256,-286.685,Shake
0.590,1.983,-0.599,286.685,286.685,-286.685,Shake
0.059,1.239,0.473,286.685,286.685,-227.098,Shake
-0.353,0.795,1.014,286.685,286.685,92.382,Shake
-1.387,-0.936,1.999,152.259,286.685,231.367,Shake
0.020,-0.433,1.999,-273.927,286.685,253.523,Shake
0.308,1.333,0.830,-286.685,-29.400,286.685,Shake
-1.992,1.487,1.117,-286.685,-285.609,286.685,Shake
-1.999,0.862,1.318,-286.685,-286.685,204.514,Shake
-1.999,1.997,0.483,-286.685,-286.685,-206.570,Shake
-1.999,1.997,-1.444,-286.685,-286.685,-286.685,Shake
-1.999,1.787,-1.997,-286.685,-286.414,-286.685,Shake
0.233,1.315,-1.997,-286.685,193.620,-286.685,Shake
0.783,-0.280,-1.997,-69.020,255.229,-286.685,Shake
0.654,-0.073,-0.823,285.635,286.685,35.472,Shake
0.218,0.620,-1.074,285.652,286.685,282.205,Shake
-1.928,0.293,-1.646,146.064,286.685,286.685,Shake
-1.999,-0.168,-0.632,121.118,286.685,286.685,Shake
-1.996,-0.751,1.220,45.841,268.362,235.331,Shake
-0.506,-0.293,1.574,-104.449,-286.685,87.071,Shake
-1.265,0.853,1.526,-285.530,-286.685,281.164,Shake
-1.999,0.843,1.553,-286.685,-286.685,268.223,Shake
-1.999,0.826,1.473,-286.685,-286.685,-29.374,Shake
-1.999,1.771,0.258,-286.685,-286.685,-224.700,Shake
-1.999,1.817,-1.506,-286.685,-286.685,-286.685,Shake
-0.887,1.127,-1.121,-286.685,77.691,-286.685,Shake
0.105,-0.405,-1.997,-137.690,286.685,-286.221,Shake
0.320,0.339,-1.379,286.685,286.685,126.569,Shake
0.284,0.755,-0.764,286.685,286.685,276.115,Shake
-1.197,1.090,-1.036,286.685,286.685,286.685,Shake
-1.999,0.779,-0.144,232.383,286.685,286.685,Shake
-1.999,0.407,1.550,-5.591,275.406,286.685,Shake
-1.999,0.121,1.393,-179.235,-180.863,243.941,Shake
-1.999,0.502,0.661,-286.685,-286.685,-107.319,Shake
-1.999,1.283,0.628,-286.685,-286.685,-207.812,Shake
-1.999,1.472,0.141,-286.685,-286.685,-249.279,Shake
-1.999,1.839,-1.319,-286.685,-286.685,-286.685,Shake
-1.974,1.684,-1.567,-286.685,-152.731,-286.685,Shake
-0.899,0.592,-1.997,-286.353,51.879,-286.685,Shake
-0.087,-0.052,-1.997,126.787,279.116,-286.685,Shake
0.298,0.448,-0.777,286.685,286.685,22.304,Shake
-0.554,0.543,-0.455,286.685,286.685,234.902,Shake
-1.168,0.533,0.420,286.685,286.685,286.685,Shake
-1.113,0.063,1.999,200.961,286.685,286.685,Shake
-1.999,0.479,1.999,-243.477,286.405,286.685,Shake
-1.999,0.691,0.905,-286.685,-202.265,124.425,Shake
-1.999,0.602,0.582,-286.685,-286.685,-64.811,Shake
-1.999,1.382,0.558,-286.685,-286.685,-41.055,Shake
-1.999,1.751,0.100,-286.685,-286.685,-60.366,Shake
-1.999,1.872,-1.410,-286.685,-286.685,-275.538,Shake
-1.999,1.915,-1.890,-286.685,-271.460,-286.685,Shake
-0.674,1.059,-1.860,-286.676,270.375,-286.685,Shake
-0.743,0.277,-1.997,76.020,31.736,-286.685,Shake
-0.161,0.167,-0.774,153.842,168.420,-286.685,Shake
1.232,0.037,-0.542,233.712,286.685,-286.685,Shake
1.998,0.410,0.474,286.685,286.685,3.754,Shake
1.170,0.165,0.616,19.661,286.685,286.685,Shake
-1.155,0.310,0.042,-190.549,286.685,286.685,Shake
-1.999,-0.287,0.524,-253.829,286.685,286.685,Shake
-1.999,0.156,1.249,-278.399,-224.691,173.731,Shake
-1.999,0.700,1.054,-286.685,-286.685,100.371,Shake
-1.999,1.061,1.043,-286.685,-286.685,32.524,Shake
-1.999,1.261,0.270,-286.685,-286.685,-154.438,Shake
-1.999,1.997,-0.656,-286.685,-286.685,-286.685,Shake
-1.999,1.964,-1.260,-286.685,-286.685,-286.685,Shake
-1.353,0.820,-1.573,-286.685,26.049,-285.889,Shake
-1.502,0.009,-1.997,-220.474,-1.487,-189.175,Shake
-1.366,-0.052,-1.916,35.822,-34.641,-186.952,Shake
-0.510,-0.018,-1.631,184.179,226.546,-267.304,Shake
0.225,-0.012,-1.285,286.685,286.685,-179.095,Shake
0.367,1.160,-1.087,286.685,286.685,50.960,Shake
-1.696,1.997,0.190,286.685,286.685,286.685,Shake
-1.999,1.010,1.358,286.685,286.685,286.685,Shake
-1.999,-0.112,1.999,217.455,282.669,27.020,Shake
-1.243,0.410,1.961,-201.810,-286.685,-143.658,Shake
-1.999,0.669,1.652,-286.685,-286.685,64.164,Shake
-1.999,0.788,1.193,-286.685,-286.685,26.478,Shake
-1.999,1.237,0.261,-286.685,-286.685,-137.996,Shake
-1.999,1.720,-0.914,-286.685,-286.685,-157.045,Shake
-0.911,1.420,-1.231,-286.685,-201.758,-69.982,Shake
-1.429,0.939,-1.997,-286.685,69.475,-93.984,Shake
-1.576,0.418,-1.997,-141.732,-264.740,-47.495,Shake
-1.166,0.492,-1.997,219.712,44.748,-163.301,Shake
-0.137,1.202,-1.971,286.685,138.941,-183.531,Shake
0.309,1.651,-1.366,286.685,286.685,-42.717,Shake
0.191,1.997,-0.414,286.685,286.685,263.165,Shake
-1.813,1.997,1.380,286.685,286.685,286.685,Shake
-1.999,1.486,1.999,286.676,286.685,286.685,Shake
-1.999,1.162,1.999,-90.274,255.570,219.205,Shake
-1.999,1.158,1.980,-285.337,-281.181,48.974,Shake
-1.999,1.771,0.738,-286.685,-286.685,-72.616,Shake
-1.613,1.817,1.156,-286.685,-253.671,-99.461,Shake
-1.137,1.997,1.168,-286.685,-8.505,-174.720,Shake
-0.657,1.997,0.471,-286.685,71.872,-255.929,Shake
-1.210,1.997,-1.925,-286.685,-40.696,-286.685,Shake
-1.526,1.997,-1.997,-286.685,-105.595,-260.024,Shake
-0.601,1.934,-1.997,-244.221,76.650,-269.036,Shake
-0.618,1.232,-1.997,80.658,116.821,-234.938,Shake
-0.647,1.007,-1.997,286.685,67.935,-284.795,Shake
-0.059,1.510,-1.997,286.685,152.871,-286.685,Shake
1.804,1.997,-0.806,286.685,286.685,-90.501,Shake
-0.625,1.997,-0.877,286.685,286.685,286.685,Shake
-1.999,1.997,-1.997,286.685,286.685,286.685,Shake
-1.999,1.467,1.827,191.975,286.685,286.519,Shake
-1.999,1.997,0.489,-286.580,-286.685,-286.685,Shake
-1.671,1.814,-0.717,-286.685,-280.245,-194.574,Shake
-1.999,0.202,-1.695,-286.685,-37.214,-212.039,Shake
-1.999,1.833,-0.356,-286.685,-84.438,-286.685,Shake
-1.999,1.997,-1.711,-286.685,-207.366,-286.685,Shake
-1.006,1.997,-1.997,-280.219,72.896,-286.685,Shake
-0.399,1.371,-1.994,144.751,282.538,-286.685,Shake
-0.804,1.041,-0.530,273.892,286.685,-286.685,Shake
-0.269,1.317,0.183,286.685,286.685,-286.685,Shake
0.700,1.457,1.225,286.685,286.685,-216.151,Shake
1.415,-1.455,1.999,99.732,286.685,-46.419,Shake
1.927,0.197,1.999,-286.685,286.685,-0.858,Shake
1.998,0.869,0.958,-286.685,286.685,268.879,Shake
1.660,1.640,0.975,-286.685,286.685,286.685,Shake
0.644,1.997,0.634,-286.685,34.851,286.685,Shake
-0.734,1.997,0.164,-286.685,-277.620,286.685,Shake
-0.998,1.997,-0.780,-286.685,-39.384,286.685,Shake
-1.999,1.997,-1.131,-286.685,90.125,204.426,Shake
-1.999,1.997,-0.449,-286.685,-53.139,-27.685,Shake
-1.999,1.997,0.123,-286.685,-19.434,-253.304,Shake
-1.999,1.997,-0.279,-286.685,129.465,-286.685,Shake
-1.999,1.997,-0.927,-286.659,155.452,-286.685,Shake
-1.793,1.997,-1.279,-88.436,272.020,-286.685,Shake
-1.602,1.997,-1.135,205.809,286.685,-286.685,Shake
-1.501,1.997,-0.786,286.685,286.685,-286.685,Shake
-1.294,1.997,0.442,286.685,286.685,-286.685,Shake
-0.559,1.546,0.705,286.685,286.685,-286.685,Shake
0.962,1.789,1.401,286.685,286.685,-284.620,Shake
0.942,0.812,1.999,286.685,286.685,-261.415,Shake
1.998,-1.056,1.999,-111.991,281.453,-170.555,Shake
1.722,0.811,1.999,-286.685,92.033,107.179,Shake
-0.156,1.134,1.539,-286.685,63.306,198.406,Shake
-0.710,1.330,1.104,-286.685,-100.817,143.124,Shake
-0.924,1.997,0.562,-286.685,-239.251,125.116,Shake
-0.802,1.997,-1.056,-286.685,-53.891,157.719,Shake
0.655,1.876,-1.997,-286.685,224.490,247.721,Shake
-1.133,1.391,-1.997,-203.289,120.085,23.791,Shake
0.897,1.610,-1.997,-56.604,-150.238,-160.186,Shake
1.398,1.624,-1.997,144.410,-79.616,-4.865,Shake
-0.196,1.211,-1.997,280.989,48.449,72.433,Shake
-0.406,1.240,-1.909,286.685,-163.572,-31.255,Shake
-0.068,1.363,-1.550,286.685,-286.685,-29.654,Shake
-0.359,1.364,-0.385,286.685,-286.685,31.509,Shake
0.559,0.574,1.999,286.685,-286.685,-105.954,Shake
1.724,-0.192,1.473,286.685,-286.685,-121.389,Shake
0.744,-0.305,1.985,159.591,-129.229,-54.696,Shake
1.166,-0.165,1.999,33.197,177.266,-89.346,Shake
1.361,-0.265,1.999,-215.679,241.885,4.454,Shake
0.812,0.106,1.292,-286.685,202.659,157.001,Shake
0.101,0.400,0.765,-286.685,266.744,176.330,Shake
-0.126,0.674,0.278,-286.685,286.685,133.875,Shake
0.364,0.967,-1.054,-286.685,286.685,140.814,Shake
0.509,0.931,-1.899,-286.685,286.685,18.751,Shake
1.245,0.995,-1.997,-286.685,286.685,-66.124,Shake
1.830,0.530,-1.997,-192.115,282.660,-123.848,Shake
1.998,0.420,-1.997,158.428,-109.296,-71.243,Shake
1.998,0.525,-1.997,285.582,-107.774,103.644,Shake
1.489,0.610,-1.997,286.685,-94.316,271.906,Shake
0.175,0.950,-1.810,286.685,-262.334,285.355,Shake
-0.420,1.244,-1.117,286.685,-286.685,193.646,Shake
0.318,1.254,-0.126,286.685,-286.685,35.009,Shake
1.068,1.174,0.516,286.685,-286.685,-47.626,Shake
1.998,0.996,1.987,286.685,-286.685,-39.226,Shake
1.998,0.757,1.999,235.349,-267.741,49.385,Shake
1.998,0.994,1.999,-204.234,213.194,114.109,Shake
1.700,0.993,1.999,-286.685,286.685,190.190,Shake
0.695,1.055,1.364,-286.685,286.685,286.344,Shake
0.203,1.759,0.696,-286.685,283.194,286.685,Shake
-0.078,1.997,-0.565,-286.685,286.685,286.685,Shake
0.236,1.997,-1.997,-286.685,286.685,286.685,Shake
-0.230,1.700,-1.997,-286.685,286.685,223.169,Shake
-0.398,1.482,-1.997,-207.734,91.149,-25.506,Shake
1.554,1.261,-1.997,61.618,-189.919,-67.970,Shake
0.719,1.361,-1.997,251.414,32.979,30.993,Shake
-0.616,1.779,-1.997,286.685,63.096,-4.139,Shake
-0.847,1.997,-1.987,286.685,-131.635,-60.165,Shake
-1.033,1.997,-1.054,286.685,-165.471,-125.029,Shake
-0.511,1.997,-0.279,286.685,-286.492,-243.145,Shake
0.598,1.997,0.014,286.685,-286.685,-286.492,Shake
1.998,1.997,1.008,286.685,-286.685,-286.685,Shake
1.998,1.794,1.999,286.685,38.588,-249.077,Shake
1.998,1.456,1.999,-120.207,230.291,24.614,Shake
1.998,1.582,1.999,-286.685,124.679,196.394,Shake
1.649,1.724,1.672,-286.685,147.114,286.685,Shake
0.990,1.997,0.935,-286.685,246.732,286.685,Shake
0.607,1.997,-0.411,-286.685,286.685,286.685,Shake
-0.726,1.997,-1.953,-286.685,286.685,286.685,Shake
-1.342,1.997,-1.967,-286.685,286.685,286.685,Shake
-1.341,1.997,-1.126,-286.685,72.336,195.335,Shake
-1.999,1.997,-1.997,-286.685,-136.885,51.818,Shake
-1.999,1.997,-1.997,-286.685,-69.449,-265.318,Shake
-1.999,1.997,-1.997,-286.545,-222.434,-286.685,Shake
-1.922,1.997,-1.997,-114.161,-231.122,-286.685,Shake
-1.162,1.958,-1.576,163.835,-43.190,-286.685,Shake
-1.048,1.896,-0.857,286.685,142.231,-286.685,Shake
-0.990,1.997,-0.238,286.685,262.719,-286.685,Shake
-0.686,1.997,0.252,286.685,205.004,-286.685,Shake
0.344,1.827,0.692,286.685,220.386,-286.685,Shake
-0.490,1.444,1.210,286.685,286.685,-286.685,Shake
-1.585,1.009,1.999,286.685,286.685,-286.685,Shake
-0.597,0.677,1.999,241.369,286.685,-286.685,Shake
1.858,0.355,1.999,-249.086,286.685,-286.685,Shake
1.177,0.362,1.999,-286.685,286.685,-53.638,Shake
0.298,1.397,1.267,-286.685,286.685,128.966,Shake
0.139,1.997,0.874,-286.685,284.323,169.146,Shake
-0.953,1.997,-0.956,-286.685,72.363,118.309,Shake
-1.657,1.997,-1.288,-286.685,-272.878,13.825,Shake
-1.692,1.997,-1.249,-286.685,-187.679,-95.856,Shake
-1.673,1.997,-1.438,-286.685,-118.939,-233.958,Shake
-1.968,1.997,-1.997,-286.685,-171.439,-286.633,Shake
-1.999,1.997,-1.997,-286.685,-151.637,-286.685,Shake
-1.541,1.955,-1.997,-24.780,-122.351,-286.685,Shake
-0.616,1.811,-1.660,281.391,-79.397,-286.685,Shake
-0.756,1.565,-1.120,286.685,69.475,-286.685,Shake
-0.993,1.627,-0.881,286.685,132.510,-286.685,Shake
-0.706,1.997,-0.557,286.685,210.761,-286.685,Shake
-0.882,1.997,0.486,286.685,286.685,-286.676,Shake
-1.558,1.997,1.124,286.685,286.685,-209.659,Shake
-1.999,1.742,1.999,286.685,286.685,-190.102,Shake
-1.495,0.859,1.999,286.457,286.685,-246.689,Shake
-0.395,0.436,1.999,-173.031,283.001,-164.754,Shake
-0.555,1.193,1.973,-286.685,264.749,10.377,Shake
-1.121,1.940,0.901,-286.685,69.475,4.384,Shake
-1.893,1.997,0.091,-286.685,-112.166,-85.671,Shake
-1.806,1.997,-0.994,-286.685,-286.650,-148.986,Shake
-1.999,1.997,-1.347,-286.685,-286.685,-119.245,Shake
-1.999,1.997,-1.997,-286.685,-286.685,-213.299,Shake
-1.938,1.997,-1.997,-286.685,-82.040,-286.685,Shake
-1.292,1.710,-1.997,-286.685,-61.478,-269.106,Shake
-1.684,0.952,-1.997,-54.862,-137.804,-181.527,Shake
-1.143,1.055,-1.997,271.950,154.901,-199.833,Shake
-0.989,1.319,-1.530,286.685,71.811,-193.296,Shake
-0.856,1.993,-0.868,286.685,245.717,-194.810,Shake
-1.184,1.997,-0.228,286.685,286.685,-100.179,Shake
-1.999,1.997,0.622,286.685,286.685,-32.743,Shake
-1.999,1.989,1.721,286.685,286.685,-34.090,Shake
-1.992,1.036,1.999,286.685,233.905,-217.744,Shake
-1.224,0.561,1.999,-64.662,286.685,-206.850,Shake
-0.975,0.465,1.999,-281.890,286.685,-128.292,Shake
-0.646,1.188,1.823,-286.685,232.190,-65.485,Shake
-0.841,1.997,0.514,-286.685,104.107,-67.060,Shake
-0.794,1.997,-0.814,-286.685,-99.199,-113.216,Shake
-1.793,1.997,-1.288,-286.685,-267.540,-123.480,Shake
-1.999,1.997,-1.577,-286.685,-252.962,-237.361,Shake
-1.999,1.997,-1.666,-286.685,-133.306,-286.685,Shake
-1.938,1.997,-1.992,-286.685,-141.995,-286.685,Shake
-1.427,1.997,-1.997,-286.283,-120.199,-286.685,Shake
-0.943,1.189,-1.997,17.369,-20.055,-286.685,Shake
-0.822,0.977,-1.997,276.229,59.141,-286.685,Shake
-1.072,1.835,-1.436,286.685,247.039,-228.471,Shake
-1.869,1.997,-0.512,286.685,286.685,-202.484,Shake
-1.999,1.997,0.341,286.685,286.685,-225.304,Shake
-1.973,1.997,0.951,286.685,286.685,-222.714,Shake
-1.556,1.868,1.999,286.685,55.886,-265.676,Shake
-0.015,1.350,1.999,257.101,-70.018,-278.749,Shake
-0.277,1.441,1.999,-256.235,162.111,-147.604,Shake
-0.644,1.486,1.999,-286.685,131.268,-92.715,Shake
-0.491,1.548,1.749,-286.685,-20.737,-62.965,Shake
-0.524,1.962,0.889,-286.685,-80.684,14.516,Shake
-0.936,1.997,0.187,-286.685,-87.876,57.164,Shake
-1.409,1.997,-0.037,-286.685,-92.960,61.679,Shake
-1.936,1.997,-1.997,-286.685,-258.606,16.126,Shake
-1.999,1.997,-1.997,-286.685,-67.296,-140.455,Shake
-1.639,1.997,-1.997,-248.902,-201.495,-286.685,Shake
-1.271,1.997,-1.997,-10.080,-153.895,-286.685,Shake
-1.304,1.755,-1.997,204.383,23.555,-286.685,Shake
-1.238,1.777,-1.638,286.685,75.714,-286.685,Shake
-1.230,1.997,-0.566,286.685,104.055,-286.685,Shake
-1.062,1.997,-0.080,286.685,132.414,-286.685,Shake
-0.120,1.997,0.623,286.685,90.965,-286.685,Shake
0.336,1.997,1.168,286.685,228.952,-286.685,Shake
-0.785,1.997,1.999,286.685,286.685,-175.394,Shake
-1.907,1.118,1.999,272.869,285.889,-264.478,Shake
0.362,1.409,1.999,-286.685,259.376,-282.660,Shake
1.376,1.290,1.999,-286.685,286.685,-104.291,Shake
0.802,1.382,0.942,-286.685,286.685,112.604,Shake
0.721,1.997,0.105,-286.685,286.685,226.389,Shake
-1.859,1.997,-0.311,-286.685,132.309,186.393,Shake
-1.999,1.957,-1.410,-286.685,-286.685,-211.374,Shake
-1.898,1.997,-1.652,-286.685,-286.685,-286.685,Shake
-1.999,1.997,-1.813,-286.685,-286.099,-242.874,Shake
-1.999,1.753,-1.997,-286.685,121.012,-286.685,Shake
-1.305,1.808,-1.092,-191.398,286.029,-286.685,Shake
-0.814,0.548,-1.997,-102.410,-1.514,-286.685,Shake
-0.880,0.366,-1.482,235.708,92.173,-286.685,Shake
-0.831,0.724,-0.240,286.685,286.685,-286.685,Shake
-0.781,0.790,0.414,286.685,286.685,-286.685,Shake
-0.776,0.796,0.812,286.685,286.685,-279.869,Shake
-0.597,0.728,0.771,286.685,286.685,-243.119,Shake
-1.180,0.968,1.993,286.685,286.685,-215.906,Shake
-1.499,-0.039,1.999,277.427,286.685,-286.598,Shake
1.037,0.676,1.999,-281.006,249.646,-286.685,Shake
0.964,0.731,1.999,-286.685,286.685,-272.046,Shake
0.283,0.538,1.432,-286.685,209.414,-123.988,Shake
-0.188,1.316,0.905,-286.685,-148.041,-10.167,Shake
-0.787,1.997,0.447,-286.685,-286.685,98.201,Shake
-1.764,1.997,-0.647,-286.685,-285.582,100.406,Shake
-1.885,1.994,-1.997,-286.685,-236.521,-147.814,Shake
-1.999,1.997,-1.997,-286.685,-286.685,-269.439,Shake
-1.999,1.997,-1.997,-286.685,-257.932,-286.685,Shake
-1.999,1.997,-1.997,-145.040,-227.167,-286.685,Shake
-1.999,1.965,-1.997,50.426,-179.384,-286.685,Shake
-1.295,1.997,-1.195,123.725,-134.934,-286.685,Shake
-0.423,1.878,-0.480,130.235,-79.397,-286.685,Shake
0.239,1.349,-0.535,122.955,31.483,-286.685,Shake
0.513,0.728,-0.411,198.774,177.056,-286.685,Shake
0.322,0.572,0.160,251.475,242.331,-286.685,Shake
0.811,0.553,0.230,263.979,174.256,-286.685,Shake
1.998,0.891,0.074,286.685,110.005,-286.685,Shake
1.998,0.605,1.902,280.901,286.685,-143.211,Shake
1.998,0.539,1.999,92.286,286.685,86.319,Shake
1.190,0.555,1.956,-234.027,286.685,277.515,Shake
-0.485,0.346,1.338,-286.685,286.685,266.805,Shake
-1.139,0.367,0.706,-286.685,286.685,12.320,Shake
-0.317,0.712,0.651,-286.685,253.452,-70.385,Shake
-0.426,1.205,-0.298,-286.685,225.190,-26.460,Shake
-1.474,1.592,-1.190,-286.685,122.999,-122.150,Shake
-0.860,1.414,-1.997,-286.685,-130.462,-269.133,Shake
-0.876,0.751,-1.997,-146.440,-286.685,-252.280,Shake
-0.557,0.636,-1.997,111.720,-286.685,-282.240,Shake
-0.309,0.525,-1.997,256.961,-177.765,-285.390,Shake
-0.148,0.487,-1.997,286.685,66.281,-276.378,Shake
0.270,0.567,-0.889,286.685,275.503,-165.016,Shake
0.135,0.469,-0.112,286.685,286.685,-17.019,Shake
-0.025,0.062,0.338,244.003,286.685,88.576,Shake
-0.324,-0.434,0.932,6.983,286.685,238.604,Shake
-0.821,-0.774,0.792,-275.774,286.685,263.288,Shake
-0.819,-0.148,1.005,-286.685,149.669,197.846,Shake
-0.895,1.502,0.890,-286.685,-188.589,260.304,Shake
-1.932,1.997,0.010,-286.685,-286.685,286.685,Shake
-1.999,1.240,-1.010,-286.685,-205.678,216.361,Shake
-1.999,1.947,-0.885,-286.685,-21.507,-278.539,Shake
-1.997,1.997,-0.960,-286.685,-286.685,-286.685,Shake
-1.686,1.997,-1.285,-286.685,-286.685,-286.685,Shake
-1.999,1.997,-1.997,-286.685,-285.723,-286.685,Shake
-1.577,1.142,-1.997,-271.101,-144.515,-286.685,Shake
-0.577,0.701,-1.277,24.474,140.245,-286.685,Shake
-0.771,0.331,-0.642,265.370,167.475,-286.685,Shake
-0.540,0.270,-0.272,286.685,285.066,-286.685,Shake
0.087,0.410,0.097,286.685,286.685,-286.685,Shake
-0.146,0.470,0.539,286.685,286.685,-105.613,Shake
-1.727,0.083,0.152,230.615,286.685,158.541,Shake
-1.999,-0.742,0.840,109.384,286.685,100.082,Shake
-1.999,-1.310,1.714,98.044,286.685,12.373,Shake
-1.071,-0.668,1.872,-109.594,49.796,-134.059,Shake
-0.701,-0.126,1.010,-285.775,-124.565,-42.210,Shake
-1.111,0.233,0.402,-286.685,-270.112,20.737,Shake
-1.163,0.489,0.035,-286.685,-286.685,24.080,Shake
-1.511,0.804,-0.776,-286.685,-259.823,3.080,Shake
-1.805,0.855,-1.154,-286.685,-129.185,-134.435,Shake
-0.855,1.487,-1.504,-286.685,-77.280,-249.436,Shake
-1.209,0.492,-1.997,-260.286,-286.685,-132.527,Shake
-1.428,0.245,-1.997,-95.839,-226.520,-134.383,Shake
-0.768,0.514,-1.997,183.251,-13.221,-215.819,Shake
-0.432,0.642,-1.972,286.685,100.433,-203.604,Shake
-0.194,0.698,-1.308,286.685,195.790,-135.914,Shake
-0.572,0.593,-0.663,286.685,186.576,-34.020,Shake
-0.641,0.812,-0.345,286.685,25.778,21.009,Shake
-0.022,1.671,1.049,286.685,-131.355,110.486,Shake
-1.699,-0.574,1.999,282.599,-81.086,67.007,Shake
-0.228,0.555,1.999,-257.381,-200.594,50.356,Shake
-0.232,0.834,1.742,-286.685,20.134,100.257,Shake
-0.784,0.496,0.768,-286.685,204.041,-10.045,Shake
-0.522,0.805,0.185,-286.685,171.631,-63.324,Shake
-0.230,1.459,-1.242,-286.685,286.685,-156.424,Shake
0.984,1.330,-1.997,-286.685,286.685,-285.539,Shake
1.371,-0.137,-1.997,-281.855,286.685,-286.685,Shake
1.998,0.366,-1.997,187.145,-213.054,-89.268,Shake
1.924,0.097,-1.648,276.754,-137.139,108.141,Shake
0.922,-0.022,-1.763,230.230,91.473,203.525,Shake
0.376,0.108,-1.921,284.821,-75.688,280.840,Shake
-0.745,0.704,-1.441,286.685,-286.685,286.685,Shake
-0.420,1.246,-0.212,286.685,-286.685,153.090,Shake
1.537,1.436,1.358,286.685,-286.685,26.250,Shake
1.998,1.085,1.999,286.685,-286.685,38.062,Shake
1.998,1.101,1.999,285.932,-286.685,151.848,Shake
1.375,1.124,1.999,-50.155,84.989,127.312,Shake
0.862,0.833,1.999,-285.600,286.685,109.830,Shake
0.386,0.632,1.973,-286.685,286.685,125.493,Shake
-0.182,0.761,0.695,-286.685,286.685,102.848,Shake
-0.247,1.328,-0.807,-286.685,286.685,-80.789,Shake
1.453,1.437,-1.117,-286.685,286.685,-286.685,Shake
1.816,1.149,-1.587,-286.685,282.642,-286.685,Shake
1.998,0.269,-1.997,-9.345,-251.099,-231.367,Shake
1.434,0.796,-1.866,252.586,-70.473,118.449,Shake
1.486,0.344,-1.659,146.904,229.084,67.384,Shake
1.449,0.240,-1.870,211.881,153.571,211.575,Shake
0.638,0.498,-1.923,286.624,-37.678,286.151,Shake
-0.667,1.088,-1.329,286.685,-286.011,286.685,Shake
-0.154,1.964,-0.540,286.685,-286.685,147.087,Shake
1.964,1.997,1.691,286.685,-286.685,-46.760,Shake
1.998,1.861,1.999,286.685,-286.685,-58.756,Shake
1.822,1.018,1.999,175.814,-152.644,142.310,Shake
0.728,1.259,1.999,-284.533,279.545,85.041,Shake
0.560,0.822,1.921,-286.685,286.685,25.646,Shake
0.368,0.600,1.285,-286.685,268.231,46.568,Shake
-0.019,0.865,0.515,-286.685,168.315,111.353,Shake
-0.512,1.570,-0.457,-286.685,286.685,28.665,Shake
0.144,1.997,-1.032,-286.685,286.685,-220.281,Shake
1.956,1.891,-1.997,-286.685,286.685,-286.685,Shake
1.998,0.939,-1.997,-72.607,-71.794,-238.184,Shake
1.998,1.186,-1.393,277.323,-245.394,32.042,Shake
1.998,0.616,-1.446,61.722,247.266,199.133,Shake
1.841,0.533,-1.632,52.342,246.452,284.821,Shake
1.234,0.702,-0.781,170.091,-53.655,286.685,Shake
1.150,0.867,1.066,178.727,-285.486,286.685,Shake
1.395,1.958,1.999,-54.014,-97.790,286.685,Shake
-1.730,1.997,0.715,-284.436,273.901,286.685,Shake
-1.999,1.997,-0.376,-286.685,286.685,286.685,Shake
-1.999,1.997,-0.252,-286.685,175.656,94.614,Shake
-1.937,1.997,0.373,-286.685,-20.335,-53.069,Shake
-1.475,1.997,0.198,-286.685,93.240,-171.159,Shake
-1.707,1.997,-0.081,-286.685,93.791,-286.685,Shake
-1.874,1.997,-0.914,-286.685,5.898,-286.685,Shake
-1.445,1.997,-1.582,-286.685,-100.467,-286.685,Shake
-1.277,1.997,-1.980,-286.685,-83.764,-286.685,Shake
-1.246,1.997,-1.997,-126.595,138.180,-286.685,Shake
-1.372,1.969,-1.733,254.818,286.685,-286.685,Shake
-1.232,1.997,-0.026,286.685,286.685,-286.685,Shake
-0.177,1.597,0.602,286.685,286.685,-286.685,Shake
0.466,1.235,0.442,286.685,286.685,-253.348,Shake
-1.291,0.594,1.323,286.685,286.685,-38.894,Shake
-1.999,-1.185,1.999,-49.166,286.685,14.560,Shake
-0.337,-0.412,1.954,-244.099,286.685,-107.301,Shake
0.464,0.133,1.477,-286.685,286.685,45.220,Shake
0.285,1.254,0.335,-286.685,184.327,156.371,Shake
-0.728,1.997,-0.061,-286.685,-186.296,286.606,Shake
-1.803,1.873,-1.085,-286.685,18.042,247.564,Shake
-1.999,1.936,-1.487,-286.685,216.318,-115.789,Shake
-1.999,1.940,-1.713,-286.685,-109.104,-286.003,Shake
-1.816,1.997,-1.135,-286.685,-254.923,-286.685,Shake
-1.250,1.997,-1.618,-286.685,-223.230,-286.685,Shake
-0.950,1.997,-1.997,-282.896,-69.974,-286.685,Shake
-0.868,1.781,-1.997,-37.039,79.100,-286.685,Shake
-0.765,1.664,-1.997,209.379,141.960,-286.685,Shake
-0.829,1.677,-1.605,286.685,242.568,-286.685,Shake
-0.747,1.651,-0.693,286.685,286.685,-265.396,Shake
-1.024,1.334,0.059,286.685,286.685,-142.511,Shake
-1.407,0.978,0.245,286.685,286.685,-67.865,Shake
-1.418,0.928,0.442,286.685,286.685,-24.448,Shake
-1.117,0.592,1.939,286.685,103.058,-61.303,Shake
-0.440,-0.335,1.999,242.891,-81.567,-125.423,Shake
0.111,0.059,1.999,-265.589,54.574,26.731,Shake
-0.536,0.266,1.891,-286.685,149.607,53.340,Shake
-0.960,0.247,1.019,-286.685,-43.444,-11.366,Shake
-1.162,0.645,0.563,-286.685,-250.705,-22.138,Shake
-1.994,1.514,-0.036,-286.685,-156.809,-92.890,Shake
-0.753,1.997,-1.666,-286.685,255.369,-193.462,Shake
1.901,1.392,-1.997,-286.685,286.685,-48.589,Shake
-0.536,0.811,-1.997,-249.104,235.217,-163.048,Shake
1.998,1.487,-1.997,223.633,-285.871,-231.788,Shake
1.996,0.860,-1.997,148.803,179.226,0.245,Shake
1.528,0.611,-1.995,135.678,257.504,116.384,Shake
0.928,0.643,-1.632,202.738,148.339,177.695,Shake
0.099,0.596,-1.197,283.544,82.967,227.246,Shake
-0.440,0.385,-0.956,286.685,44.678,176.199,Shake
-0.475,0.262,-0.931,286.685,-66.544,133.621,Shake
-0.083,0.244,-0.970,286.685,-284.358,82.058,Shake
0.594,0.745,-0.420,286.685,-286.685,29.374,Shake
1.997,1.491,0.805,286.685,-286.685,29.138,Shake
1.998,1.768,1.709,286.685,-286.685,96.827,Shake
1.998,1.759,1.999,286.685,-286.685,214.393,Shake
1.445,1.263,1.999,215.924,-206.570,192.622,Shake
1.548,1.098,1.999,-203.402,261.293,177.065,Shake
1.477,0.981,1.873,-286.685,286.685,233.844,Shake
0.341,1.203,1.889,-286.685,286.685,286.615,Shake
-0.215,1.920,0.661,-286.685,286.685,223.545,Shake
0.321,1.997,-0.353,-286.685,286.685,21.866,Shake
1.996,1.997,-1.886,-286.685,286.685,-189.473,Shake
1.998,1.286,-1.997,-286.685,274.461,-286.589,Shake
1.998,1.997,-1.997,284.086,-286.685,-76.081,Shake
1.998,1.328,-1.290,210.053,34.151,-36.304,Shake
1.862,0.746,-1.728,21.131,286.685,98.997,Shake
1.262,0.478,-1.997,145.066,33.924,236.215,Shake
-0.429,0.966,-1.997,286.685,-272.589,286.606,Shake
-0.788,1.459,-1.907,286.685,-286.685,132.326,Shake
0.200,1.940,-0.978,286.685,-286.685,-15.995,Shake
1.418,1.997,0.345,286.685,-286.685,-46.436,Shake
1.951,1.997,1.436,286.685,-286.685,4.812,Shake
1.998,1.997,1.999,286.685,-286.685,35.770,Shake
1.998,1.846,1.999,286.160,-285.591,95.025,Shake
1.998,1.745,1.999,-216.134,219.503,150.421,Shake
1.998,1.660,1.551,-286.685,286.685,219.660,Shake
1.294,1.655,1.453,-286.685,286.685,286.685,Shake
0.699,1.997,0.920,-286.685,286.685,286.685,Shake
0.372,1.997,-0.490,-286.685,286.685,286.685,Shake
1.998,1.997,-1.997,-286.685,286.685,270.279,Shake
1.922,1.859,-1.997,-286.685,286.685,238.315,Shake
-1.747,1.378,-1.997,-151.182,-137.410,-45.544,Shake
1.998,1.532,-1.997,181.143,-286.685,-247.538,Shake
1.781,1.174,-1.997,286.571,205.083,53.515,Shake
-0.029,0.873,-1.654,159.565,286.685,220.211,Shake
-0.726,0.761,-1.997,203.945,237.624,222.084,Shake
-1.508,0.960,-1.997,286.685,-252.621,131.066,Shake
-1.491,1.678,-1.937,286.685,-286.685,-122.027,Shake
0.644,1.997,-0.929,286.685,-286.685,-286.685,Shake
1.998,1.997,0.464,286.685,-286.685,-286.685,Shake
1.998,1.997,1.899,286.685,-286.685,-263.130,Shake
1.998,1.738,1.999,286.685,-243.591,-27.913,Shake
1.998,1.720,1.999,-87.342,-53.077,173.705,Shake
1.707,1.646,1.999,-286.685,280.263,255.500,Shake
0.652,1.456,1.692,-286.685,286.685,285.556,Shake
-0.379,1.408,0.971,-286.685,286.685,264.276,Shake
-0.892,1.935,0.027,-286.685,286.685,172.734,Shake
-0.514,1.997,-0.692,-286.685,286.685,19.250,Shake
1.879,1.997,-1.932,-286.685,286.685,-285.626,Shake
1.998,0.719,-1.997,-271.582,220.587,-286.685,Shake
1.998,1.903,-1.810,286.685,-286.685,9.879,Shake
1.998,0.610,-1.004,160.921,158.454,43.295,Shake
1.743,0.276,-1.503,6.904,286.685,104.851,Shake
1.066,0.204,-1.997,85.601,179.357,247.485,Shake
-0.430,0.549,-1.997,286.685,-177.896,286.685,Shake
-0.784,1.082,-1.707,286.685,-286.685,144.253,Shake
0.350,1.683,-0.946,286.685,-286.685,7.892,Shake
1.913,1.997,0.360,286.685,-286.685,-81.891,Shake
1.998,1.997,1.752,286.685,-286.685,-38.062,Shake
1.998,1.565,1.999,286.685,-286.466,62.781,Shake
1.998,1.269,1.999,179.629,-93.520,129.360,Shake
1.654,1.342,1.882,-275.030,278.425,153.676,Shake
1.183,1.035,1.395,-286.685,286.685,231.822,Shake
0.640,0.772,1.132,-286.685,285.600,286.685,Shake
-0.316,1.029,0.730,-286.685,226.249,286.685,Shake
-0.591,1.978,-0.164,-286.685,282.573,286.685,Shake
0.118,1.997,-1.996,-286.685,286.685,87.902,Shake
1.087,1.200,-1.997,-286.685,286.685,-274.557,Shake
1.945,0.938,-1.997,-279.536,247.021,-286.685,Shake
1.998,1.449,-1.997,266.612,-286.685,-107.887,Shake
1.998,0.968,-1.635,126.446,119.927,2.966,Shake
1.825,0.526,-1.933,39.769,286.685,110.775,Shake
1.539,0.575,-1.359,184.861,175.875,257.329,Shake
0.935,0.695,-0.820,254.380,81.445,286.685,Shake
0.543,0.681,-0.135,239.190,51.818,286.685,Shake
0.026,0.131,0.417,126.341,83.746,286.685,Shake
-0.021,0.342,1.061,84.823,3.316,286.685,Shake
-1.024,1.151,1.698,-178.666,-21.324,286.685,Shake
-1.999,1.690,0.923,-286.685,66.990,286.685,Shake
-1.999,1.517,-0.211,-286.685,178.456,286.685,Shake
-1.866,1.231,-0.361,-286.685,43.304,182.717,Shake
-1.793,1.577,0.080,-286.685,12.399,64.312,Shake
-1.999,1.997,-0.173,-286.685,-138.994,-174.151,Shake
-1.999,1.997,-1.125,-286.685,-286.685,-286.685,Shake
-1.999,1.997,-1.963,-286.685,-286.685,-286.685,Shake
-1.999,1.997,-1.997,-286.685,-286.685,-286.685,Shake
-1.999,1.997,-1.409,-286.685,-82.206,-286.685,Shake
-1.743,1.220,-1.377,-244.125,-0.114,-286.685,Shake
-1.068,1.024,-0.146,-41.729,138.469,-286.685,Shake
-0.984,0.819,0.456,-9.231,195.947,-286.685,Shake
-0.969,0.652,0.539,-5.976,106.802,-286.685,Shake
-0.551,0.511,0.473,-31.535,79.310,-286.685,Shake
-0.182,0.135,0.086,-61.941,-17.894,-286.685,Shake
0.376,-0.034,-0.460,-60.533,-130.077,-286.685,Shake
0.878,-0.499,-1.130,22.785,-141.908,-286.318,Shake
1.795,-0.917,-1.445,155.820,69.738,-201.232,Shake
1.595,-0.504,-0.833,286.685,286.685,70.402,Shake
-0.120,1.065,-1.078,286.685,286.685,286.685,Shake
-1.999,1.382,-1.997,286.685,286.685,286.685,Shake
-1.999,0.707,-1.730,286.685,286.685,282.616,Shake
-1.999,0.438,1.999,286.274,281.374,-150.202,Shake
-0.667,0.032,1.841,2.467,-286.685,-245.997,Shake
-0.946,0.377,1.680,-262.850,-286.685,2.056,Shake
-1.895,1.291,1.999,-286.685,-204.260,-7.577,Shake
-1.575,1.997,1.085,-286.685,137.874,-151.060,Shake
-0.612,1.997,-1.722,-286.685,253.391,-284.392,Shake
1.874,1.754,-1.997,-281.199,286.685,-255.745,Shake
1.857,1.997,-1.997,50.943,-137.130,-284.576,Shake
1.998,1.968,-1.997,286.685,28.061,-65.555,Shake
-0.633,1.997,-1.997,286.685,150.404,228.235,Shake
-1.871,1.997,-1.939,286.685,-284.716,113.146,Shake
1.997,1.997,1.746,286.685,-286.685,-179.165,Shake
1.998,1.997,1.999,63.280,-82.810,140.438,Shake
0.717,1.997,1.999,-286.685,286.685,-23.555,Shake
-1.353,1.997,0.834,-286.685,-15.172,112.717,Shake
-1.999,1.997,-1.515,-286.685,188.195,51.476,Shake
1.998,1.997,-1.997,-286.685,286.685,-286.685,Shake
1.998,1.997,-1.997,18.147,-92.059,-204.137,Shake
1.998,1.997,-1.466,286.685,-253.584,286.685,Shake
0.463,1.997,-1.997,286.685,-79.118,286.685,Shake
-1.999,1.997,-1.997,286.685,-285.259,286.685,Shake
1.998,1.997,1.999,286.685,-286.685,-0.376,Shake
0.220,1.997,1.999,-109.436,61.679,231.490,Shake
0.728,1.997,1.999,-286.685,286.685,-190.514,Shake
0.212,1.997,1.259,-286.685,251.300,-77.796,Shake
-0.911,1.997,-1.913,-286.685,283.815,-120.925,Shake
1.998,1.997,-1.997,-286.685,286.685,-286.685,Shake
1.998,1.986,-1.997,225.234,-286.598,-18.830,Shake
1.998,1.997,-1.997,286.685,-157.273,283.797,Shake
-0.093,1.993,-1.997,286.414,-130.708,286.685,Shake
-1.999,1.997,-1.996,286.685,-286.685,286.685,Shake
0.721,1.997,1.931,286.685,-286.685,79.887,Shake
1.998,1.997,1.999,286.685,-286.405,16.712,Shake
1.998,1.997,1.999,-263.323,243.276,206.027,Shake
1.130,1.997,1.999,-286.685,286.685,33.976,Shake
0.256,1.997,-0.158,-286.685,286.685,-2.984,Shake
0.555,1.997,-1.620,-286.685,286.685,-151.314,Shake
1.998,1.997,-1.997,-286.685,286.685,-286.685,Shake
1.998,1.990,-1.997,259.131,-264.609,-98.875,Shake
1.998,1.671,-1.997,286.685,-247.844,286.624,Shake
0.747,1.711,-1.997,286.685,-286.685,286.685,Shake
-1.999,1.997,-1.397,286.685,-286.685,286.685,Shake
1.418,1.997,1.999,286.685,-286.685,-200.506,Shake
1.998,1.984,1.999,-119.866,62.160,40.215,Shake
0.891,1.997,1.999,-286.685,286.685,-41.904,Shake
0.133,1.997,1.090,-286.685,286.685,-46.541,Shake
0.029,1.997,-1.333,-286.685,286.685,-93.450,Shake
1.998,1.997,-1.997,-286.685,286.685,-286.685,Shake
1.998,1.997,-1.997,173.311,-235.016,-103.136,Shake
1.998,1.997,-1.612,286.685,-278.740,284.471,Shake
0.388,1.655,-1.997,280.586,-97.370,286.685,Shake
-1.999,1.793,-1.997,286.685,-286.545,286.685,Shake
0.367,1.997,1.232,286.685,-286.685,123.743,Shake
1.998,1.997,1.999,286.685,-286.685,-51.879,Shake
1.998,1.997,1.999,175.044,-279.186,278.486,Shake
1.784,1.997,1.999,-286.685,286.685,196.516,Shake
-0.607,1.814,0.888,-286.685,286.685,193.821,Shake
-1.294,1.997,-0.951,-286.685,286.685,104.317,Shake
1.998,1.997,-1.314,-286.685,286.685,-281.724,Shake
1.998,1.893,-1.997,-275.931,183.400,-280.420,Shake
1.998,1.997,-1.997,286.685,-286.685,286.283,Shake
1.197,1.356,-1.992,278.635,101.465,286.685,Shake
-0.582,1.108,-1.997,286.685,38.010,286.685,Shake
-1.999,1.568,-1.590,286.685,-286.685,286.422,Shake
1.266,1.997,1.976,286.685,-286.685,22.286,Shake
1.998,1.400,1.999,275.170,-279.073,110.049,Shake
-0.210,1.710,1.999,-250.819,223.169,196.586,Shake
0.111,1.622,1.863,-286.685,286.685,-75.162,Shake
-0.885,1.925,-0.301,-286.685,259.009,-63.665,Shake
1.301,1.997,-1.997,-286.685,286.685,-237.466,Shake
1.998,1.705,-1.997,-253.269,209.212,-270.891,Shake
1.998,1.343,-1.997,263.156,-285.679,33.565,Shake
1.965,0.961,-1.997,286.685,-94.176,260.418,Shake
-1.164,1.097,-1.997,286.685,-104.781,286.685,Shake
-1.863,1.921,-1.506,286.685,-286.685,170.231,Shake
0.607,1.997,0.277,286.685,-286.685,-50.627,Shake
1.998,1.997,1.999,286.685,-286.685,-38.264,Shake
1.998,1.997,1.999,85.382,-206.430,209.947,Shake
1.522,1.997,1.999,-286.685,286.685,198.371,Shake
0.315,1.927,1.334,-286.685,286.685,194.556,Shake
-1.699,1.995,-0.523,-286.685,286.685,151.454,Shake
1.240,1.997,-1.997,-286.685,286.685,-168.280,Shake
1.998,1.710,-1.997,-286.606,286.685,-286.685,Shake
1.998,1.463,-1.997,272.116,-285.740,177.678,Shake
1.985,1.575,-1.993,211.680,-5.661,286.685,Shake
-1.111,1.209,-1.997,206.938,138.696,286.685,Shake
-1.717,1.054,-1.997,286.685,-217.770,286.685,Shake
-0.413,1.997,-0.108,286.685,-286.685,223.090,Shake
1.998,1.997,1.999,286.685,-286.685,60.419,Shake
1.998,1.997,1.999,273.936,-263.314,97.073,Shake
0.371,1.997,1.999,-286.685,285.932,77.052,Shake
-0.902,0.234,1.104,5.198,-3.115,-286.685,Yaw
-0.030,0.918,0.966,6.685,-7.840,-286.685,Yaw
-0.353,1.030,1.166,7.105,-30.940,-286.685,Yaw
0.955,0.392,0.509,-46.147,-11.637,-286.685,Yaw
1.863,-1.042,0.993,15.820,17.001,-93.223,Yaw
1.920,-0.142,1.186,8.050,-13.011,270.655,Yaw
1.387,0.675,1.077,-15.531,-8.969,286.685,Yaw
1.063,1.047,0.877,5.574,-16.546,286.685,Yaw
-1.210,0.854,0.828,-37.406,-46.935,286.685,Yaw
-1.818,0.734,1.123,35.787,21.464,279.283,Yaw
-0.604,0.456,1.165,23.984,13.589,106.969,Yaw
-0.821,0.248,0.990,-2.170,6.834,-107.485,Yaw
-0.691,0.500,1.103,48.834,15.523,-286.685,Yaw
0.105,0.490,1.187,7.595,-3.185,-286.685,Yaw
0.357,0.353,0.893,-42.420,-15.986,-286.685,Yaw
1.484,0.544,0.210,-48.230,3.080,-286.685,Yaw
1.579,-0.782,1.741,36.724,-31.763,-84.534,Yaw
1.729,0.082,1.211,-0.980,-12.267,286.685,Yaw
0.896,0.487,0.915,-0.262,-8.409,286.685,Yaw
-1.220,0.314,1.582,-10.456,-3.246,286.685,Yaw
-0.581,0.845,0.392,29.837,1.479,286.685,Yaw
-1.363,0.641,1.286,-2.949,1.768,212.538,Yaw
-0.631,0.218,0.880,-23.240,-10.334,-24.972,Yaw
-1.379,0.334,0.857,52.159,27.913,-282.914,Yaw
-0.164,0.595,1.279,50.068,13.029,-286.685,Yaw
0.178,0.732,1.143,-33.661,-14.026,-286.685,Yaw
0.743,0.705,1.182,-90.895,-18.060,-286.685,Yaw
1.540,0.902,0.182,209.072,33.880,-285.022,Yaw
1.277,-0.617,1.119,11.664,-6.790,28.858,Yaw
1.435,-0.401,1.209,19.101,-13.493,274.899,Yaw
0.685,0.808,0.917,2.214,-1.173,286.685,Yaw
0.368,0.880,1.237,19.521,12.390,286.685,Yaw
-0.750,0.644,0.847,-27.606,-9.494,286.685,Yaw
-1.887,0.796,0.914,2.564,-1.365,285.976,Yaw
-0.719,0.213,0.855,1.365,6.309,-5.644,Yaw
-0.867,0.249,0.913,86.109,43.522,-264.836,Yaw
-0.667,0.823,1.255,81.926,21.516,-286.685,Yaw
-0.056,0.726,1.010,-8.899,-23.100,-286.685,Yaw
0.033,0.551,0.778,-35.044,-58.397,-286.685,Yaw
0.733,0.807,-0.667,-137.401,-69.956,-286.685,Yaw
1.998,-1.059,1.350,75.294,39.217,-241.185,Yaw
1.996,-0.252,0.882,5.740,-10.841,194.154,Yaw
0.798,0.729,0.963,18.576,-19.994,286.685,Yaw
0.707,0.997,1.038,-0.507,12.250,286.685,Yaw
0.012,0.859,1.112,-9.905,2.188,286.685,Yaw
-1.077,0.788,0.712,-5.267,-21.936,286.685,Yaw
-1.385,0.530,1.052,8.417,0.201,152.609,Yaw
-0.380,0.038,0.935,14.105,31.754,53.121,Yaw
-0.595,0.081,1.058,18.270,11.288,-114.669,Yaw
-0.645,0.385,1.146,21.149,-2.975,-286.685,Yaw
-0.187,0.909,1.265,2.240,-7.779,-286.685,Yaw
0.365,0.989,1.006,-20.956,19.889,-286.685,Yaw
0.609,1.165,0.910,-48.186,-24.054,-286.685,Yaw
1.535,-0.057,1.728,94.378,14.516,-286.685,Yaw
1.525,-0.496,1.043,4.148,-2.170,-204.697,Yaw
0.618,0.173,0.969,-1.663,-21.551,-66.482,Yaw
0.603,-0.258,1.008,6.571,6.956,195.659,Yaw
0.807,-0.127,1.057,4.331,-1.269,286.685,Yaw
0.757,0.437,0.991,8.794,-10.316,286.685,Yaw
0.373,1.082,1.092,4.113,-13.020,286.685,Yaw
0.568,0.742,1.114,-5.390,-8.837,286.685,Yaw
-0.764,0.435,1.078,-29.251,-38.071,286.685,Yaw
-1.311,-0.027,0.843,34.186,-36.794,286.685,Yaw
-0.359,0.563,0.746,9.502,3.535,206.902,Yaw
-0.337,-0.014,1.194,9.940,75.539,173.040,Yaw
-0.414,-0.128,0.996,2.249,-1.050,-100.800,Yaw
-0.370,0.217,0.947,6.011,8.015,-280.017,Yaw
-0.344,0.624,1.267,17.386,2.249,-286.685,Yaw
0.355,0.725,0.930,-3.447,48.667,-286.685,Yaw
0.207,0.605,0.896,-22.409,-8.496,-286.685,Yaw
0.766,0.418,0.427,89.014,-69.099,-286.685,Yaw
1.161,-0.353,1.385,6.545,15.347,-243.661,Yaw
0.934,-0.431,1.058,12.014,1.872,14.262,Yaw
0.803,0.010,1.007,-3.964,-17.614,161.595,Yaw
0.573,0.019,1.028,8.015,-2.179,286.685,Yaw
0.616,0.483,1.055,11.200,2.354,286.685,Yaw
0.653,0.736,1.048,-18.769,1.689,286.685,Yaw
0.584,0.656,1.210,11.095,-4.471,286.685,Yaw
-0.704,0.559,0.953,5.696,-11.244,286.685,Yaw
-1.203,0.394,0.964,9.319,-0.324,221.576,Yaw
-0.185,0.035,0.975,5.661,13.720,61.714,Yaw
-0.263,-0.128,1.043,8.557,5.267,-48.501,Yaw
-0.676,0.164,1.075,21.560,9.791,-269.824,Yaw
-0.343,0.917,1.044,-12.521,-19.189,-286.685,Yaw
0.220,0.631,1.034,3.946,2.791,-286.685,Yaw
0.445,0.840,0.849,-4.856,7.761,-286.685,Yaw
0.714,0.035,1.013,22.785,-41.790,-286.685,Yaw
1.585,-0.397,1.108,3.797,-0.998,-227.894,Yaw
0.935,-0.263,1.118,8.076,-5.548,13.335,Yaw
0.733,-0.224,0.989,12.924,-10.281,283.981,Yaw
0.658,0.134,1.032,10.264,12.486,286.685,Yaw
0.793,0.246,1.058,-37.179,8.426,286.685,Yaw
0.608,0.610,0.971,11.664,-11.533,286.685,Yaw
-0.792,0.491,1.176,2.730,-5.968,286.685,Yaw
-0.954,0.306,0.910,1.461,11.961,222.495,Yaw
-0.319,0.252,0.884,7.245,2.205,48.877,Yaw
-0.287,-0.083,1.043,29.391,16.669,-55.904,Yaw
-0.554,0.287,1.081,22.934,-6.370,-286.169,Yaw
-0.596,0.663,1.126,10.045,-22.479,-286.685,Yaw
0.049,0.822,1.007,-13.825,-19.407,-286.685,Yaw
0.264,0.381,0.811,-15.015,-46.042,-286.685,Yaw
1.176,-0.062,1.130,2.888,-15.129,-286.685,Yaw
1.876,-0.724,1.021,7.508,2.021,-57.391,Yaw
0.711,-0.426,1.003,-0.298,-11.025,97.046,Yaw
0.397,0.105,1.032,12.644,-14.516,283.080,Yaw
0.491,0.219,1.059,-0.665,13.484,286.685,Yaw
0.847,0.377,1.045,-9.608,18.104,286.685,Yaw
0.646,0.506,1.202,13.825,12.889,286.685,Yaw
-0.535,0.510,1.062,1.461,-4.926,286.685,Yaw
-0.956,0.559,0.903,4.489,-4.191,254.599,Yaw
-0.506,0.432,0.926,18.795,15.663,108.491,Yaw
-0.266,-0.345,1.058,20.869,16.450,36.566,Yaw
-0.273,0.054,0.958,18.708,8.208,-120.033,Yaw
-0.571,0.591,1.090,14.236,-15.400,-286.685,Yaw
-0.433,0.690,1.011,-16.660,-39.673,-286.685,Yaw
0.356,0.436,0.984,-1.601,-22.671,-286.685,Yaw
0.327,0.352,0.698,-5.443,-25.060,-286.685,Yaw
0.943,-0.150,0.978,14.271,-12.320,-286.685,Yaw
1.449,-0.610,1.059,1.242,-2.520,-218.872,Yaw
0.688,-0.177,0.967,-0.998,-10.797,55.956,Yaw
0.560,-0.088,1.021,22.802,-13.212,271.215,Yaw
0.668,-0.108,1.143,11.226,6.081,286.685,Yaw
1.243,0.347,1.030,-16.931,26.556,286.685,Yaw
-0.112,0.854,1.009,-31.657,-13.632,286.685,Yaw
-1.244,0.729,0.887,19.757,-20.510,286.685,Yaw
-1.294,0.430,1.074,35.919,39.375,217.446,Yaw
-0.228,-0.385,1.039,31.920,24.071,76.177,Yaw
-0.255,0.158,0.948,10.404,3.010,-105.823,Yaw
-0.601,0.375,1.119,14.254,-13.405,-286.492,Yaw
-0.399,0.602,1.010,-9.292,-32.524,-286.685,Yaw
0.488,0.387,1.072,-2.415,-18.296,-286.685,Yaw
0.221,0.001,0.669,-21.534,-34.930,-286.685,Yaw
0.671,-0.080,1.070,7.472,-25.323,-286.685,Yaw
1.320,-0.430,1.009,-2.118,3.001,-208.364,Yaw
0.711,-0.501,1.044,-0.254,-6.361,73.150,Yaw
0.727,0.124,0.954,13.667,-4.366,286.685,Yaw
0.627,0.395,1.037,-2.599,6.492,286.685,Yaw
0.536,0.108,0.965,-20.361,5.162,286.685,Yaw
-0.251,0.703,0.797,-14.193,-14.534,286.685,Yaw
-0.476,0.702,0.926,36.592,23.292,281.908,Yaw
-1.139,0.475,1.135,22.890,10.850,112.709,Yaw
-0.458,0.165,1.111,24.378,7.954,-48.064,Yaw
-0.442,0.169,1.151,29.059,8.645,-227.946,Yaw
-0.215,0.263,1.162,36.006,29.181,-286.685,Yaw
0.139,0.145,1.074,17.062,26.372,-286.685,Yaw
-0.211,0.705,0.653,-48.195,-66.885,-286.685,Yaw
0.739,0.374,1.216,33.469,-89.757,-286.685,Yaw
1.356,-0.822,1.318,14.726,-21.927,-254.634,Yaw
0.329,-0.109,1.059,-4.716,6.256,-2.441,Yaw
0.395,-0.055,0.889,4.830,-12.757,63.954,Yaw
0.468,-0.094,1.068,14.875,-9.354,209.904,Yaw
0.883,-0.372,1.125,4.261,0.333,286.685,Yaw
0.861,0.509,0.974,-21.577,15.234,286.685,Yaw
-0.331,0.870,1.027,-0.779,-20.239,286.685,Yaw
-1.004,0.636,1.029,8.137,-2.993,286.685,Yaw
-0.599,0.004,1.025,0.009,-1.085,164.386,Yaw
-0.054,-0.281,0.932,0.858,2.328,79.853,Yaw
-0.563,0.245,1.022,0.945,-3.832,-75.582,Yaw
-1.151,0.811,1.217,8.619,3.693,-238.831,Yaw
0.026,0.549,1.089,20.729,26.320,-286.685,Yaw
0.412,0.457,0.840,-18.576,28.394,-286.685,Yaw
0.363,0.599,0.720,27.003,3.780,-286.685,Yaw
1.425,-0.171,0.881,39.926,-23.406,-286.685,Yaw
0.931,-0.659,1.289,11.515,-21.420,-120.356,Yaw
0.757,-0.312,0.977,-9.266,-14.070,125.213,Yaw
0.752,0.020,0.928,3.273,-12.679,286.685,Yaw
0.717,0.144,1.026,14.481,-12.696,286.685,Yaw
0.806,0.593,1.078,-25.069,7.604,286.685,Yaw
-0.183,0.863,0.926,-4.253,-13.965,286.685,Yaw
-0.564,0.657,0.939,20.808,-12.005,286.685,Yaw
-0.925,0.125,1.072,16.861,17.281,243.451,Yaw
-0.250,0.021,0.901,18.594,14.481,64.706,Yaw
-0.374,0.085,1.057,8.391,-1.487,-107.433,Yaw
-0.597,0.448,1.157,-5.495,-18.340,-265.300,Yaw
-0.255,0.844,0.988,-2.756,-8.523,-286.685,Yaw
0.645,0.370,1.133,2.196,24.579,-286.685,Yaw
0.261,0.668,0.869,-11.182,4.602,-286.685,Yaw
0.559,0.002,0.713,25.042,-52.745,-286.685,Yaw
1.296,-0.497,1.087,9.345,-8.208,-269.841,Yaw
1.035,-0.576,1.046,-2.852,-4.200,33.075,Yaw
0.586,-0.330,1.033,-1.575,-25.585,164.124,Yaw
0.464,0.089,0.965,17.833,-5.521,286.685,Yaw
0.848,0.057,1.036,-4.891,21.087,286.685,Yaw
0.717,1.205,0.869,-9.835,8.741,286.685,Yaw
-0.229,0.902,1.017,6.799,-20.064,286.685,Yaw
-0.982,0.239,1.088,12.661,5.836,286.685,Yaw
-0.467,-0.000,0.904,9.153,13.318,218.741,Yaw
-0.263,0.198,0.862,18.200,7.131,10.614,Yaw
-0.295,0.392,1.101,17.649,3.902,-83.624,Yaw
-0.570,0.679,1.235,14.131,-5.661,-283.754,Yaw
0.608,0.015,1.094,42.018,53.891,-286.685,Yaw
0.565,0.050,0.981,33.399,31.596,-286.685,Yaw
0.144,0.403,0.828,-11.594,-69.790,-286.685,Yaw
0.913,-0.539,1.328,21.333,-79.301,-286.685,Yaw
0.572,-0.939,1.141,-0.018,-31.535,-201.714,Yaw
0.190,0.071,1.052,-8.225,-24.754,-14.875,Yaw
0.620,0.026,1.009,6.239,-12.477,158.944,Yaw
1.125,-0.448,1.120,13.396,22.208,286.685,Yaw
1.050,-0.106,1.061,-9.406,23.214,286.685,Yaw
0.373,0.980,0.992,2.564,36.085,286.685,Yaw
-0.537,0.596,0.995,-12.530,-31.815,286.685,Yaw
-1.090,0.240,0.943,30.205,28.551,204.173,Yaw
-0.512,0.321,0.874,41.982,30.013,61.722,Yaw
-0.517,0.775,1.009,31.395,1.242,-163.117,Yaw
-0.116,0.491,1.270,25.804,15.278,-286.685,Yaw
-0.173,0.247,1.036,40.180,31.089,-286.685,Yaw
-0.099,0.936,0.819,-11.594,-36.452,-286.685,Yaw
0.362,0.098,0.629,-10.465,-57.216,-286.685,Yaw
1.913,-1.025,0.848,28.709,-54.268,-258.921,Yaw
0.864,-0.856,1.436,3.491,-65.520,90.694,Yaw
0.725,-0.118,1.082,-6.247,-9.415,223.326,Yaw
0.707,0.261,0.986,11.480,-0.954,286.685,Yaw
0.532,-0.034,1.091,-16.791,12.329,286.685,Yaw
0.501,0.351,1.125,-17.089,4.655,286.685,Yaw
-0.504,0.785,0.832,9.222,-16.249,280.927,Yaw
-0.565,0.317,0.943,28.026,10.176,9.520,Yaw
-0.390,0.166,1.163,12.801,-4.069,-233.739,Yaw
-0.233,0.356,1.078,-24.132,-28.472,-286.685,Yaw
-0.177,0.765,0.763,-39.795,-31.202,-286.685,Yaw
0.132,-0.159,1.165,12.828,-4.620,-286.685,Yaw
0.442,0.142,1.043,0.464,-2.634,-286.685,Yaw
1.477,-0.329,0.994,-3.281,7.849,-230.921,Yaw
0.870,-0.748,1.072,7.332,2.774,48.982,Yaw
0.391,-0.512,1.132,2.056,-10.587,278.670,Yaw
0.350,-0.160,0.977,-7.525,24.868,286.685,Yaw
0.968,0.556,1.037,-4.769,2.030,286.685,Yaw
0.112,0.405,0.793,36.689,-0.359,286.685,Yaw
-0.191,0.400,1.126,-3.141,-4.515,286.685,Yaw
-0.390,0.713,0.919,-41.204,-31.448,286.422,Yaw
-0.818,0.203,1.016,-8.409,-12.932,188.571,Yaw
-0.529,-0.432,1.056,25.471,21.464,15.295,Yaw
0.265,0.104,1.092,24.439,15.557,-152.854,Yaw
0.414,0.048,1.160,2.721,-10.526,-255.509,Yaw
-0.207,0.615,1.059,2.161,-16.214,-286.685,Yaw
-0.065,0.524,1.033,0.446,-19.294,-286.685,Yaw
1.284,-0.075,0.599,4.804,67.287,-286.492,Yaw
1.335,-1.156,1.030,14.542,-5.486,-83.554,Yaw
0.540,-0.185,1.016,-10.535,-13.142,92.348,Yaw
-0.023,-0.219,0.920,-10.001,-29.356,125.606,Yaw
0.313,-0.358,0.941,-3.080,-3.491,198.774,Yaw
1.050,-0.270,1.130,-6.282,4.209,286.685,Yaw
0.643,0.777,1.076,-1.540,-16.249,286.685,Yaw
-1.306,0.804,1.042,-5.827,0.044,286.685,Yaw
-0.757,0.331,0.950,0.192,8.575,204.242,Yaw
-0.198,0.028,1.024,1.278,-10.264,54.722,Yaw
-1.186,0.364,0.939,1.024,-12.355,-60.891,Yaw
-0.767,0.407,1.145,3.859,-3.999,-286.624,Yaw
-0.176,0.362,1.159,-4.305,6.291,-286.685,Yaw
0.569,1.186,1.136,3.001,23.529,-286.685,Yaw
0.802,1.054,0.798,21.674,15.400,-286.685,Yaw
0.944,0.055,1.203,11.165,8.951,-286.685,Yaw
1.393,-0.665,1.086,11.716,-1.977,-285.250,Yaw
1.374,-1.041,1.036,15.243,1.706,25.471,Yaw
1.105,-0.712,1.117,-1.024,-10.623,286.580,Yaw
1.015,-0.139,1.030,4.471,-14.858,286.685,Yaw
1.378,1.224,1.008,-38.518,-9.126,286.685,Yaw
0.737,1.553,0.999,1.321,-14.551,286.685,Yaw
-0.975,1.507,1.051,5.766,-0.560,286.685,Yaw
-1.578,0.623,0.973,1.330,0.744,253.304,Yaw
-1.003,0.275,0.961,-25.550,-21.849,-19.110,Yaw
-0.634,0.378,0.942,0.236,-5.171,-250.845,Yaw
-0.451,0.536,1.062,-1.496,-4.550,-286.685,Yaw
0.005,0.842,1.143,-5.110,20.799,-286.685,Yaw
0.691,1.488,0.945,-5.259,30.984,-286.685,Yaw
1.195,0.522,1.600,52.194,11.025,-286.685,Yaw
1.285,0.012,0.921,11.672,-4.568,-286.685,Yaw
1.739,-1.325,0.719,10.500,-14.061,-211.277,Yaw
1.819,-1.271,0.863,14.350,26.224,123.533,Yaw
1.190,-0.310,1.125,3.141,0.569,286.685,Yaw
1.276,0.321,1.100,-25.576,-15.986,286.685,Yaw
0.931,1.452,0.888,-32.060,-21.044,286.685,Yaw
0.414,1.744,1.031,9.284,-25.358,286.685,Yaw
-0.547,1.344,1.225,12.635,-0.271,286.685,Yaw
-1.471,0.545,1.010,10.736,10.833,285.880,Yaw
-1.296,0.360,0.949,-32.935,-26.119,28.341,Yaw
-0.911,0.652,0.946,4.891,2.922,-248.430,Yaw
-0.392,0.518,1.006,7.840,-3.255,-286.685,Yaw
0.192,0.746,1.089,-14.455,7.858,-286.685,Yaw
0.816,1.435,1.030,0.499,37.537,-286.685,Yaw
1.108,0.671,1.027,53.147,11.786,-286.685,Yaw
1.032,0.112,1.132,-4.769,8.356,-286.685,Yaw
1.216,-0.635,1.051,-1.347,-18.436,-285.845,Yaw
1.257,-1.287,1.254,25.051,-5.801,-67.489,Yaw
1.557,-1.205,1.109,3.378,27.440,238.359,Yaw
1.010,-0.340,1.138,-19.478,-7.017,286.685,Yaw
0.832,0.524,1.036,-33.819,-17.535,286.685,Yaw
0.368,1.116,0.985,-23.896,-15.829,286.685,Yaw
0.593,1.071,0.929,-4.182,-33.757,286.685,Yaw
0.241,0.939,1.004,16.327,-11.174,286.685,Yaw
-0.706,0.873,1.070,8.304,0.971,286.685,Yaw
-1.426,0.269,0.988,3.763,2.975,209.921,Yaw
-1.062,0.147,0.949,-12.285,-9.371,28.236,Yaw
-1.165,0.543,0.963,-2.599,-6.562,-254.144,Yaw
-0.206,0.539,1.153,0.114,-3.071,-286.685,Yaw
0.773,1.055,1.345,-9.249,17.841,-286.685,Yaw
0.938,1.393,0.909,-7.936,38.124,-286.685,Yaw
0.964,0.248,1.155,44.520,8.733,-286.685,Yaw
1.421,-0.740,0.971,8.172,8.566,-286.379,Yaw
1.515,-1.555,1.009,20.282,-11.568,-9.144,Yaw
1.282,-1.177,1.155,6.702,-12.801,216.291,Yaw
1.115,0.071,1.065,-21.796,-15.102,286.685,Yaw
1.026,1.043,0.763,-27.003,-10.544,286.685,Yaw
1.055,1.386,1.012,1.969,-14.744,286.685,Yaw
0.060,1.187,1.353,13.983,-8.873,286.685,Yaw
-0.644,0.915,0.688,2.704,-1.689,286.685,Yaw
-1.928,0.474,1.189,50.864,1.540,257.609,Yaw
-1.460,0.272,1.138,-13.073,-13.799,30.319,Yaw
-1.473,0.742,1.144,-44.529,-5.530,-264.705,Yaw
-0.043,0.878,0.743,-5.434,15.995,-286.685,Yaw
0.764,0.972,1.410,-0.814,1.776,-286.685,Yaw
1.022,0.956,0.837,-3.675,-3.307,-286.685,Yaw
1.153,0.297,1.076,11.891,-7.122,-286.685,Yaw
1.099,-0.376,1.031,16.905,-4.086,-286.668,Yaw
1.318,-1.170,1.058,13.449,-11.550,-183.225,Yaw
1.251,-1.009,1.069,2.800,-12.722,118.309,Yaw
0.814,0.047,0.997,-14.866,1.995,286.685,Yaw
0.766,0.735,0.916,8.181,8.785,286.685,Yaw
0.813,0.722,1.083,16.065,10.605,286.685,Yaw
0.384,1.024,1.282,52.115,40.618,286.685,Yaw
-0.371,1.065,0.655,19.049,-8.488,286.685,Yaw
-1.200,0.643,1.166,52.553,12.863,245.402,Yaw
-1.483,0.286,1.119,17.649,-1.418,58.546,Yaw
-1.345,0.522,1.086,-17.272,-14.709,-207.060,Yaw
-0.787,0.889,1.071,-21.919,0.595,-286.685,Yaw
-0.252,1.422,0.834,2.993,7.823,-286.685,Yaw
1.145,1.451,1.028,-38.850,-58.231,-286.685,Yaw
1.285,0.753,0.876,-15.059,-31.272,-286.685,Yaw
1.240,-0.096,1.116,21.779,6.492,-286.685,Yaw
1.390,-0.844,1.158,6.064,3.071,-262.080,Yaw
0.858,-0.472,1.010,12.259,-2.783,12.364,Yaw
0.982,-0.688,1.109,7.219,-8.356,226.336,Yaw
0.947,0.155,0.903,-16.993,2.984,286.685,Yaw
1.075,0.360,0.889,-2.450,0.910,286.685,Yaw
1.239,0.770,1.096,23.074,13.230,286.685,Yaw
0.811,1.719,1.151,13.134,16.782,286.685,Yaw
0.002,1.560,0.286,88.104,4.471,286.685,Yaw
-1.294,0.620,1.353,101.062,25.935,286.685,Yaw
-1.945,0.552,1.206,18.944,5.906,180.766,Yaw
-1.611,0.619,0.968,-33.775,-7.245,-115.798,Yaw
-1.345,0.933,1.064,-32.944,-10.045,-281.794,Yaw
-0.449,1.140,0.854,-81.900,-8.811,-286.685,Yaw
0.821,1.719,1.124,19.906,-13.055,-286.685,Yaw
1.673,1.083,0.951,-23.494,-19.206,-286.685,Yaw
1.431,0.699,0.958,18.987,2.975,-286.685,Yaw
1.352,-0.309,1.172,19.854,13.869,-286.685,Yaw
1.614,-1.448,0.952,0.674,-2.249,-118.484,Yaw
1.612,-1.105,1.036,3.736,-17.036,211.610,Yaw
1.329,-0.128,1.066,-13.318,-9.091,286.685,Yaw
0.946,0.891,0.850,-12.031,1.076,286.685,Yaw
1.180,0.919,1.082,21.105,11.489,286.685,Yaw
0.861,1.265,1.065,-30.800,-2.126,286.685,Yaw
-0.061,1.594,0.676,84.577,10.028,286.685,Yaw
-1.787,0.774,0.981,61.583,10.028,286.685,Yaw
-1.638,0.888,1.157,-3.307,-6.834,36.487,Yaw
-1.997,1.041,1.069,-33.766,-18.874,-239.426,Yaw
-0.581,1.024,1.175,-67.567,-11.331,-286.685,Yaw
0.320,1.918,0.681,14.026,28.114,-286.685,Yaw
1.166,1.777,0.508,-38.281,-41.204,-286.685,Yaw
1.743,0.976,1.454,6.886,-64.111,-286.685,Yaw
1.601,-0.076,1.257,34.711,21.788,-286.685,Yaw
1.710,-1.150,1.046,1.846,2.704,-212.161,Yaw
1.216,-0.713,1.001,9.406,-7.997,89.268,Yaw
1.179,-0.563,1.066,-0.061,-17.299,263.524,Yaw
1.062,0.207,1.085,-22.671,-3.622,286.685,Yaw
1.311,0.681,0.891,3.561,-1.960,286.685,Yaw
1.445,1.139,1.165,12.408,13.309,286.685,Yaw
0.786,1.840,0.312,27.589,16.888,286.685,Yaw
-0.686,1.377,0.941,70.980,-4.751,286.685,Yaw
-1.999,0.817,1.160,48.755,17.456,278.513,Yaw
-1.210,0.553,1.167,-4.349,2.056,80.876,Yaw
-0.930,0.496,0.968,-28.271,-5.119,-117.521,Yaw
-1.047,0.817,1.020,-48.388,-15.330,-286.204,Yaw
-0.776,1.015,1.099,-37.021,18.034,-286.685,Yaw
0.277,1.860,1.117,11.436,18.559,-286.685,Yaw
1.677,1.997,0.258,-28.394,-32.095,-286.685,Yaw
1.566,0.599,0.793,37.537,16.485,-286.685,Yaw
1.785,-0.326,1.185,24.517,18.979,-286.685,Yaw
1.799,-1.829,0.992,-1.251,-10.281,-152.469,Yaw
1.133,-0.955,1.102,10.132,-20.125,178.640,Yaw
0.883,0.156,1.012,-17.019,-9.030,286.685,Yaw
0.857,0.481,0.906,-25.436,2.179,286.685,Yaw
1.162,0.659,0.939,-0.429,-4.331,286.685,Yaw
1.293,1.223,0.942,-5.233,9.852,286.685,Yaw
0.587,1.467,0.312,69.423,16.905,286.685,Yaw
-0.601,1.259,1.027,81.454,5.189,286.685,Yaw
-1.776,0.834,1.183,47.416,13.939,284.629,Yaw
-1.029,0.453,1.057,-32.139,-1.724,47.871,Yaw
-1.187,0.509,0.885,-31.413,-3.491,-90.177,Yaw
-1.166,0.949,1.097,-38.054,-9.415,-285.959,Yaw
-0.482,1.206,0.751,-18.095,31.194,-286.685,Yaw
0.864,1.747,1.087,-20.081,16.861,-286.685,Yaw
1.486,1.885,0.402,-0.026,-3.062,-286.685,Yaw
1.803,0.453,1.471,56.175,-71.391,-286.685,Yaw
1.965,-0.945,1.085,12.311,14.131,-286.633,Yaw
1.676,-1.096,1.056,7.875,-14.438,-4.550,Yaw
1.037,-0.700,1.116,0.998,-22.374,186.261,Yaw
0.733,0.362,0.951,-18.060,-12.084,286.685,Yaw
0.912,0.320,0.984,-8.767,-2.634,286.685,Yaw
1.288,0.291,0.887,6.886,-5.040,286.685,Yaw
1.028,1.246,1.235,8.549,15.453,286.685,Yaw
0.204,1.540,0.647,94.526,45.894,286.685,Yaw
-1.100,1.210,1.030,58.459,-11.148,286.685,Yaw
-1.963,0.916,1.199,46.795,12.101,273.962,Yaw
-1.552,0.760,0.985,-37.205,-13.807,-30.100,Yaw
-1.272,1.007,1.092,-39.524,-15.365,-284.209,Yaw
-0.664,1.030,1.006,-60.830,4.576,-286.685,Yaw
0.111,1.957,0.973,34.186,43.103,-286.685,Yaw
1.665,1.997,0.293,-46.830,-28.726,-286.685,Yaw
1.693,0.640,1.080,38.019,-6.274,-286.685,Yaw
1.837,-0.244,1.244,-1.531,24.229,-286.685,Yaw
1.674,-1.308,0.941,11.121,-2.240,-189.227,Yaw
1.224,-1.080,1.034,10.115,-10.054,131.670,Yaw
1.126,-0.254,1.052,-13.169,-7.289,286.685,Yaw
1.244,0.444,1.170,-26.337,-1.776,286.685,Yaw
1.159,1.185,1.058,-4.883,-0.954,286.685,Yaw
0.699,1.322,1.103,26.014,-19.731,286.685,Yaw
0.047,1.073,0.893,-3.605,0.980,286.685,Yaw
-0.664,1.071,0.623,64.785,14.613,286.685,Yaw
-1.882,0.638,1.008,38.237,0.595,272.711,Yaw
-1.685,0.724,1.041,-35.849,-13.807,-46.646,Yaw
-1.712,0.738,1.238,-44.686,-5.285,-286.685,Yaw
-0.480,1.151,0.874,-62.370,3.045,-286.685,Yaw
1.099,1.491,1.211,4.497,-8.627,-286.685,Yaw
1.458,0.928,0.927,-0.569,-12.110,-286.685,Yaw
1.502,0.378,1.024,22.610,15.216,-286.685,Yaw
1.902,-1.040,1.076,20.571,6.615,-280.149,Yaw
1.599,-1.124,1.121,13.790,-10.386,95.025,Yaw
1.102,-0.156,1.074,-18.524,-13.554,286.685,Yaw
1.037,0.547,1.008,-18.673,-5.845,286.685,Yaw
1.063,1.082,0.994,13.396,-7.157,286.685,Yaw
0.434,1.080,1.192,21.105,8.663,286.685,Yaw
0.030,0.965,0.602,44.257,10.833,286.685,Yaw
-0.911,0.842,1.171,82.661,15.330,286.685,Yaw
-1.996,0.822,1.131,36.321,7.035,223.860,Yaw
-1.505,0.634,1.035,-26.285,-15.636,-108.150,Yaw
-1.019,0.674,1.122,-29.610,-17.404,-286.685,Yaw
-0.501,0.699,0.983,-51.109,-2.783,-286.685,Yaw
0.159,1.187,0.725,27.282,26.609,-286.685,Yaw
1.000,1.198,0.852,-38.132,-67.629,-286.685,Yaw
1.146,0.710,0.932,-23.030,-40.959,-286.685,Yaw
1.271,0.017,1.119,17.369,8.278,-286.685,Yaw
1.394,-0.943,1.039,5.381,5.705,-257.539,Yaw
1.040,-0.725,1.076,8.033,-6.738,34.615,Yaw
1.028,-0.675,1.029,-0.123,-12.670,195.773,Yaw
1.002,0.051,1.012,-10.483,-5.057,286.685,Yaw
1.292,0.288,0.836,-0.962,-2.240,286.685,Yaw
1.375,0.687,1.113,3.106,18.261,286.685,Yaw
0.564,1.488,0.832,45.220,63.018,286.685,Yaw
-0.706,1.235,1.002,66.701,-6.930,286.685,Yaw
-1.999,0.910,1.149,58.502,6.930,256.568,Yaw
-1.438,0.635,1.218,-10.334,-12.801,-1.059,Yaw
-1.268,0.960,1.059,-61.294,-21.875,-281.225,Yaw
-0.223,0.779,1.007,-96.399,-7.394,-286.685,Yaw
0.569,1.128,0.720,-6.440,-6.536,-286.685,Yaw
0.995,0.706,1.325,12.477,-25.506,-286.685,Yaw
1.163,0.274,0.932,-4.314,0.341,-286.685,Yaw
1.637,-0.713,1.001,10.605,5.731,-278.644,Yaw
1.471,-1.161,1.154,7.770,-3.570,43.575,Yaw
1.336,-0.584,1.054,-10.754,-8.208,270.112,Yaw
1.284,0.313,0.912,3.955,2.266,286.685,Yaw
1.251,0.875,0.603,19.792,18.708,286.685,Yaw
0.669,1.181,0.931,38.728,38.981,286.685,Yaw
-0.191,1.126,1.010,72.677,4.839,286.685,Yaw
-1.943,1.038,0.993,71.505,14.971,286.676,Yaw
-1.316,0.637,1.175,7.630,-11.445,-2.109,Yaw
-1.610,0.886,1.167,-26.775,-19.757,-201.014,Yaw
-0.864,1.254,1.070,-68.014,-18.392,-286.685,Yaw
0.209,1.539,0.513,-9.266,34.423,-286.685,Yaw
0.908,1.582,0.378,-65.196,-85.277,-286.685,Yaw
1.393,1.120,1.083,-27.431,-84.464,-286.685,Yaw
1.554,0.155,1.125,16.984,15.068,-286.685,Yaw
1.599,-1.006,1.081,-4.524,8.269,-280.779,Yaw
1.367,-0.969,1.109,6.186,-3.832,-27.772,Yaw
0.935,-0.680,1.072,8.312,-4.734,103.276,Yaw
0.899,-0.148,1.035,-7.262,0.175,279.939,Yaw
0.974,0.032,1.060,-13.720,7.796,286.685,Yaw
1.019,0.250,0.821,-8.601,-5.749,286.685,Yaw
1.159,1.045,1.125,2.310,8.260,286.685,Yaw
0.619,1.587,0.637,29.794,47.705,286.685,Yaw
-0.518,1.108,1.101,44.940,-23.389,286.685,Yaw
-1.411,0.827,0.913,49.394,-2.056,286.685,Yaw
-1.506,0.618,1.238,15.846,1.225,95.996,Yaw
-1.513,0.851,1.030,-35.446,-12.443,-194.101,Yaw
-1.174,1.138,1.030,-60.287,-16.415,-286.685,Yaw
-0.383,1.452,0.574,-61.688,12.136,-286.685,Yaw
1.377,1.861,0.881,-34.991,-50.986,-286.685,Yaw
1.776,0.823,0.889,-16.590,-13.597,-286.685,Yaw
1.747,0.139,1.132,28.324,15.225,-286.685,Yaw
1.802,-1.490,1.103,10.693,13.834,-238.586,Yaw
1.277,-1.065,1.048,8.610,-12.337,98.394,Yaw
1.282,-0.259,1.060,-17.675,-10.710,286.685,Yaw
1.356,0.364,0.964,-28.184,-0.613,286.685,Yaw
1.538,1.119,0.961,9.039,-14.919,286.685,Yaw
0.671,1.490,0.998,25.288,8.592,286.685,Yaw
0.051,1.286,0.639,89.600,27.843,286.685,Yaw
-1.404,1.141,0.982,81.349,0.691,286.685,Yaw
-1.989,1.211,1.179,29.347,8.181,198.117,Yaw
-1.415,0.897,1.062,-33.241,-10.124,-135.004,Yaw
-0.929,0.830,1.016,-55.090,-15.111,-286.685,Yaw
-0.531,0.949,1.092,-66.684,-7.411,-286.685,Yaw
0.223,1.894,1.052,16.380,2.144,-286.685,Yaw
1.720,1.997,0.484,-18.996,-28.735,-286.685,Yaw
1.998,1.623,1.084,22.820,-13.440,-286.685,Yaw
1.993,-0.591,1.038,1.251,31.290,-286.685,Yaw
1.807,-1.412,1.160,8.260,-14.123,-235.235,Yaw
1.144,-0.997,1.072,11.611,-8.750,131.364,Yaw
1.068,-0.448,1.119,4.734,-11.856,268.004,Yaw
1.195,0.179,1.052,-25.261,-10.614,286.685,Yaw
1.436,0.777,1.054,-29.610,-11.007,286.685,Yaw
1.456,1.327,1.001,9.109,1.759,286.685,Yaw
0.674,1.916,1.165,38.132,9.564,286.685,Yaw
-0.277,1.320,0.771,83.143,7.980,286.685,Yaw
-1.520,1.259,1.051,71.409,14.341,286.685,Yaw
-1.921,1.051,1.103,34.711,8.890,249.909,Yaw
-1.364,0.742,1.022,-26.749,-2.529,-8.172,Yaw
-1.524,1.307,1.079,-61.075,-14.560,-282.301,Yaw
-0.720,1.608,0.912,-70.630,16.196,-286.685,Yaw
0.528,1.997,1.320,-5.582,12.092,-286.685,Yaw
1.993,1.997,0.437,-1.418,-18.821,-286.685,Yaw
1.947,0.583,0.823,57.592,43.531,-286.685,Yaw
1.998,-0.760,1.113,-20.878,-18.086,-286.659,Yaw
1.646,-1.835,1.094,-14.149,-29.452,-124.749,Yaw
1.520,-1.179,1.011,23.284,1.872,254.503,Yaw
-0.360,1.588,1.335,32.576,22.514,286.685,Yaw
1.459,-0.987,0.663,-53.069,12.075,286.685,Yaw
1.571,0.718,0.980,-35.735,-12.171,286.685,Yaw
1.007,1.439,0.925,-21.849,-31.176,286.685,Yaw
-0.135,1.128,1.102,38.649,-15.409,286.685,Yaw
-0.765,0.736,1.164,20.221,13.773,286.685,Yaw
-1.353,0.936,0.822,53.287,9.564,286.685,Yaw
-1.174,0.545,1.128,20.536,-2.170,118.720,Yaw
-0.451,-0.011,1.021,-6.956,-5.040,-5.784,Yaw
-1.106,0.355,1.071,-3.412,-2.870,-85.295,Yaw
-1.674,1.231,1.089,-36.138,-4.261,-286.685,Yaw
-0.044,1.478,1.082,-24.325,-12.145,-286.685,Yaw
0.938,1.721,0.893,-30.433,-18.891,-286.685,Yaw
1.706,1.280,0.809,-16.240,28.647,-286.685,Yaw
1.998,-0.583,1.475,83.457,14.446,-286.685,Yaw
1.344,-1.267,1.047,8.365,-7.814,-27.064,Yaw
1.160,-0.822,1.161,-11.069,-26.644,170.056,Yaw
0.853,0.335,0.973,-24.080,-7.000,286.685,Yaw
0.712,0.440,0.849,4.191,-13.116,286.685,Yaw
1.199,0.193,1.087,19.897,-9.222,286.685,Yaw
0.920,0.866,1.175,23.975,14.796,286.685,Yaw
0.319,1.100,-0.139,123.550,66.036,286.685,Yaw
-1.154,1.228,1.172,112.000,-10.509,286.685,Yaw
-1.979,1.698,1.315,48.930,-1.960,98.368,Yaw
-1.748,0.759,1.170,-28.945,-25.296,-94.141,Yaw
-1.026,1.235,0.922,-49.306,-22.347,-286.685,Yaw
-0.011,1.001,1.262,-88.830,-41.379,-286.685,Yaw
0.386,1.011,0.988,-171.264,-39.944,-286.685,Yaw
0.883,1.302,0.815,-136.246,-9.870,-286.685,Yaw
1.547,0.386,0.160,50.514,24.395,-286.685,Yaw
1.965,-1.651,0.588,-4.865,-1.549,-274.628,Yaw
1.436,-0.862,0.963,3.614,-2.450,0.114,Yaw
1.348,-0.221,0.984,0.534,-1.671,281.050,Yaw
1.153,0.399,0.995,26.504,20.702,286.685,Yaw
1.232,0.545,1.115,0.534,21.516,286.685,Yaw
1.171,1.192,0.268,50.111,11.953,286.685,Yaw
0.033,1.072,0.957,131.932,49.893,286.685,Yaw
-1.097,1.345,0.919,85.435,35.026,286.685,Yaw
-1.943,1.458,1.125,26.364,5.574,243.066,Yaw
-1.620,1.424,0.955,-39.847,-33.145,-42.542,Yaw
-1.050,1.139,0.978,-14.858,-14.761,-286.685,Yaw
-0.322,0.911,0.872,-59.588,-39.226,-286.685,Yaw
-0.062,0.957,1.015,-83.886,-31.028,-286.685,Yaw
0.635,1.508,0.440,-82.854,-2.056,-286.685,Yaw
1.744,0.966,1.035,-71.129,-93.966,-286.685,Yaw
1.998,-0.344,0.883,3.229,12.959,-286.685,Yaw
1.998,-1.368,0.990,10.675,5.294,-241.859,Yaw
1.538,-0.722,1.041,0.831,-11.384,165.699,Yaw
1.108,0.253,0.920,-2.240,-8.820,286.685,Yaw
0.923,0.480,1.134,34.423,8.759,286.685,Yaw
0.717,0.710,1.206,18.419,9.380,286.685,Yaw
0.313,1.017,0.353,49.105,18.314,286.685,Yaw
-0.141,1.057,0.801,107.205,23.083,286.685,Yaw
-1.002,1.244,1.135,88.357,35.333,286.685,Yaw
-1.870,1.269,1.126,14.149,12.171,273.254,Yaw
-1.097,0.861,0.998,-27.247,-1.829,-0.341,Yaw
-0.377,0.367,1.055,-38.342,-6.790,-169.295,Yaw
-0.417,0.329,0.921,-65.721,-12.766,-220.124,Yaw
-0.659,0.498,1.093,-51.432,-6.195,-286.685,Yaw
-0.487,0.764,0.817,-62.755,-3.089,-286.685,Yaw
0.799,1.398,1.047,-20.064,-22.417,-286.685,Yaw
1.536,1.406,1.012,-28.823,3.036,-286.685,Yaw
1.979,1.047,0.850,4.034,39.699,-286.685,Yaw
1.998,-0.961,1.122,45.482,16.292,-285.600,Yaw
1.607,-1.204,1.269,8.496,-38.868,13.738,Yaw
0.801,-0.261,1.008,-18.690,-36.557,181.930,Yaw
0.621,0.284,0.989,-15.584,0.507,286.685,Yaw
0.899,-0.129,0.766,18.375,-15.925,286.685,Yaw
0.647,0.265,1.026,34.746,-7.892,286.685,Yaw
0.983,1.040,0.457,5.731,62.029,286.685,Yaw
0.298,1.826,0.811,72.397,-26.976,286.685,Yaw
-0.992,1.555,1.111,133.219,45.307,286.685,Yaw
-1.641,1.359,1.087,44.275,27.991,286.685,Yaw
-1.665,0.821,1.112,-27.834,3.404,122.762,Yaw
-1.160,1.057,0.963,-40.766,0.586,-210.044,Yaw
-0.865,0.898,0.998,-99.260,-30.249,-286.685,Yaw
-0.264,0.805,1.026,-109.147,-13.834,-286.685,Yaw
0.421,1.436,0.372,-43.908,-5.775,-286.685,Yaw
1.962,1.123,1.031,-27.212,-23.931,-286.685,Yaw
1.998,0.374,0.769,-8.085,26.407,-286.685,Yaw
1.998,-1.671,1.116,27.475,4.918,-243.084,Yaw
1.416,-0.755,1.096,-4.751,-21.849,190.645,Yaw
0.820,0.322,0.966,-5.766,-16.923,286.685,Yaw
0.706,0.556,1.056,26.933,-1.006,286.685,Yaw
0.670,0.764,1.359,-0.175,-7.586,286.685,Yaw
0.464,1.033,0.256,70.429,6.729,286.685,Yaw
-0.428,1.188,1.370,164.841,41.361,286.685,Yaw
-1.072,1.357,1.213,105.210,45.763,286.685,Yaw
-1.949,1.352,1.173,9.660,14.446,267.881,Yaw
-0.994,0.835,0.922,-25.567,1.155,-7.464,Yaw
-0.186,0.178,1.040,-36.426,-12.180,-166.154,Yaw
-0.470,0.239,0.923,-60.751,-22.321,-220.649,Yaw
-1.087,0.557,1.045,-55.318,-11.917,-286.685,Yaw
-0.278,0.949,0.754,-72.240,5.136,-286.685,Yaw
0.888,1.586,1.001,-47.145,-57.540,-286.685,Yaw
1.994,1.302,1.274,-26.381,-15.977,-286.685,Yaw
1.938,-0.685,1.129,25.681,20.589,-286.685,Yaw
1.410,-1.270,1.222,20.641,-11.935,-137.069,Yaw
0.941,-0.711,1.025,-2.459,-33.591,149.590,Yaw
0.619,0.160,0.980,-10.649,-13.387,259.753,Yaw
0.770,0.113,0.976,22.111,-0.420,286.685,Yaw
0.874,0.300,1.245,3.771,7.744,286.685,Yaw
0.799,0.762,0.999,-37.704,9.441,286.685,Yaw
0.535,1.169,0.616,101.098,24.141,286.685,Yaw
-0.400,1.417,1.436,186.419,38.570,286.685,Yaw
-1.456,1.462,1.226,70.840,13.020,286.685,Yaw
-1.937,1.586,0.959,0.604,-16.083,260.094,Yaw
-1.163,1.032,1.065,-7.875,-2.056,-10.500,Yaw
-0.953,0.858,0.998,-31.570,-8.557,-280.770,Yaw
-0.651,0.756,1.006,-80.526,-33.049,-286.685,Yaw
-0.174,0.934,1.067,-118.090,-22.216,-286.685,Yaw
0.757,1.729,0.513,-90.974,-23.004,-286.685,Yaw
1.989,1.365,1.031,-25.804,-33.031,-286.685,Yaw
1.998,-0.391,0.845,5.145,22.899,-286.685,Yaw
1.935,-1.626,1.041,14.648,-0.429,-146.878,Yaw
1.227,-0.432,1.047,-3.780,-11.261,257.775,Yaw
1.158,0.345,0.999,8.837,-1.697,286.685,Yaw
1.019,0.686,1.020,29.575,10.255,286.685,Yaw
0.637,0.868,0.670,-12.810,-3.439,286.685,Yaw
0.223,1.006,0.913,180.206,34.090,286.685,Yaw
-0.702,1.292,1.156,114.223,40.145,286.685,Yaw
-1.582,1.319,1.020,59.605,27.720,286.685,Yaw
-1.544,1.151,1.134,-23.380,-8.811,88.988,Yaw
-1.232,1.237,0.981,-32.751,-3.727,-229.408,Yaw
-0.590,0.994,1.063,-104.851,-35.438,-286.685,Yaw
-0.095,0.827,1.146,-124.425,-23.704,-286.685,Yaw
0.421,1.034,0.385,-65.100,-11.909,-286.685,Yaw
1.342,1.021,1.211,-10.334,-12.285,-286.685,Yaw
1.974,0.991,0.794,-9.844,36.636,-286.685,Yaw
1.998,-0.840,1.099,30.730,26.311,-286.685,Yaw
1.715,-0.837,1.208,16.083,-10.876,13.624,Yaw
1.118,-0.031,0.905,-20.116,-32.533,267.103,Yaw
0.646,0.460,0.907,-2.485,-18.576,286.685,Yaw
0.584,0.293,1.179,32.252,-12.714,286.685,Yaw
0.475,0.585,0.925,-45.736,1.942,286.685,Yaw
0.364,1.102,0.449,98.936,35.595,286.685,Yaw
-0.138,1.338,0.932,151.891,28.796,286.685,Yaw
-1.128,1.296,0.928,115.386,23.292,286.685,Yaw
-1.873,1.119,1.026,15.330,12.355,228.637,Yaw
-0.907,0.722,1.024,-21.359,2.144,-4.182,Yaw
-0.378,0.415,1.039,-28.096,-7.849,-147.691,Yaw
-0.271,0.208,0.953,-52.465,-13.510,-192.290,Yaw
-0.792,0.525,0.992,-80.272,-22.890,-286.633,Yaw
-0.574,0.991,1.010,-68.145,0.472,-286.685,Yaw
0.213,1.585,0.684,-20.930,-6.729,-286.685,Yaw
1.903,1.474,1.113,-50.304,-46.996,-286.685,Yaw
1.787,0.215,0.917,15.592,18.804,-286.685,Yaw
1.518,-0.735,1.047,21.577,-0.403,-285.206,Yaw
0.880,-0.984,1.095,12.775,-19.486,-165.419,Yaw
0.243,-0.175,1.032,0.656,-18.375,11.882,Yaw
0.533,-0.100,0.955,0.717,14.149,112.158,Yaw
0.886,-0.548,1.143,-7.219,-0.105,271.171,Yaw
1.127,-0.351,0.934,-17.001,-6.930,286.685,Yaw
1.229,1.001,1.121,3.141,5.416,286.685,Yaw
0.743,1.484,0.967,44.065,42.630,286.685,Yaw
0.074,1.279,0.722,57.286,39.025,286.685,Yaw
-1.192,1.288,1.180,41.388,-18.489,286.685,Yaw
-1.884,0.750,1.214,33.066,5.154,204.785,Yaw
-1.883,1.104,0.986,-48.326,-11.217,-170.730,Yaw
-1.091,0.904,0.972,-42.945,-4.742,-286.685,Yaw
-0.417,1.450,0.460,-19.941,17.194,-286.685,Yaw
1.301,1.997,0.895,-45.841,-82.119,-286.685,Yaw
1.985,1.453,1.134,-5.504,-5.924,-286.685,Yaw
1.942,-0.517,0.969,22.855,17.194,-286.685,Yaw
1.816,-1.878,1.047,3.745,0.070,-154.674,Yaw
1.280,-1.079,1.044,7.735,-19.066,161.455,Yaw
1.029,-0.265,1.102,-20.825,-9.861,286.685,Yaw
1.160,0.797,0.933,-18.708,6.318,286.685,Yaw
1.176,0.772,0.919,11.646,-7.927,286.685,Yaw
0.503,1.431,1.370,26.889,19.145,286.685,Yaw
0.155,1.107,0.556,30.581,42.665,286.685,Yaw
-0.955,1.183,1.064,54.110,-3.763,286.685,Yaw
-1.950,0.911,1.089,35.954,7.262,239.820,Yaw
-1.868,1.030,0.997,-45.710,-14.403,-122.902,Yaw
-1.805,1.399,1.053,-47.425,-7.831,-286.545,Yaw
-0.178,1.681,0.668,-19.407,15.829,-286.685,Yaw
1.359,1.997,0.959,-47.688,-50.706,-286.685,Yaw
1.741,1.958,1.095,13.414,13.195,-286.685,Yaw
1.997,-0.162,1.157,37.888,24.920,-286.685,Yaw
1.998,-1.990,1.079,-29.225,-22.032,-220.133,Yaw
1.209,-1.090,1.117,44.485,12.127,211.986,Yaw
0.320,0.173,1.304,34.615,52.544,286.685,Yaw
1.053,0.493,0.833,-24.981,2.940,286.685,Yaw
0.620,0.715,1.566,-7.753,-52.710,286.685,Yaw
0.836,0.570,0.986,6.851,-22.846,286.685,Yaw
0.683,0.933,0.927,18.349,-8.864,286.685,Yaw
-0.387,0.968,1.051,16.975,22.330,286.685,Yaw
-0.779,0.763,1.055,33.985,-8.943,286.685,Yaw
-1.401,0.536,1.215,25.900,-2.765,174.326,Yaw
-0.722,0.234,1.026,-19.495,-12.180,14.149,Yaw
-1.268,0.542,1.157,-33.364,-10.255,-215.477,Yaw
-0.641,0.643,0.841,-43.697,-2.511,-286.685,Yaw
-0.189,1.201,0.856,7.700,-15.391,-286.685,Yaw
1.044,1.060,1.201,-18.174,-15.365,-286.685,Yaw
1.395,0.937,0.646,-9.467,14.551,-286.685,Yaw
1.362,-0.332,0.996,14.289,2.826,-286.685,Yaw
1.634,-1.244,1.045,13.011,-2.931,-230.178,Yaw
1.216,-1.118,1.115,1.872,-15.085,103.933,Yaw
0.807,0.305,1.007,-17.413,2.065,286.685,Yaw
0.697,0.405,0.893,6.834,14.586,286.685,Yaw
0.930,0.204,1.159,30.564,8.785,286.685,Yaw
1.035,0.847,0.918,37.625,60.594,286.685,Yaw
0.340,1.459,0.516,83.309,42.954,286.685,Yaw
-0.853,1.402,1.102,66.168,-12.224,286.685,Yaw
-1.999,1.129,1.264,58.546,18.874,259.446,Yaw
-1.702,0.944,1.053,-37.853,-21.962,-143.255,Yaw
-1.001,1.096,0.973,-87.754,-36.768,-286.685,Yaw
-0.168,0.807,1.197,-139.055,-35.385,-286.685,Yaw
0.409,1.387,0.280,-103.582,-27.545,-286.685,Yaw
1.245,1.238,0.499,-7.682,-23.975,-286.685,Yaw
1.694,-0.183,0.857,-11.874,-14.201,-286.685,Yaw
1.942,-1.188,1.022,4.095,-5.889,-125.562,Yaw
1.187,-0.820,1.022,0.840,-5.407,71.120,Yaw
1.057,-0.053,0.991,-1.426,12.924,286.125,Yaw
0.965,0.518,1.003,27.624,27.466,286.685,Yaw
0.740,0.528,1.128,31.456,31.903,286.685,Yaw
0.485,0.869,0.831,6.878,32.042,286.685,Yaw
-0.309,1.228,0.872,103.941,3.360,286.685,Yaw
-1.158,0.799,0.960,73.658,21.709,286.685,Yaw
-1.665,0.765,1.151,37.485,14.752,222.591,Yaw
-1.542,0.808,0.990,-28.945,-14.131,-88.944,Yaw
-0.927,0.719,1.061,-55.641,-24.036,-286.685,Yaw
-0.243,0.765,1.231,-95.366,-29.636,-286.685,Yaw
0.202,1.210,0.173,-96.626,-26.731,-286.685,Yaw
1.278,1.001,1.193,-9.153,-37.319,-286.685,Yaw
1.696,-0.084,1.069,-5.714,-11.664,-286.685,Yaw
1.880,-1.006,1.013,2.301,-4.480,-143.045,Yaw
1.417,-0.665,1.027,5.731,-6.116,92.426,Yaw
1.108,-0.072,0.934,9.161,6.597,286.685,Yaw
0.875,0.499,1.026,28.411,43.321,286.685,Yaw
0.756,0.737,0.875,35.709,53.725,286.685,Yaw
0.200,0.977,0.565,41.624,19.093,286.685,Yaw
-0.463,0.903,1.020,79.485,14.700,286.685,Yaw
-1.359,0.996,1.185,77.394,24.491,286.685,Yaw
-1.885,1.076,1.118,15.286,8.776,182.087,Yaw
-1.738,1.170,1.017,-32.900,-12.828,-176.496,Yaw
-0.649,0.813,0.956,-73.920,-23.896,-286.685,Yaw
-0.178,0.918,1.100,-50.531,17.798,-286.685,Yaw
0.624,1.649,0.829,-40.119,-52.806,-286.685,Yaw
1.737,1.203,0.976,-67.918,-97.326,-286.685,Yaw
1.998,-0.973,0.833,17.439,6.650,-286.685,Yaw
1.791,-1.574,1.045,9.712,-1.102,-101.938,Yaw
1.090,-0.275,1.049,-11.672,-15.890,226.310,Yaw
0.897,0.327,0.913,5.512,11.375,286.685,Yaw
0.877,0.308,1.097,31.325,13.571,286.685,Yaw
0.886,0.648,1.171,7.052,17.299,286.685,Yaw
0.289,1.217,0.092,29.417,1.496,286.685,Yaw
-0.771,1.150,1.281,152.268,35.403,286.685,Yaw
-1.098,1.063,0.931,68.058,12.635,286.685,Yaw
-1.856,0.918,1.287,21.753,-0.306,178.570,Yaw
-1.493,1.005,1.045,-35.709,-5.101,-148.024,Yaw
-0.466,0.658,0.937,-87.430,-21.166,-286.685,Yaw
0.076,0.468,1.014,-83.554,-6.869,-286.685,Yaw
0.229,0.666,0.371,-23.888,0.018,-286.685,Yaw
0.587,0.960,0.895,-33.469,-51.004,-286.685,Yaw
1.173,1.294,1.002,-29.138,-16.188,-286.685,Yaw
1.916,0.860,0.864,2.432,-3.124,-286.685,Yaw
1.921,-0.941,1.080,9.940,-5.968,-286.431,Yaw
1.193,-0.761,1.031,6.344,-31.483,-79.467,Yaw
0.921,-0.384,1.267,0.271,-78.339,124.959,Yaw
0.828,0.144,0.883,-3.605,-100.783,246.330,Yaw
0.794,0.440,0.194,24.981,92.181,286.685,Yaw
1.234,0.221,0.828,54.810,103.609,286.685,Yaw
1.026,0.948,0.905,32.314,132.379,286.685,Yaw
0.503,1.939,0.660,13.344,32.804,286.685,Yaw
-0.770,1.621,1.213,96.399,10.106,286.685,Yaw
-1.795,1.234,1.005,5.556,-7.193,286.676,Yaw
-1.661,0.964,1.013,-7.131,-24.579,157.456,Yaw
-0.844,0.583,0.978,1.523,-9.765,-77.954,Yaw
-0.516,0.446,1.085,-9.730,-7.586,-222.854,Yaw
-1.192,0.999,0.957,-77.577,-30.660,-286.685,Yaw
-0.636,1.426,1.044,-91.350,-13.370,-286.685,Yaw
0.923,1.997,0.392,-31.080,-10.045,-286.685,Yaw
1.998,1.271,1.195,-83.011,-151.883,-286.685,Yaw
1.998,-0.634,0.979,13.493,-3.150,-286.685,Yaw
1.998,-1.983,1.248,19.381,-8.986,-210.691,Yaw
1.534,-0.983,0.992,-1.444,-7.210,239.514,Yaw
1.625,0.547,0.824,28.184,62.729,286.685,Yaw
1.560,0.976,1.001,45.036,74.786,286.685,Yaw
0.955,1.674,0.530,33.932,84.927,286.685,Yaw
-0.371,1.834,1.313,42.691,-21.604,286.685,Yaw
-1.131,1.425,0.930,63.306,14.280,286.685,Yaw
-1.999,1.458,1.104,35.910,9.170,285.101,Yaw
-1.889,1.381,1.007,-19.294,-17.675,-50.759,Yaw
-1.190,1.186,1.072,-46.891,-17.334,-286.685,Yaw
-0.278,1.455,1.030,-105.613,-28.184,-286.685,Yaw
0.469,1.705,0.909,-101.054,-10.159,-286.685,Yaw
1.876,1.923,0.992,-54.653,-112.919,-286.685,Yaw
1.998,0.721,1.039,-4.235,3.194,-286.685,Yaw
1.998,-1.902,1.254,17.719,15.960,-264.513,Yaw
1.735,-0.847,1.113,7.823,-32.708,-0.385,Yaw
1.055,-0.043,0.966,-13.834,-17.124,274.531,Yaw
1.299,0.348,0.908,11.331,17.404,286.685,Yaw
1.057,0.646,1.271,32.401,37.118,286.685,Yaw
1.023,1.262,0.874,-4.629,58.424,286.685,Yaw
0.324,1.993,0.894,189.035,37.879,286.685,Yaw
-1.139,1.712,0.781,94.701,24.736,286.685,Yaw
-1.999,1.851,1.226,68.530,19.862,229.408,Yaw
-1.987,1.554,0.772,-48.510,-25.069,-82.906,Yaw
-0.788,1.042,1.120,-49.289,-15.566,-286.685,Yaw
-0.259,1.092,0.961,-107.354,-27.379,-286.685,Yaw
0.258,1.140,0.980,-49.814,8.785,-286.685,Yaw
1.364,1.595,0.626,-13.466,-60.296,-286.685,Yaw
1.952,0.987,0.789,-65.012,-47.653,-286.685,Yaw
1.998,-1.553,1.167,23.257,5.556,-284.769,Yaw
1.998,-1.556,1.246,11.979,-12.635,42.901,Yaw
1.448,0.356,1.066,-19.871,-3.027,286.685,Yaw
0.917,1.034,0.969,25.112,17.894,286.685,Yaw
0.520,1.316,1.044,38.596,45.526,286.685,Yaw
0.339,1.386,0.255,60.795,16.004,286.685,Yaw
-0.990,1.287,0.764,98.770,27.536,286.685,Yaw
-1.999,1.440,1.164,25.926,12.626,253.391,Yaw
-1.999,1.405,1.105,-73.255,-13.318,-159.959,Yaw
-1.441,1.466,0.983,-97.081,-16.441,-286.685,Yaw
-0.004,1.421,0.655,-47.626,10.824,-286.685,Yaw
1.523,1.344,0.676,-44.949,-76.213,-286.685,Yaw
1.998,1.136,1.173,-15.216,-15.663,-286.685,Yaw
1.998,-1.001,1.043,21.420,-10.911,-286.685,Yaw
1.967,-0.762,1.058,0.341,-0.464,46.498,Yaw
1.368,0.009,1.197,-28.507,1.199,286.685,Yaw
1.327,0.430,0.915,-25.664,-5.801,286.685,Yaw
0.727,1.236,1.492,31.544,-2.957,286.685,Yaw
-0.026,1.765,0.450,64.181,-3.500,286.685,Yaw
-1.090,1.422,0.780,191.345,55.493,286.685,Yaw
-1.999,1.617,1.591,94.806,31.710,286.685,Yaw
-1.999,1.559,0.930,-44.555,-16.704,-66.999,Yaw
-1.204,1.290,0.931,-83.396,-31.885,-286.685,Yaw
-0.306,1.031,0.970,-74.270,-0.009,-286.685,Yaw
0.676,1.665,0.794,-12.600,-15.479,-286.685,Yaw
1.974,1.574,1.198,-43.068,-82.967,-286.685,Yaw
1.998,0.478,0.789,11.148,4.821,-286.685,Yaw
1.998,-1.389,1.043,9.704,15.374,-278.836,Yaw
1.982,-1.057,1.098,0.123,-18.567,179.480,Yaw
1.561,0.460,0.946,-23.581,-4.340,286.685,Yaw
0.766,1.300,1.102,38.693,12.924,286.685,Yaw
0.525,1.546,0.800,22.076,42.053,286.685,Yaw
-0.704,1.823,0.754,133.438,10.220,286.685,Yaw
-1.999,1.559,1.420,110.670,25.349,274.199,Yaw
-1.999,1.414,1.192,-52.386,-31.736,-241.745,Yaw
-0.919,1.501,1.065,-34.265,-15.592,-286.685,Yaw
0.230,1.652,0.127,-9.756,17.824,-286.685,Yaw
1.700,1.560,0.771,-39.935,-133.035,-286.685,Yaw
1.989,0.836,0.681,-92.470,-113.452,-286.685,Yaw
1.998,-1.302,1.236,9.432,0.840,-285.311,Yaw
1.998,-1.334,1.149,2.056,-11.961,149.651,Yaw
1.751,0.458,1.122,-2.608,23.179,286.685,Yaw
1.243,1.402,0.644,37.607,95.524,286.685,Yaw
0.948,1.746,0.707,63.446,131.696,286.685,Yaw
-0.395,1.917,1.085,17.054,-26.364,286.685,Yaw
-1.065,1.859,1.086,78.549,13.974,286.685,Yaw
-1.999,1.602,1.193,-1.942,-6.064,272.081,Yaw
-1.999,1.940,0.954,-80.509,-21.656,-192.658,Yaw
-1.059,1.884,1.108,-101.378,-34.466,-286.685,Yaw
0.406,1.997,0.345,-126.368,-10.194,-286.685,Yaw
1.705,1.997,0.758,-55.134,-15.698,-286.685,Yaw
1.998,1.940,1.514,85.890,14.105,-286.685,Yaw
1.998,-1.059,1.506,-22.619,11.305,-286.685,Yaw
1.998,-1.890,0.770,9.196,0.438,26.556,Yaw
1.219,-0.598,1.444,106.925,38.693,221.795,Yaw
1.981,-0.833,-0.118,-52.518,17.028,286.685,Yaw
0.427,0.656,0.940,-29.785,-10.693,286.685,Yaw
0.379,0.834,0.890,-7.963,-15.050,286.685,Yaw
-0.340,0.826,1.094,29.041,7.219,286.685,Yaw
-0.433,0.483,0.897,49.009,52.307,286.685,Yaw
0.027,0.209,1.017,69.466,39.436,286.685,Yaw
-0.311,0.412,0.965,19.005,-3.290,286.685,Yaw
-0.878,0.565,1.149,25.585,-9.336,239.208,Yaw
-0.745,0.291,1.134,-8.102,-11.602,34.466,Yaw
-1.438,0.565,1.084,-27.737,-12.355,-201.714,Yaw
-0.981,0.739,1.163,-49.822,-23.695,-286.685,Yaw
-0.205,0.950,0.554,-86.310,-34.414,-286.685,Yaw
0.856,1.261,1.261,22.969,-20.895,-286.685,Yaw
1.399,0.952,1.046,-26.897,-27.764,-286.685,Yaw
1.641,0.017,0.932,-3.386,-8.435,-286.685,Yaw
1.292,-0.987,1.110,7.805,-12.460,-245.857,Yaw
1.057,-0.465,0.991,2.520,-18.095,45.211,Yaw
0.693,-0.369,0.935,0.184,5.548,236.040,Yaw
0.851,0.010,1.007,19.486,26.250,286.685,Yaw
0.947,0.491,0.824,35.866,56.324,286.685,Yaw
1.026,1.280,0.699,40.819,105.122,286.685,Yaw
0.085,1.597,0.625,59.903,59.518,286.685,Yaw
-1.769,1.396,1.083,84.298,13.956,286.685,Yaw
-1.999,1.099,1.289,-48.274,-23.835,29.654,Yaw
-1.981,1.312,0.929,-75.198,-30.039,-286.685,Yaw
0.011,0.714,1.358,-102.830,-42.682,-286.685,Yaw
0.507,1.332,0.414,-41.125,-50.680,-286.685,Yaw
1.779,0.878,1.181,-19.897,-24.929,-286.685,Yaw
1.987,0.090,1.115,3.290,-3.211,-286.685,Yaw
1.844,-1.170,1.034,-2.739,-9.686,-176.400,Yaw
1.174,-0.381,0.967,-6.414,-2.608,176.277,Yaw
1.208,0.016,0.965,-1.418,13.230,286.685,Yaw
0.883,0.395,1.212,32.751,14.709,286.685,Yaw
0.534,0.811,1.070,43.041,55.309,286.685,Yaw
-0.040,1.217,0.634,47.189,33.845,286.685,Yaw
-0.682,1.452,1.111,118.090,24.894,286.685,Yaw
-1.005,0.867,1.385,76.624,19.163,286.685,Yaw
-1.218,0.613,1.047,-17.264,0.604,143.640,Yaw
-0.536,0.279,1.000,-20.571,-2.214,-4.104,Yaw
-0.439,0.237,1.045,-28.446,-8.575,-107.844,Yaw
-0.727,0.376,0.985,-59.159,-18.795,-206.946,Yaw
-0.548,0.353,0.979,-60.419,-14.236,-286.685,Yaw
-0.203,0.759,0.550,-59.553,-21.333,-286.685,Yaw
0.606,0.943,1.042,1.925,-32.559,-286.685,Yaw
1.396,0.785,1.076,-20.458,-21.429,-286.685,Yaw
1.352,0.086,1.053,5.057,-2.039,-286.685,Yaw
1.260,-0.674,1.051,5.162,-6.230,-254.056,Yaw
0.930,-0.749,1.062,3.203,-11.174,-82.329,Yaw
0.899,-0.245,0.996,0.429,-5.591,178.622,Yaw
0.890,0.054,0.950,8.085,11.323,286.685,Yaw
0.752,0.288,1.091,20.317,26.775,286.685,Yaw
0.825,0.697,1.125,19.302,45.351,286.685,Yaw
0.642,1.144,0.707,32.900,26.749,286.685,Yaw
-0.605,1.448,1.126,157.999,39.489,286.685,Yaw
-1.083,1.080,0.961,78.418,11.585,286.685,Yaw
-1.747,0.868,1.159,8.243,19.425,221.165,Yaw
-1.014,0.636,0.941,-35.280,-4.918,-29.452,Yaw
-0.462,0.387,0.973,-46.585,-18.314,-172.113,Yaw
-0.552,0.294,1.004,-59.001,-19.994,-258.239,Yaw
-0.682,0.377,1.103,-59.544,-17.745,-286.685,Yaw
-0.177,1.002,0.851,16.494,-0.455,-286.685,Yaw
0.995,1.259,0.901,-71.540,-87.308,-286.685,Yaw
1.693,0.768,1.170,-28.359,-31.185,-286.685,Yaw
1.957,-0.384,0.920,2.713,1.934,-286.685,Yaw
1.442,-0.861,1.078,2.047,-13.475,-51.406,Yaw
0.985,-0.534,1.034,-9.476,-13.624,177.214,Yaw
0.934,0.014,0.908,6.878,2.354,286.685,Yaw
0.948,0.615,1.272,11.121,13.405,286.685,Yaw
0.614,1.156,0.632,-30.030,-4.182,286.685,Yaw
0.125,1.415,-0.037,103.119,14.560,286.685,Yaw
-0.352,0.902,1.332,180.303,63.009,286.685,Yaw
-1.529,1.038,1.020,54.303,29.698,286.685,Yaw
-1.821,1.001,1.097,-7.595,1.400,112.586,Yaw
-0.815,0.554,1.002,-16.923,-6.597,-13.431,Yaw
-0.788,0.524,1.016,-34.151,-18.708,-187.792,Yaw
-0.800,0.478,1.056,-56.280,-24.824,-286.685,Yaw
-0.417,0.607,0.922,-78.225,-17.999,-286.685,Yaw
0.169,1.101,0.755,-33.189,17.999,-286.685,Yaw
1.487,1.643,0.830,-89.022,-135.354,-286.685,Yaw
1.675,-0.138,1.131,-13.869,-19.486,-286.685,Yaw
1.675,-0.537,1.050,1.216,1.059,-286.685,Yaw
1.077,-0.836,1.084,10.833,-10.552,-35.963,Yaw
0.732,-0.236,1.018,-1.129,-1.768,227.649,Yaw
0.905,0.180,0.967,18.445,18.594,286.685,Yaw
0.991,0.386,1.117,17.045,22.181,286.685,Yaw
0.800,0.843,0.897,-21.394,10.281,286.685,Yaw
0.316,0.902,0.605,124.058,45.929,286.685,Yaw
-0.252,1.013,1.457,101.255,32.077,286.685,Yaw
-1.091,1.095,1.257,85.243,28.647,286.685,Yaw
-1.901,0.997,1.106,9.573,10.894,194.705,Yaw
-0.926,0.702,0.998,-24.080,-8.094,-74.559,Yaw
-0.549,0.391,1.066,-36.111,-15.733,-197.102,Yaw
-0.587,0.384,1.050,-67.751,-25.366,-286.685,Yaw
-0.247,0.282,1.093,-93.949,-39.673,-286.685,Yaw
0.090,0.886,0.513,-110.005,-38.334,-286.685,Yaw
0.854,0.925,0.752,-35.166,-16.940,-286.685,Yaw
1.447,0.331,0.929,1.890,-16.686,-286.685,Yaw
1.836,-0.464,1.017,8.347,3.316,-268.371,Yaw
1.379,-0.786,1.068,6.449,-5.582,80.412,Yaw
1.037,-0.273,1.015,12.110,6.282,274.172,Yaw
0.956,0.411,1.041,0.009,21.507,286.685,Yaw
0.701,0.765,0.780,-1.216,18.524,286.685,Yaw
0.090,1.100,0.485,104.886,51.013,286.685,Yaw
-0.480,0.698,0.976,126.954,47.390,286.685,Yaw
-1.443,0.964,0.981,51.188,23.433,286.685,Yaw
-1.260,0.634,1.075,-15.960,-3.920,83.484,Yaw
-1.197,0.798,0.994,-32.559,-13.011,-74.069,Yaw
-1.068,0.821,1.074,-55.816,-23.677,-286.108,Yaw
-0.417,0.784,1.065,-110.810,-30.188,-286.685,Yaw
0.554,1.527,0.547,-42.647,-29.365,-286.685,Yaw
1.593,1.173,0.939,-85.592,-101.124,-286.685,Yaw
1.939,0.088,1.577,50.295,10.141,-286.685,Yaw
1.967,-1.343,1.016,9.730,-4.349,-158.235,Yaw
1.468,-0.480,1.057,-2.485,-3.246,249.288,Yaw
1.199,0.089,0.893,-1.076,7.035,286.685,Yaw
0.810,0.729,1.215,20.134,19.548,286.685,Yaw
0.490,1.144,0.655,17.325,8.278,286.685,Yaw
-0.009,1.346,0.597,141.951,27.571,286.685,Yaw
-0.722,1.202,1.258,171.386,54.766,286.685,Yaw
-1.695,1.136,1.119,43.680,36.312,286.685,Yaw
-1.093,0.638,1.065,-17.859,0.070,102.165,Yaw
-0.938,0.658,1.006,-24.360,-8.199,-99.942,Yaw
-0.833,0.490,1.016,-51.607,-20.440,-231.193,Yaw
-0.893,0.704,1.144,-73.456,-28.744,-286.685,Yaw
-0.139,1.086,0.396,-80.159,-9.100,-286.685,Yaw
0.669,1.641,0.648,-46.086,-28.236,-286.685,Yaw
1.865,1.234,1.263,-41.151,-34.807,-286.685,Yaw
1.998,-0.411,1.034,27.195,11.305,-286.685,Yaw
1.861,-1.158,1.196,12.574,-4.585,-191.074,Yaw
1.087,-0.687,1.046,3.605,-22.365,20.554,Yaw
1.148,-0.231,1.035,-14.184,-2.074,268.914,Yaw
0.980,0.389,0.807,1.050,18.716,286.685,Yaw
0.855,0.639,1.061,23.170,2.914,286.685,Yaw
0.723,1.071,0.892,-42.770,-3.990,286.685,Yaw
-0.019,1.340,0.524,140.840,29.461,286.685,Yaw
-1.065,1.335,0.974,109.060,27.650,286.685,Yaw
-1.976,1.116,1.143,44.721,27.317,286.309,Yaw
-1.677,0.953,1.035,-26.976,-8.610,24.404,Yaw
-1.304,1.082,1.005,-66.675,-23.914,-283.964,Yaw
-0.348,0.779,0.995,-92.794,-20.493,-286.685,Yaw
0.101,0.856,0.561,-60.244,1.496,-286.685,Yaw
1.494,0.870,0.962,-72.940,-41.265,-286.685,Yaw
1.909,0.841,0.796,-96.232,-11.296,-286.685,Yaw
1.998,-0.458,0.166,116.244,30.660,-220.019,Yaw
1.670,-0.903,1.250,12.504,-9.039,60.839,Yaw
1.247,-0.122,1.004,2.257,-1.295,286.685,Yaw
0.933,0.613,0.846,22.759,27.317,286.685,Yaw
0.508,0.932,0.910,71.619,72.021,286.685,Yaw
-0.414,1.245,0.646,65.686,22.654,286.685,Yaw
-1.420,1.051,0.951,53.638,-0.945,286.685,Yaw
-1.434,0.699,1.223,28.376,5.416,147.367,Yaw
-1.345,0.694,0.986,-18.471,-7.472,-6.545,Yaw
-1.122,0.737,1.077,-31.517,-12.075,-280.210,Yaw
-0.354,0.612,1.181,-54.845,-10.561,-286.685,Yaw
0.122,1.329,0.703,-7.577,-54.022,-286.685,Yaw
1.272,1.484,0.976,-99.925,-132.545,-286.685,Yaw
1.649,0.148,1.132,-2.695,-10.894,-286.685,Yaw
1.616,-0.695,1.038,14.070,-2.021,-284.497,Yaw
1.320,-1.027,1.055,9.669,-16.546,-18.856,Yaw
1.275,-0.955,1.168,3.596,-15.960,187.827,Yaw
0.927,0.487,0.869,-5.793,39.952,286.685,Yaw
0.516,0.744,0.864,24.395,19.206,286.685,Yaw
0.329,0.807,1.359,32.182,35.324,286.685,Yaw
0.399,0.862,0.699,-21.070,1.977,286.685,Yaw
-0.311,1.302,0.517,113.461,12.976,286.685,Yaw
-1.449,0.926,1.256,60.261,18.830,286.650,Yaw
-1.998,0.719,1.100,-21.726,3.771,140.149,Yaw
-1.988,1.269,0.985,-81.874,-22.234,-278.941,Yaw
-0.157,0.919,1.031,-106.566,-25.655,-286.685,Yaw
1.130,1.245,0.918,-33.994,-46.069,-286.685,Yaw
1.529,1.405,1.037,-31.430,-30.240,-286.685,Yaw
1.911,-0.004,0.934,0.219,8.330,-286.685,Yaw
1.940,-1.373,0.994,15.496,2.091,-172.200,Yaw
1.447,-0.969,1.125,-0.788,-13.212,208.163,Yaw
0.869,-0.049,1.004,-10.325,0.192,286.685,Yaw
0.943,0.603,1.019,15.146,19.451,286.685,Yaw
0.552,1.033,1.192,9.389,20.921,286.685,Yaw
-0.216,1.189,0.861,53.559,36.269,286.685,Yaw
-0.798,0.841,1.111,81.147,29.312,286.685,Yaw
-1.141,0.728,1.004,29.794,-1.138,271.539,Yaw
-0.709,0.187,1.127,-1.881,2.415,89.486,Yaw
-0.546,0.301,0.958,-25.183,-3.876,13.851,Yaw
-0.493,0.154,1.042,-37.205,-13.274,-92.864,Yaw
-0.418,-0.044,1.123,-37.572,-13.361,-193.961,Yaw
-0.588,0.395,0.922,-77.613,-27.038,-286.685,Yaw
-0.404,0.756,0.600,-55.519,-41.641,-286.685,Yaw
0.753,0.898,1.070,-7.718,-3.369,-286.685,Yaw
1.282,0.179,1.029,-18.384,6.720,-286.685,Yaw
1.393,-0.588,1.067,11.165,5.128,-285.906,Yaw
1.330,-0.863,1.034,6.387,-6.064,-162.015,Yaw
1.110,-0.743,1.065,-1.741,-9.109,165.148,Yaw
1.416,0.044,1.030,9.222,6.344,286.685,Yaw
1.490,0.618,1.216,-16.625,-0.333,286.685,Yaw
0.859,1.377,0.545,17.255,2.231,286.685,Yaw
-0.529,1.457,1.117,179.393,29.120,286.685,Yaw
-1.990,1.490,1.142,95.760,25.734,286.633,Yaw
-1.957,1.160,1.425,13.029,-3.150,69.694,Yaw
-1.635,1.418,1.017,-75.232,-26.451,-286.685,Yaw
0.050,1.084,1.101,-135.258,-38.167,-286.685,Yaw
0.867,1.099,0.556,-67.051,-33.416,-286.685,Yaw
1.228,1.055,1.009,-11.926,-21.770,-286.685,Yaw
1.846,-0.044,1.556,28.551,20.624,-286.685,Yaw
1.904,-1.428,1.016,8.951,-1.339,-102.314,Yaw
1.998,-0.808,1.107,-9.993,-3.964,284.751,Yaw
1.280,0.550,0.888,1.496,11.602,286.685,Yaw
0.930,1.067,0.979,11.506,5.198,286.685,Yaw
0.057,1.245,0.538,71.418,14.884,286.685,Yaw
-0.589,1.165,0.907,167.702,44.021,286.685,Yaw
-1.579,1.057,1.316,108.911,36.671,286.685,Yaw
-1.334,0.803,1.135,10.693,3.465,103.749,Yaw
-0.899,0.726,1.025,-18.559,-7.840,-89.040,Yaw
-0.837,0.645,1.017,-40.101,-20.808,-234.316,Yaw
-0.691,0.565,1.099,-62.790,-31.544,-286.685,Yaw
0.018,0.589,0.792,-65.004,-8.374,-286.685,Yaw
0.893,0.930,0.783,-61.399,-83.274,-286.685,Yaw
1.129,0.800,0.774,-80.089,-75.967,-286.685,Yaw
1.626,-0.010,0.979,-3.693,4.585,-286.685,Yaw
1.794,-0.924,0.958,1.942,-6.597,-159.066,Yaw
1.507,-0.747,1.108,-4.541,-11.646,211.601,Yaw
0.941,0.122,1.056,15.085,9.852,286.685,Yaw
0.974,0.540,1.068,6.624,29.067,286.685,Yaw
0.198,1.238,0.483,17.176,1.610,286.685,Yaw
-0.536,1.154,0.740,96.915,12.224,286.685,Yaw
-1.249,0.759,1.307,131.889,32.524,286.685,Yaw
-1.605,0.837,1.173,18.331,2.231,148.181,Yaw
-1.544,0.920,1.023,-32.568,-9.739,-119.866,Yaw
-1.316,0.889,0.989,-51.966,-12.539,-285.504,Yaw
-0.336,0.632,1.085,-124.478,-36.680,-286.685,Yaw
0.558,1.145,0.660,-73.238,-36.251,-286.685,Yaw
1.620,1.096,0.539,1.741,-17.491,-286.685,Yaw
1.995,0.206,1.064,0.262,19.784,-286.685,Yaw
1.786,-1.189,1.094,12.005,-3.938,-183.277,Yaw
1.234,-0.586,1.026,3.045,-5.066,161.490,Yaw
1.034,-0.327,0.951,11.261,7.403,286.685,Yaw
0.673,0.474,1.008,12.302,13.597,286.685,Yaw
0.553,0.797,1.069,-19.775,-2.013,286.685,Yaw
-0.056,0.974,0.708,53.305,11.366,286.685,Yaw
-0.461,0.888,0.827,132.423,49.761,286.685,Yaw
-1.509,0.936,1.170,64.794,15.908,286.650,Yaw
-1.862,0.795,1.149,-21.507,-11.585,14.691,Yaw
-1.199,0.950,1.039,-51.091,-20.799,-286.685,Yaw
-0.032,0.703,1.237,-70.927,-18.165,-286.685,Yaw
0.611,0.585,1.168,10.938,-6.694,-286.685,Yaw
0.903,1.164,0.847,-106.444,-103.740,-286.685,Yaw
1.854,-0.054,1.613,41.991,9.573,-286.685,Yaw
1.783,-0.535,1.064,6.099,10.955,-284.358,Yaw
1.543,-0.951,1.091,13.396,-13.475,4.532,Yaw
1.071,-0.298,1.015,6.466,27.983,285.259,Yaw
0.628,0.424,0.811,24.351,105.158,286.685,Yaw
0.506,0.796,0.518,17.474,89.460,286.685,Yaw
-0.392,1.158,1.683,-33.548,-53.042,286.685,Yaw
-1.358,1.077,1.127,66.666,1.426,286.685,Yaw
-1.999,0.967,1.279,-12.714,-26.478,46.804,Yaw
-1.980,1.292,1.048,-57.820,-25.716,-268.975,Yaw
0.102,0.949,0.642,-91.866,-43.829,-286.685,Yaw
1.016,1.159,0.901,-23.021,-31.413,-286.685,Yaw
1.837,0.423,1.545,30.511,15.881,-286.685,Yaw
1.998,-1.226,0.994,4.209,-3.509,-242.305,Yaw
1.433,-0.349,1.048,-1.610,-10.054,169.444,Yaw
0.814,0.184,1.086,16.756,1.225,286.685,Yaw
0.702,0.205,1.163,10.999,10.299,286.685,Yaw
0.626,0.833,0.811,-15.899,13.877,286.685,Yaw
-0.216,1.275,0.471,108.500,33.189,286.685,Yaw
-0.882,0.895,1.026,126.114,35.263,286.685,Yaw
-0.912,0.643,1.080,57.496,17.701,283.955,Yaw
-1.432,0.489,1.036,5.302,-3.220,129.841,Yaw
-1.592,0.704,1.020,-25.340,-14.691,-124.101,Yaw
-1.406,0.810,1.096,-48.711,-29.330,-286.685,Yaw
-0.148,0.539,1.202,-131.101,-50.181,-286.685,Yaw
0.788,1.255,0.656,-25.664,-14.621,-286.685,Yaw
1.532,1.204,0.684,-27.300,-30.861,-286.685,Yaw
1.751,-0.158,1.135,-1.391,-3.412,-286.685,Yaw
1.956,-1.156,1.114,6.405,-3.062,-167.492,Yaw
1.335,-0.706,1.059,4.891,-5.854,216.536,Yaw
0.958,0.358,0.988,22.286,40.644,286.685,Yaw
0.835,0.662,0.885,46.515,73.701,286.685,Yaw
0.176,0.989,0.903,-39.699,-7.420,286.685,Yaw
-1.403,1.275,0.894,79.783,6.886,286.685,Yaw
-1.967,0.785,1.356,45.736,3.658,151.270,Yaw
-1.999,1.127,1.096,-46.077,-28.525,-106.680,Yaw
-1.000,1.161,0.883,-82.635,-23.275,-286.685,Yaw
0.485,1.041,0.975,10.911,-33.967,-286.685,Yaw
1.120,1.409,0.592,-39.322,-27.046,-286.685,Yaw
1.998,0.338,0.848,3.054,5.180,-286.685,Yaw
1.998,-1.561,1.047,6.309,-5.040,-166.521,Yaw
1.265,-0.011,0.942,-2.756,-20.484,261.783,Yaw
0.634,0.297,0.942,-14.403,12.775,286.685,Yaw
0.720,0.201,1.060,6.361,-2.380,286.685,Yaw
0.586,0.689,1.225,24.780,18.270,286.685,Yaw
-0.292,1.005,0.442,68.705,66.019,286.685,Yaw
-0.711,0.941,1.108,133.166,75.670,286.685,Yaw
-1.636,1.063,0.913,16.362,-11.392,278.828,Yaw
-1.689,0.738,1.089,-33.801,-12.364,-16.319,Yaw
-1.126,0.754,1.082,-61.941,-20.291,-286.326,Yaw
-0.344,0.586,0.437,-56.656,1.750,-286.685,Yaw
0.753,0.497,1.085,-10.736,-48.344,-286.685,Yaw
1.057,0.896,0.894,-61.250,-65.651,-286.685,Yaw
1.402,0.671,0.967,11.594,-3.526,-286.685,Yaw
1.998,-0.994,1.076,6.142,-3.658,-273.271,Yaw
1.716,-1.117,1.233,-0.044,-21.595,138.285,Yaw
0.708,0.439,0.867,12.075,16.835,286.685,Yaw
0.552,0.529,1.087,27.160,35.630,286.685,Yaw
0.204,1.080,0.792,-12.049,12.337,286.685,Yaw
-0.908,1.105,0.814,44.327,0.866,286.685,Yaw
-1.732,0.927,1.281,42.481,-13.160,238.367,Yaw
-1.830,0.743,1.082,-39.576,-24.097,35.682,Yaw
-1.513,0.907,0.852,-33.451,14.936,-283.929,Yaw
-0.099,1.167,1.450,71.855,42.131,-286.685,Yaw
1.042,1.403,0.719,-52.868,-59.780,-286.685,Yaw
1.857,1.244,1.180,-27.317,-73.614,-286.685,Yaw
1.998,-0.701,1.010,6.668,6.501,-286.379,Yaw
1.784,-0.808,1.130,12.792,-15.566,114.887,Yaw
1.210,-0.000,1.045,-6.352,-15.654,286.685,Yaw
0.620,0.409,0.878,-12.390,2.082,286.685,Yaw
0.330,0.735,1.272,3.797,-5.653,286.685,Yaw
-0.199,0.872,0.856,-0.499,-13.230,286.685,Yaw
-0.430,0.719,0.757,22.811,2.135,286.685,Yaw
-0.525,0.630,0.899,102.043,30.879,286.685,Yaw
-1.552,0.766,1.242,64.365,25.069,279.186,Yaw
-1.999,0.783,1.164,-43.400,-18.104,-90.493,Yaw
-1.448,0.872,1.003,-76.527,-20.808,-286.606,Yaw
0.144,1.090,0.939,15.733,-21.192,-286.685,Yaw
1.126,1.115,1.003,-58.301,-55.134,-286.685,Yaw
1.376,1.340,0.976,-14.306,25.270,-286.685,Yaw
1.998,-0.252,1.161,23.065,21.595,-286.685,Yaw
1.998,-1.181,1.067,14.123,-17.089,-21.114,Yaw
1.253,0.104,1.081,-7.884,-18.891,286.685,Yaw
0.857,0.486,0.857,-6.825,4.130,286.685,Yaw
0.584,0.792,1.274,29.164,20.160,286.685,Yaw
0.083,1.245,0.732,-1.321,3.185,286.685,Yaw
-0.486,1.095,0.779,127.741,36.286,286.685,Yaw
-0.813,1.071,1.472,159.399,33.784,286.685,Yaw
-1.451,1.032,1.078,51.327,19.329,281.820,Yaw
-1.478,0.786,1.084,-13.624,-5.180,53.821,Yaw
-1.587,0.860,0.951,-46.751,-20.011,-278.119,Yaw
-0.844,0.928,1.094,-55.877,-24.185,-286.685,Yaw
0.251,1.417,0.658,-43.838,-16.327,-286.685,Yaw
1.165,1.820,0.641,-92.698,-119.936,-286.685,Yaw
1.752,1.445,0.832,-54.110,-61.355,-286.685,Yaw
1.998,-1.043,0.941,5.731,7.026,-286.685,Yaw
1.836,-0.826,1.089,7.367,-15.365,158.086,Yaw
1.078,0.372,1.023,-6.003,4.051,286.685,Yaw
0.928,0.677,0.939,14.525,12.101,286.685,Yaw
0.605,1.016,1.014,-5.880,-6.843,286.685,Yaw
-0.083,1.152,0.664,29.759,0.315,286.685,Yaw
-0.737,0.922,0.890,120.592,31.045,286.685,Yaw
-1.313,0.950,1.165,106.969,37.170,286.685,Yaw
-1.157,0.616,1.135,-17.596,-0.298,160.484,Yaw
-0.911,0.526,0.974,-26.372,-7.035,-33.303,Yaw
-1.162,0.483,1.138,-58.345,-23.459,-273.044,Yaw
-1.019,0.909,0.854,-100.695,-7.350,-286.685,Yaw
0.597,0.845,1.348,-17.080,-23.144,-286.685,Yaw
1.890,0.776,1.163,-24.010,-6.037,-286.685,Yaw
1.994,0.600,0.984,-2.905,15.006,-286.685,Yaw
1.598,-0.513,1.314,24.378,9.520,-281.934,Yaw
1.106,-0.437,1.125,14.114,-16.100,-141.260,Yaw
1.125,-0.770,1.070,0.726,-32.042,94.841,Yaw
0.950,-0.350,0.972,-11.314,-18.515,275.397,Yaw
0.696,0.414,1.091,21.788,12.066,286.685,Yaw
0.601,1.110,0.770,-15.312,25.760,286.685,Yaw
0.220,1.386,0.869,46.112,3.334,286.685,Yaw
-0.420,1.246,0.677,124.128,8.767,286.685,Yaw
-1.504,1.167,0.860,99.636,31.990,286.685,Yaw
-1.990,0.722,1.263,-15.304,-1.225,118.991,Yaw
-1.999,1.235,1.055,-61.014,-16.196,-284.419,Yaw
-0.765,1.430,0.803,-117.338,-22.365,-286.685,Yaw
0.612,1.794,0.430,-49.044,-8.461,-286.685,Yaw
1.943,1.947,0.883,-65.765,-75.469,-286.685,Yaw
1.998,1.192,1.126,6.554,22.251,-286.685,Yaw
1.998,-1.734,1.218,27.921,14.070,-276.045,Yaw
1.995,-1.088,1.167,8.671,-32.130,218.251,Yaw
1.099,0.928,0.912,-15.453,1.558,286.685,Yaw
0.781,1.083,0.922,28.683,15.733,286.685,Yaw
0.420,1.169,1.395,14.770,21.551,286.685,Yaw
0.093,1.279,0.447,41.676,5.679,286.685,Yaw
-0.727,1.326,1.067,182.402,34.326,286.685,Yaw
-1.284,1.058,1.262,95.882,40.145,286.685,Yaw
-1.743,0.765,1.260,-10.990,2.861,160.738,Yaw
-1.866,1.278,1.056,-62.318,-18.244,-247.511,Yaw
-1.483,1.590,0.840,-96.145,-16.949,-286.685,Yaw
0.340,1.551,0.274,-77.420,-21.647,-286.685,Yaw
1.759,1.667,0.888,-70.901,-77.035,-286.685,Yaw
1.998,1.210,0.499,-12.854,43.601,-286.685,Yaw
1.998,-0.746,1.093,31.054,41.064,-286.685,Yaw
1.994,-1.151,1.188,12.276,-25.865,75.101,Yaw
1.204,0.221,1.082,-18.007,-21.577,286.685,Yaw
0.817,0.662,0.842,-1.584,-7.508,286.685,Yaw
0.424,0.796,0.977,32.007,-6.457,286.685,Yaw
0.104,0.856,0.696,3.027,19.862,286.685,Yaw
-0.474,1.068,0.825,122.780,36.103,286.685,Yaw
-1.193,1.280,1.504,113.575,12.267,286.685,Yaw
-1.828,0.906,1.201,27.781,3.701,176.120,Yaw
-1.779,0.817,0.937,-26.337,-12.355,-145.688,Yaw
-0.770,0.429,1.071,-68.793,-32.944,-286.685,Yaw
0.061,0.848,0.585,-154.577,-53.506,-286.685,Yaw
0.585,1.419,0.397,-53.025,-49.551,-286.685,Yaw
1.402,1.256,1.158,-15.960,-20.195,-286.685,Yaw
1.954,0.421,0.827,-0.394,1.015,-286.685,Yaw
1.998,-1.563,1.106,13.842,-17.596,-105.761,Yaw
1.998,-1.031,1.078,-1.925,-3.832,254.231,Yaw
0.860,1.617,0.894,44.949,86.590,286.685,Yaw
0.235,1.171,1.030,51.861,119.061,286.685,Yaw
-0.195,1.181,0.879,2.126,19.014,286.685,Yaw
-1.048,1.265,0.995,82.897,7.464,286.685,Yaw
-1.999,1.095,1.266,35.612,7.184,262.185,Yaw
-1.999,1.423,0.923,-49.717,-20.895,-223.667,Yaw
-1.671,1.508,0.994,-67.970,-27.834,-286.685,Yaw
0.154,1.997,-0.014,-97.659,-20.256,-286.685,Yaw
1.872,1.997,1.014,-58.415,-133.149,-286.685,Yaw
1.998,1.210,1.515,25.462,42.761,-286.685,Yaw
1.998,-1.999,1.099,18.305,3.325,-258.571,Yaw
1.659,-0.355,1.146,6.562,-38.264,271.416,Yaw
0.630,0.894,0.774,-24.255,11.585,286.685,Yaw
0.503,0.766,0.810,2.406,12.530,286.685,Yaw
-0.019,0.625,0.994,19.670,8.592,286.685,Yaw
-0.216,0.727,0.905,-13.344,4.996,286.685,Yaw
-0.554,0.705,0.636,49.184,14.000,286.685,Yaw
-1.357,0.820,0.932,78.750,19.714,286.685,Yaw
-1.994,0.672,1.285,-19.478,-8.566,19.976,Yaw
-1.554,0.737,0.438,-23.538,21.298,-286.685,Yaw
-0.103,1.238,1.058,-72.739,-110.469,-286.685,Yaw
1.118,1.166,1.082,-51.704,-47.206,-286.685,Yaw
1.998,0.229,0.996,25.856,16.739,-286.685,Yaw
1.998,-1.405,1.128,8.881,-5.198,-60.917,Yaw
1.699,0.219,0.987,-13.773,-5.495,286.186,Yaw
0.714,0.604,0.869,-11.384,8.085,286.685,Yaw
0.528,0.510,0.890,25.690,13.501,286.685,Yaw
0.174,0.744,1.029,28.945,52.868,286.685,Yaw
-0.076,0.972,0.598,0.175,-17.894,286.685,Yaw
-1.169,0.918,1.090,90.493,7.481,286.685,Yaw
-1.973,0.935,1.350,29.479,2.949,163.380,Yaw
-1.999,1.059,0.950,-68.688,-18.708,-217.770,Yaw
-1.266,0.964,1.149,-77.980,-14.158,-286.685,Yaw
-0.064,1.501,0.468,-65.319,-13.632,-286.685,Yaw
1.265,1.405,1.346,-17.211,-37.179,-286.685,Yaw
1.992,0.666,0.991,21.149,18.576,-286.685,Yaw
1.998,-1.240,1.125,24.132,11.235,-281.339,Yaw
1.992,-0.671,0.981,0.009,-17.124,216.361,Yaw
0.826,0.702,1.025,-20.948,-1.514,286.685,Yaw
0.396,0.764,0.782,19.302,-16.275,286.685,Yaw
0.059,0.503,1.314,24.290,-4.620,286.685,Yaw
-0.858,0.996,0.716,-25.690,-14.823,286.685,Yaw
-1.999,0.819,1.192,17.334,-2.214,222.766,Yaw
-1.982,0.767,0.912,-21.315,-15.269,3.526,Yaw
-1.503,0.840,0.883,3.736,9.573,-286.142,Yaw
0.158,0.640,1.407,-10.115,-9.748,-286.685,Yaw
1.179,0.866,0.890,11.007,34.431,-286.685,Yaw
1.998,-0.052,0.984,27.309,28.376,-286.685,Yaw
1.998,-0.723,1.146,8.243,-9.188,44.048,Yaw
1.363,0.282,0.854,-21.122,-2.284,286.685,Yaw
0.589,0.387,0.953,8.531,-31.745,286.685,Yaw
-0.008,0.546,1.052,14.262,-8.417,286.685,Yaw
0.078,0.633,0.962,22.593,32.147,286.685,Yaw
-0.077,0.754,0.803,73.526,37.949,286.685,Yaw
-0.994,0.861,0.910,31.378,-8.759,284.655,Yaw
-1.856,0.862,1.379,14.586,-2.196,81.751,Yaw
-1.644,1.010,0.864,-101.929,-36.400,-283.378,Yaw
-0.075,0.621,0.558,-84.936,-20.930,-286.685,Yaw
0.133,0.806,0.946,-27.834,9.809,-286.685,Yaw
0.870,0.947,0.924,7.385,4.506,-286.685,Yaw
1.731,0.297,1.072,16.677,14.096,-286.685,Yaw
1.970,-1.415,1.046,11.611,-1.636,-160.650,Yaw
1.844,-0.675,1.049,-4.069,-11.681,152.486,Yaw
1.181,0.313,0.922,-12.521,-6.799,286.685,Yaw
0.859,0.880,1.042,19.451,5.276,286.685,Yaw
0.256,0.962,0.638,1.304,-5.906,286.685,Yaw
-0.412,1.205,0.628,82.941,18.909,286.685,Yaw
-1.776,0.995,1.087,118.195,37.362,286.685,Yaw
-1.996,0.835,1.244,-10.579,-4.742,37.546,Yaw
-1.900,1.258,0.892,-49.438,-20.073,-286.265,Yaw
-0.247,0.626,0.925,-68.005,-7.691,-286.685,Yaw
0.499,0.525,0.886,-14.892,-57.785,-286.685,Yaw
1.237,0.786,0.768,-61.329,-50.732,-286.685,Yaw
1.876,0.823,1.128,-0.647,12.267,-286.685,Yaw
1.998,-0.784,1.106,7.184,1.260,-231.262,Yaw
1.980,-0.563,0.979,-5.390,-7.997,211.321,Yaw
0.958,0.494,1.079,16.336,2.328,286.685,Yaw
-0.023,0.770,1.323,34.982,9.940,286.685,Yaw
-1.103,1.364,0.638,-11.156,-7.227,286.685,Yaw
-1.901,0.770,1.012,53.751,9.100,245.026,Yaw
-1.036,0.314,1.053,-2.494,-4.226,34.160,Yaw
-0.911,0.358,1.057,-18.077,-3.745,-60.244,Yaw
-0.574,0.301,0.794,-50.671,-13.484,-211.452,Yaw
-0.057,0.168,1.184,22.802,-6.265,-286.685,Yaw
0.118,0.340,1.194,-22.628,-33.618,-286.685,Yaw
0.926,0.505,0.792,-38.185,-31.211,-286.685,Yaw
1.666,0.226,1.038,32.261,41.046,-286.685,Yaw
1.837,-0.768,1.124,12.390,-19.775,-168.280,Yaw
1.439,-0.429,0.920,1.435,-1.628,176.461,Yaw
0.814,0.139,0.949,7.394,18.725,286.685,Yaw
-0.188,0.335,0.905,37.923,42.901,286.685,Yaw
-0.958,0.673,1.006,-34.283,2.914,286.685,Yaw
-1.605,0.690,0.900,-29.794,-18.401,280.936,Yaw
-1.265,0.208,1.043,12.425,-6.773,45.045,Yaw
-0.487,0.353,0.698,9.896,-9.021,-147.044,Yaw
0.469,0.057,1.168,1.321,-13.799,-214.979,Yaw
0.342,-0.175,1.016,-19.451,-25.506,-216.729,Yaw
0.380,0.153,1.053,-6.387,-4.786,-262.745,Yaw
0.781,-0.117,1.049,7.954,-8.584,-259.306,Yaw
0.688,-0.144,1.047,4.734,-7.910,-165.935,Yaw
0.546,-0.422,0.962,3.780,-9.844,-58.424,Yaw
0.475,-0.277,1.004,6.029,0.262,110.679,Yaw
0.525,-0.218,1.127,-2.564,4.366,271.994,Yaw
0.315,0.065,1.130,-13.807,3.386,286.685,Yaw
-0.334,0.175,0.869,-27.003,-19.679,283.509,Yaw
-0.696,0.266,0.961,15.951,-3.806,173.110,Yaw
-0.216,0.246,1.025,11.847,8.873,-38.185,Yaw
-0.374,0.327,1.116,0.665,-12.416,-155.068,Yaw
-0.521,0.823,1.071,2.118,-8.767,-285.696,Yaw
0.190,0.432,1.467,8.312,32.104,-286.685,Yaw
1.085,-0.029,0.904,-9.266,27.781,-286.685,Yaw
1.670,-0.156,1.187,13.326,-88.217,-286.571,Yaw
0.816,-0.562,1.320,5.898,-19.250,-40.670,Yaw
0.984,-0.361,1.062,-2.660,10.535,229.049,Yaw
0.918,-0.220,1.040,-10.771,27.134,286.685,Yaw
1.066,0.234,1.175,-9.450,9.844,286.685,Yaw
0.661,1.036,0.834,-11.252,12.915,286.685,Yaw
-1.433,0.865,0.687,49.446,21.753,286.685,Yaw
-1.999,1.203,1.210,55.029,13.790,249.104,Yaw
-1.497,0.398,1.283,-71.111,-29.986,-147.193,Yaw
-0.875,0.650,1.018,-102.401,-24.920,-286.685,Yaw
-0.145,0.812,0.814,-36.803,23.048,-286.685,Yaw
0.379,0.949,0.767,17.587,17.806,-286.685,Yaw
1.284,0.912,0.755,139.913,22.558,-286.685,Yaw
1.998,-0.944,1.093,11.156,-0.157,-279.116,Yaw
1.889,-0.346,1.102,-4.532,-7.000,207.926,Yaw
0.261,0.631,0.954,1.820,0.551,286.685,Yaw
-0.047,0.047,1.146,28.971,4.673,286.685,Yaw
0.121,0.329,1.198,-36.505,-18.288,286.685,Yaw
-0.533,0.694,1.106,-23.371,-33.513,286.685,Yaw
-1.694,0.924,0.523,27.948,18.445,272.615,Yaw
-0.583,0.116,1.392,38.124,17.159,9.564,Yaw
-0.348,0.359,0.956,-19.766,-16.450,-150.579,Yaw
-0.223,0.406,0.919,-11.646,-34.737,-250.128,Yaw
0.375,-0.022,1.119,6.746,-19.241,-286.685,Yaw
0.568,-0.107,0.940,0.368,-25.935,-259.131,Yaw
0.613,-0.432,0.858,18.270,62.064,-194.075,Yaw
0.743,-0.457,1.012,-6.886,-8.444,-127.155,Yaw
0.613,-0.225,0.986,3.229,-10.964,-30.188,Yaw
0.394,-0.446,1.084,2.432,-5.932,174.475,Yaw
0.192,-0.278,0.928,-4.454,5.758,286.685,Yaw
0.202,0.406,0.938,25.541,32.900,286.685,Yaw
-0.243,0.374,1.059,40.399,45.526,270.226,Yaw
-0.862,0.340,0.947,-6.221,0.700,112.245,Yaw
-0.508,0.235,0.897,-1.820,-6.895,-66.334,Yaw
-0.710,0.378,1.043,-0.350,-22.776,-190.094,Yaw
-0.044,0.418,1.024,-36.768,-40.145,-286.685,Yaw
-0.017,0.169,1.406,27.816,-0.184,-286.685,Yaw
-0.323,0.570,0.983,-41.772,-47.967,-286.685,Yaw
1.256,0.018,0.835,1.111,-16.459,-286.685,Yaw
1.414,-0.667,1.152,4.366,-4.296,-105.420,Yaw
1.035,-0.259,1.022,-7.315,0.210,121.030,Yaw
1.055,-0.287,1.009,-4.742,4.664,270.392,Yaw
1.023,-0.082,1.020,9.958,10.587,286.685,Yaw
1.048,0.665,1.182,23.721,28.761,286.685,Yaw
-0.506,0.635,1.183,-27.755,17.483,286.685,Yaw
-1.644,0.891,0.789,23.677,8.146,258.046,Yaw
-1.238,0.288,1.197,24.237,13.011,-50.636,Yaw
-0.699,0.625,1.171,-69.720,-49.411,-264.171,Yaw
-0.681,0.464,0.452,-48.528,-39.576,-286.685,Yaw
-0.652,0.268,1.112,53.961,21.656,-286.685,Yaw
0.200,0.674,1.136,-1.628,-31.439,-286.685,Yaw
1.266,0.622,1.026,8.050,-5.355,-286.685,Yaw
1.998,-0.257,1.060,9.275,15.531,-273.525,Yaw
1.657,-0.594,1.084,-7.175,2.914,73.456,Yaw
0.707,0.227,0.894,-7.779,5.854,279.860,Yaw
0.745,0.044,0.959,21.000,-17.360,286.685,Yaw
0.540,0.000,1.136,28.770,-0.551,286.685,Yaw
0.636,0.390,1.231,26.215,33.731,286.685,Yaw
-0.780,1.182,0.725,41.764,78.654,286.685,Yaw
-1.059,1.070,1.313,146.344,85.916,284.244,Yaw
-1.364,0.584,1.341,-51.345,-57.339,89.215,Yaw
-1.192,0.591,0.969,-46.270,-32.139,6.738,Yaw
-0.727,0.656,1.052,-14.691,-5.285,-160.352,Yaw
-0.341,0.724,0.656,-11.847,3.666,-274.041,Yaw
0.635,-0.008,0.988,-64.759,-85.610,-286.685,Yaw
0.947,-0.014,1.043,-13.667,-14.175,-286.685,Yaw
1.000,-0.147,1.109,3.229,10.448,-286.685,Yaw
1.817,-0.184,0.986,-0.989,16.642,-255.675,Yaw
1.993,-0.497,0.917,-10.745,-6.186,63.184,Yaw
0.385,0.188,1.084,18.200,-14.507,286.606,Yaw
0.170,0.186,0.941,4.944,33.889,286.685,Yaw
-0.435,0.507,0.981,-4.699,51.030,286.685,Yaw
-1.999,1.099,0.840,-3.150,2.905,277.742,Yaw
-1.998,0.644,0.960,-29.925,-20.746,-125.571,Yaw
-1.181,0.671,0.964,-30.625,-43.785,-266.359,Yaw
-0.298,0.724,0.857,20.790,-51.599,-286.685,Yaw
0.966,0.170,1.462,7.508,14.333,-286.685,Yaw
1.998,-0.391,0.883,12.110,32.357,-203.857,Yaw
1.998,-1.068,0.990,4.130,13.834,28.341,Yaw
1.728,-0.178,1.056,-8.444,-9.564,271.101,Yaw
1.342,0.181,1.066,0.087,-31.903,286.685,Yaw
0.757,0.512,1.047,15.969,-2.756,286.685,Yaw
-0.998,0.945,1.369,14.359,6.230,286.685,Yaw
-0.709,0.747,0.583,-10.456,-15.794,244.738,Yaw
-1.446,0.838,1.141,42.630,3.797,177.774,Yaw
-1.246,0.530,1.138,-9.835,-5.206,75.889,Yaw
-0.877,0.398,1.055,-24.010,8.496,-124.241,Yaw
0.230,0.399,0.986,20.160,-9.074,-286.685,Yaw
0.387,-0.247,1.147,-3.868,-18.655,-286.685,Yaw
0.648,0.025,1.078,-12.941,-9.555,-286.685,Yaw
1.320,0.530,0.746,-10.876,12.250,-286.685,Yaw
1.494,-0.383,1.010,-1.461,6.125,-276.640,Yaw
1.900,-0.717,1.089,8.033,-15.304,18.847,Yaw
0.647,-0.057,0.982,17.456,-0.472,224.271,Yaw
0.004,0.086,0.983,0.875,6.650,286.685,Yaw
0.276,0.170,1.249,-16.021,28.166,286.685,Yaw
-0.417,0.711,0.939,-40.294,2.319,286.685,Yaw
-1.342,0.872,0.609,3.036,-26.486,280.770,Yaw
-0.734,0.022,1.111,30.030,2.537,68.495,Yaw
-0.553,0.243,1.113,-1.120,-3.684,-57.382,Yaw
-0.213,0.278,1.050,-33.548,-13.939,-161.271,Yaw
-0.301,0.419,0.732,-9.783,-16.109,-285.950,Yaw
0.113,0.408,1.036,3.386,-8.094,-286.685,Yaw
0.263,0.488,1.037,8.400,5.381,-286.685,Yaw
0.458,0.198,0.932,-6.431,-7.516,-286.685,Yaw
1.041,-0.124,1.052,0.245,-12.355,-286.685,Yaw
1.057,-0.073,0.936,-0.140,-7.324,-222.574,Yaw
0.863,-0.197,0.881,-10.264,-7.026,-7.989,Yaw
0.451,-0.236,1.090,-4.077,-6.247,101.351,Yaw
0.287,-0.278,0.974,2.074,-7.954,244.387,Yaw
0.459,-0.141,1.075,2.293,1.724,286.685,Yaw
0.593,0.434,0.988,2.590,0.892,286.685,Yaw
0.250,0.494,0.983,5.372,2.931,286.685,Yaw
-0.831,0.276,1.102,-18.086,-7.254,286.685,Yaw
-0.854,0.431,1.278,36.697,4.918,72.940,Yaw
-0.756,0.368,0.995,18.436,3.203,-72.756,Yaw
-0.686,0.408,1.300,21.333,-5.259,-285.346,Yaw
0.066,0.426,0.955,-19.653,0.420,-286.685,Yaw
-0.003,0.282,1.034,-4.253,12.460,-286.685,Yaw
0.719,0.489,0.823,3.098,-18.445,-286.685,Yaw
1.468,-0.151,1.220,10.307,-2.205,-272.204,Yaw
0.814,-0.296,1.006,0.201,-11.209,-45.071,Yaw
0.703,-0.001,0.942,3.964,-4.655,83.886,Yaw
0.505,-0.263,1.025,2.179,-4.944,235.848,Yaw
0.444,-0.251,1.024,-4.104,-3.194,286.685,Yaw
0.924,0.314,0.899,-1.514,1.864,286.685,Yaw
0.482,0.446,1.046,1.470,-2.205,286.685,Yaw
-1.094,0.427,1.068,9.660,11.769,286.510,Yaw
-1.052,0.612,0.771,8.663,-0.245,82.416,Yaw
-0.585,0.188,1.209,30.599,11.471,-76.808,Yaw
-0.722,0.650,1.084,-10.903,-21.490,-240.686,Yaw
-0.506,0.344,1.070,-29.312,-32.244,-286.685,Yaw
0.087,0.228,1.018,-1.120,2.179,-286.685,Yaw
0.142,0.350,0.979,1.680,1.715,-286.685,Yaw
1.516,-0.132,1.072,8.400,6.247,-286.090,Yaw
1.230,-0.271,1.013,0.262,-1.592,-45.412,Yaw
0.892,-0.148,1.028,0.210,-3.281,189.096,Yaw
0.756,-0.267,1.030,-7.332,-5.749,286.685,Yaw
0.912,-0.041,1.056,-5.679,-12.233,286.685,Yaw
0.289,0.494,1.007,9.354,-10.920,286.685,Yaw
-0.694,0.583,1.094,19.399,17.334,286.685,Yaw
-0.865,0.461,0.848,-17.080,-11.804,230.195,Yaw
-0.753,0.545,0.947,28.245,16.888,43.916,Yaw
-0.679,0.434,1.077,16.625,1.558,-105.621,Yaw
-0.691,0.360,1.006,-24.754,-34.178,-283.815,Yaw
-0.399,0.507,0.978,-13.256,-21.061,-286.685,Yaw
0.193,0.344,1.004,-11.244,-2.380,-286.685,Yaw
0.442,0.268,1.007,-3.159,6.239,-286.685,Yaw
1.610,-0.143,1.077,0.262,0.788,-282.704,Yaw
1.324,-0.276,1.044,0.647,-7.761,-113.155,Yaw
0.710,-0.072,0.983,6.344,-2.818,100.975,Yaw
0.693,-0.257,1.019,0.009,-4.436,258.659,Yaw
0.421,-0.304,0.996,-5.950,-6.475,286.685,Yaw
0.687,0.066,1.035,-4.366,-3.920,286.685,Yaw
0.185,0.505,0.892,2.747,2.345,286.685,Yaw
-0.746,0.420,1.001,20.510,4.506,258.212,Yaw
-0.884,0.260,0.907,-5.819,-10.990,120.689,Yaw
-0.639,0.278,0.982,17.579,4.778,-42.280,Yaw
-0.910,0.295,1.055,-25.156,-34.528,-256.812,Yaw
-0.392,0.526,0.994,4.244,-3.395,-286.685,Yaw
-0.013,0.275,1.007,-9.380,12.346,-286.685,Yaw
0.754,0.154,1.025,3.001,7.779,-286.685,Yaw
1.131,-0.174,1.020,1.461,-3.194,-241.369,Yaw
1.013,-0.070,1.022,0.157,-6.186,-64.496,Yaw
0.672,0.099,0.983,2.450,0.901,41.002,Yaw
0.683,-0.326,1.034,0.770,-3.132,161.901,Yaw
0.494,-0.393,1.016,-2.074,-8.339,286.685,Yaw
0.593,0.053,1.027,-3.946,-6.571,286.685,Yaw
0.235,0.405,1.127,11.655,-6.011,286.685,Yaw
-0.249,0.181,0.994,16.538,7.490,286.685,Yaw
-0.626,0.208,1.013,24.763,25.620,263.279,Yaw
-0.923,0.615,0.883,32.559,28.954,139.370,Yaw
-0.700,0.435,1.132,1.514,-14.123,-78.628,Yaw
-0.810,0.629,1.066,-35.333,-41.650,-279.825,Yaw
-0.436,0.391,1.075,-21.429,-18.261,-286.685,Yaw
0.608,0.423,0.876,-13.204,-0.717,-286.685,Yaw
1.024,-0.026,0.984,7.394,4.497,-286.685,Yaw
1.306,-0.342,1.024,5.224,-6.650,-185.929,Yaw
0.974,-0.124,0.986,1.102,-4.287,11.165,Yaw
1.142,-0.243,1.034,-2.406,-8.033,153.939,Yaw
0.905,-0.263,0.995,-7.525,-5.880,286.685,Yaw
0.177,0.163,1.129,16.336,0.096,286.685,Yaw
-0.167,0.431,1.363,22.164,19.836,286.685,Yaw
-0.751,0.784,0.919,-15.916,-9.712,264.180,Yaw
-1.239,0.720,0.962,15.610,14.280,42.674,Yaw
-0.841,0.350,1.083,-2.791,-5.880,-120.452,Yaw
-0.846,0.651,0.977,-7.892,-29.636,-253.925,Yaw
-0.739,0.838,1.096,-0.359,-20.825,-286.685,Yaw
0.668,0.332,0.842,7.997,22.111,-286.685,Yaw
1.017,-0.126,1.009,-6.536,-14.289,-286.685,Yaw
1.499,-0.068,1.061,5.705,-12.259,-267.277,Yaw
0.979,0.033,0.937,5.985,-2.432,7.341,Yaw
1.035,-0.161,1.009,-4.384,3.771,217.857,Yaw
0.891,-0.205,1.010,-6.134,-7.245,286.685,Yaw
0.231,-0.092,1.076,8.094,-3.868,286.685,Yaw
0.201,0.527,1.067,13.842,13.274,286.685,Yaw
-0.657,0.494,0.830,-8.584,-3.421,281.461,Yaw
-1.197,0.325,1.033,8.837,6.265,185.273,Yaw
-0.562,0.208,0.951,6.449,1.435,-13.099,Yaw
-0.803,0.498,1.017,2.599,-13.641,-206.036,Yaw
-0.516,0.444,1.057,-5.793,-14.569,-286.685,Yaw
0.195,0.377,1.101,-3.614,-5.198,-286.685,Yaw
0.168,0.524,0.821,-7.744,-20.265,-286.685,Yaw
1.356,-0.293,1.081,6.720,11.882,-286.685,Yaw
1.835,-0.296,1.054,2.109,-6.799,-79.634,Yaw
1.150,-0.167,1.025,1.855,-4.944,108.159,Yaw
0.910,-0.198,1.020,-12.364,1.304,286.685,Yaw
0.570,0.098,0.900,-3.649,-7.639,286.685,Yaw
-0.036,0.393,1.026,17.763,-10.649,286.685,Yaw
-0.101,0.223,1.252,20.073,9.555,286.685,Yaw
-0.643,0.464,0.993,-4.926,9.126,249.515,Yaw
-1.055,0.674,0.879,-5.827,-2.957,67.454,Yaw
-0.861,0.309,1.015,1.242,-4.121,-41.195,Yaw
-0.628,0.536,1.050,-3.019,-18.917,-235.673,Yaw
-0.579,0.631,1.048,-5.066,-22.733,-286.685,Yaw
-0.017,0.504,1.137,-10.684,4.489,-286.685,Yaw
0.722,0.226,1.075,0.507,3.071,-286.685,Yaw
1.600,-0.304,1.029,4.918,4.427,-280.341,Yaw
1.296,-0.176,0.934,5.285,-1.811,3.220,Yaw
0.989,-0.164,1.044,7.061,2.328,224.613,Yaw
0.857,-0.262,1.053,-5.688,-1.715,286.685,Yaw
0.329,-0.118,0.896,-2.896,-9.730,286.685,Yaw
0.423,0.318,1.023,9.581,3.045,286.685,Yaw
0.037,0.356,0.941,9.021,9.039,286.685,Yaw
-0.356,0.286,0.980,-2.205,-0.114,285.915,Yaw
-0.746,0.484,0.989,-10.325,-6.886,152.110,Yaw
-0.572,0.485,0.935,17.194,-3.203,-19.329,Yaw
-0.660,0.378,1.403,5.014,3.666,-108.001,Yaw
-1.150,1.055,0.589,-27.624,-29.426,-286.685,Yaw
0.115,0.348,1.085,37.695,0.472,-286.685,Yaw
0.408,0.372,1.188,-20.396,-6.370,-286.685,Yaw
1.347,-0.339,1.004,-1.452,2.424,-286.685,Yaw
1.543,-0.351,0.988,3.491,1.339,-100.406,Yaw
1.243,-0.400,0.999,-1.391,4.988,127.540,Yaw
1.181,-0.372,0.951,-8.181,7.892,263.655,Yaw
0.668,-0.045,0.990,4.454,-3.447,286.685,Yaw
-0.060,0.356,1.360,11.401,6.510,286.685,Yaw
-0.456,0.741,0.921,-12.425,-3.290,282.494,Yaw
-1.003,0.839,0.963,7.236,2.529,189.665,Yaw
-1.123,0.664,0.985,3.973,8.041,-41.449,Yaw
-0.555,0.559,0.946,3.369,-14.788,-280.306,Yaw
0.090,0.034,1.092,7.219,-21.910,-286.685,Yaw
0.034,0.274,1.017,-19.250,-43.321,-286.685,Yaw
0.372,-0.042,0.869,-18.603,-14.752,-286.685,Yaw
1.644,-0.585,0.930,-4.926,29.593,-271.189,Yaw
1.403,-0.380,0.968,-2.257,0.674,-84.639,Yaw
0.880,-0.305,1.062,5.451,-7.980,142.940,Yaw
0.713,-0.249,0.955,3.736,4.349,286.484,Yaw
0.180,0.303,0.984,25.419,14.744,286.685,Yaw
-0.195,0.323,1.133,6.501,-3.596,277.883,Yaw
-0.064,0.208,1.104,-3.430,3.316,251.790,Yaw
-0.171,0.441,1.044,-2.861,16.188,286.685,Yaw
-0.601,0.480,0.992,-18.629,-14.350,176.479,Yaw
-0.876,0.367,0.858,-15.453,-16.494,33.224,Yaw
-0.680,0.944,0.878,30.721,11.427,-169.479,Yaw
-0.163,0.395,1.122,16.389,-6.431,-286.685,Yaw
0.766,-0.127,0.781,-19.705,-15.977,-286.685,Yaw
0.903,-0.067,1.053,-15.234,-19.749,-286.685,Yaw
1.015,-0.329,0.982,4.156,-9.109,-264.906,Yaw
1.051,-0.233,0.915,-5.320,-0.971,-71.986,Yaw
0.985,-0.346,1.099,-0.438,-0.779,65.511,Yaw
0.881,-0.395,1.026,4.349,-5.302,238.893,Yaw
0.586,-0.174,1.016,25.392,11.690,286.685,Yaw
-0.307,0.449,1.040,-24.386,-9.765,286.685,Yaw
-0.511,0.651,1.082,-10.439,-3.342,286.685,Yaw
-0.959,0.884,0.889,-8.724,-7.140,183.890,Yaw
-1.054,0.680,0.980,-15.724,-9.800,-56.298,Yaw
-1.006,1.024,0.768,23.476,-6.851,-278.189,Yaw
-0.296,0.502,1.134,24.535,-4.883,-286.685,Yaw
0.426,0.288,1.323,-5.023,-1.444,-286.685,Yaw
1.173,-0.356,1.079,11.182,2.196,-286.685,Yaw
1.508,-0.415,0.875,-6.099,-4.786,-278.224,Yaw
1.179,-0.086,0.971,2.039,-9.144,-35.709,Yaw
1.028,-0.176,1.013,-1.759,9.196,133.682,Yaw
0.987,-0.236,1.050,2.074,-1.356,284.235,Yaw
0.667,-0.216,0.926,8.129,-9.870,286.685,Yaw
0.170,0.204,1.186,21.980,13.606,286.685,Yaw
0.020,0.508,1.032,-4.725,26.320,286.685,Yaw
-0.359,0.758,0.778,5.302,-22.426,278.705,Yaw
-1.073,0.686,0.949,51.056,-4.506,183.750,Yaw
-0.901,0.356,1.250,15.820,10.938,-43.138,Yaw
-0.453,0.544,1.269,-57.505,-20.772,-268.651,Yaw
-0.945,0.984,0.735,-67.664,-12.705,-286.685,Yaw
0.457,0.444,0.646,46.112,21.149,-286.685,Yaw
0.973,0.036,0.609,-43.934,-36.155,-286.685,Yaw
0.977,-0.117,1.119,-11.690,-30.083,-286.685,Yaw
1.059,-0.092,1.070,-3.990,-8.960,-223.738,Yaw
1.271,-0.255,0.945,1.514,-0.814,-51.660,Yaw
1.050,-0.273,0.967,6.431,-4.375,185.080,Yaw
0.675,-0.041,0.935,6.816,3.098,286.685,Yaw
0.488,0.085,1.196,32.944,22.767,286.685,Yaw
0.389,0.446,1.141,-14.245,14.368,286.685,Yaw
-0.472,0.462,0.698,-33.792,-20.142,286.685,Yaw
-1.208,1.055,1.079,78.137,-82.889,148.146,Yaw
-1.484,0.882,0.719,-12.688,5.407,-42.061,Yaw
-0.888,0.704,1.787,11.917,92.146,-206.605,Yaw
-0.197,1.233,0.534,3.159,-26.941,-286.685,Yaw
0.355,0.712,0.891,20.659,-17.798,-286.685,Yaw
0.272,0.707,0.852,-51.354,-56.070,-286.685,Yaw
1.910,-0.032,1.002,7.227,14.936,-286.685,Yaw
1.715,-0.535,1.033,-4.314,-10.972,-161.613,Yaw
0.878,0.067,0.953,-10.693,-28.805,-14.542,Yaw
0.562,0.272,0.798,11.743,10.474,122.132,Yaw
0.854,-0.250,1.111,0.525,8.068,260.426,Yaw
0.632,-0.315,0.967,10.920,-13.659,286.685,Yaw
0.485,0.065,1.117,9.625,-1.908,286.685,Yaw
0.178,0.799,0.951,-7.551,24.202,286.685,Yaw
-0.557,0.796,0.714,-28.560,-40.040,285.749,Yaw
-1.149,0.478,0.920,15.041,-4.839,200.025,Yaw
-0.746,0.056,1.026,6.790,5.539,41.186,Yaw
-0.816,0.580,0.965,-4.305,0.998,-124.793,Yaw
-0.594,0.698,1.087,8.444,-7.455,-286.685,Yaw
-0.182,0.538,1.066,5.434,-4.095,-286.685,Yaw
0.891,0.367,0.982,-8.251,0.289,-286.685,Yaw
0.500,0.280,1.034,3.132,-3.062,-286.685,Yaw
1.645,-0.532,1.049,4.174,-1.872,-266.656,Yaw
1.366,-0.400,1.029,-3.246,2.713,-74.603,Yaw
1.123,-0.117,0.990,3.727,-9.590,147.087,Yaw
0.725,-0.070,1.057,-0.735,-12.950,286.519,Yaw
0.573,-0.029,1.033,3.159,-8.164,286.685,Yaw
0.473,0.391,1.138,20.913,13.300,286.685,Yaw
0.229,0.480,1.081,-10.500,7.201,286.685,Yaw
-0.541,0.699,0.653,7.997,-5.416,286.685,Yaw
-0.965,0.613,0.927,59.666,-10.806,284.987,Yaw
-1.360,0.498,1.166,32.839,8.190,116.620,Yaw
-1.008,0.597,1.074,-6.773,5.653,-32.603,Yaw
-0.576,0.545,1.050,-29.698,4.646,-193.646,Yaw
-0.441,0.551,0.919,-45.395,-2.494,-284.734,Yaw
-0.167,0.828,0.921,7.508,-22.715,-286.685,Yaw
0.753,0.612,1.071,-18.112,-7.262,-286.685,Yaw
0.904,0.620,1.059,24.517,23.196,-286.685,Yaw
1.356,0.216,0.995,5.705,27.886,-286.685,Yaw
1.667,-0.569,1.065,15.767,-9.765,-241.509,Yaw
1.005,-0.332,1.091,-1.969,-17.850,-9.958,Yaw
0.684,-0.102,0.958,-4.804,-25.147,131.268,Yaw
0.461,0.044,0.962,4.182,-10.036,206.465,Yaw
0.773,-0.122,1.035,-9.748,-4.646,286.685,Yaw
0.805,0.163,1.010,13.099,-3.649,286.685,Yaw
0.516,0.399,1.077,15.321,12.994,286.685,Yaw
-0.376,0.420,1.142,-16.993,3.062,286.685,Yaw
-0.790,0.543,0.836,12.609,-3.815,286.685,Yaw
-1.364,0.765,0.950,52.920,7.761,153.440,Yaw
-1.027,0.398,1.207,38.342,14.656,-1.768,Yaw
-0.721,0.582,1.086,-8.444,4.594,-160.274,Yaw
-0.503,0.688,0.868,-65.966,-26.101,-286.633,Yaw
-0.594,0.848,0.716,-5.469,-26.731,-286.685,Yaw
0.105,1.159,1.308,23.345,11.979,-286.685,Yaw
0.370,0.749,0.916,7.026,11.672,-286.685,Yaw
1.073,0.723,0.865,9.721,18.086,-286.685,Yaw
1.990,0.061,1.179,19.556,15.417,-286.685,Yaw
1.733,-0.437,1.072,10.185,-3.640,-148.076,Yaw
0.935,-0.024,0.989,-0.324,-20.632,37.511,Yaw
0.515,0.005,0.882,-6.921,-5.784,160.773,Yaw
0.627,-0.045,1.032,-4.629,3.360,237.974,Yaw
0.673,-0.163,1.096,-3.412,-19.626,286.685,Yaw
0.374,-0.004,1.002,-9.275,-7.648,286.685,Yaw
0.288,0.283,1.048,12.863,-7.525,286.685,Yaw
0.543,0.786,1.121,14.971,9.984,286.685,Yaw
-0.704,0.531,1.141,-3.946,6.536,286.685,Yaw
-1.030,0.610,0.861,-12.136,-4.270,198.310,Yaw
-0.734,0.459,0.908,26.022,14.061,43.890,Yaw
-0.295,0.095,1.117,18.077,8.785,0.691,Yaw
-0.531,0.330,1.049,-26.801,-19.451,-111.396,Yaw
-0.554,0.636,0.943,-11.988,-24.316,-281.286,Yaw
-0.461,0.441,0.952,6.676,-10.736,-286.685,Yaw
0.125,0.620,1.155,-10.710,2.966,-286.685,Yaw
0.767,0.488,0.999,3.588,8.750,-286.685,Yaw
1.397,-0.130,1.067,14.227,5.136,-286.685,Yaw
1.446,-0.387,1.099,12.224,7.884,-186.445,Yaw
1.081,-0.289,1.044,-2.284,-14.656,2.660,Yaw
0.792,-0.060,0.995,-6.108,-6.396,171.518,Yaw
0.709,-0.051,1.040,-9.765,-8.584,282.494,Yaw
0.540,-0.040,1.022,-1.173,-20.151,286.685,Yaw
0.107,0.137,1.146,18.760,-3.194,286.685,Yaw
-0.049,0.616,1.209,23.354,26.460,286.685,Yaw
-0.308,0.707,0.918,-20.554,2.783,286.685,Yaw
-1.121,0.465,0.990,-13.011,-9.887,181.169,Yaw
-0.693,0.179,0.941,0.752,-0.595,6.230,Yaw
-0.515,0.412,1.041,-2.091,-6.659,-142.336,Yaw
-0.777,0.606,1.138,-2.398,-20.808,-269.684,Yaw
-0.617,0.600,0.986,-2.511,-7.035,-286.685,Yaw
0.769,0.297,0.953,-4.480,4.900,-286.685,Yaw
0.774,0.326,0.984,9.467,-5.574,-286.685,Yaw
0.787,-0.089,1.064,2.835,-5.346,-286.685,Yaw
0.986,0.213,0.815,-5.066,13.352,-181.099,Yaw
1.128,-0.278,1.133,7.569,7.665,-36.549,Yaw
1.029,-0.394,1.071,3.509,-14.210,119.192,Yaw
0.629,-0.098,0.974,-2.520,-14.333,211.068,Yaw
0.440,0.008,1.010,-8.601,-4.909,286.685,Yaw
0.435,-0.033,0.904,1.820,-0.210,286.685,Yaw
-0.007,0.315,1.095,15.531,3.194,286.685,Yaw
-0.206,0.436,1.200,15.592,12.373,286.685,Yaw
-0.746,0.440,1.090,-24.587,-16.817,238.376,Yaw
-0.930,0.652,0.882,-7.131,-10.658,41.195,Yaw
-0.645,0.621,1.038,8.172,3.430,-84.009,Yaw
-1.200,0.783,1.141,2.529,-5.827,-286.685,Yaw
0.174,0.652,1.339,-29.435,-27.597,-286.685,Yaw
0.946,0.115,0.270,26.163,22.496,-286.685,Yaw
0.380,-0.087,1.108,-2.572,-13.134,-286.685,Yaw
1.161,0.473,1.035,-5.198,2.695,-251.072,Yaw
0.934,-0.160,1.044,1.995,7.420,3.456,Yaw
0.794,-0.027,1.030,3.640,2.765,84.857,Yaw
0.420,-0.166,0.882,-12.460,1.006,194.154,Yaw
0.357,-0.166,1.079,2.441,-7.761,231.700,Yaw
0.706,-0.107,0.995,0.052,-2.476,286.685,Yaw
0.683,-0.081,0.997,5.075,0.254,286.685,Yaw
-0.055,0.518,1.196,11.323,15.181,286.685,Yaw
-0.617,0.369,0.926,-25.594,-5.863,286.580,Yaw
-0.751,0.443,0.545,40.250,16.809,116.769,Yaw
-0.820,0.613,0.994,51.905,19.058,-84.341,Yaw
-0.868,0.319,1.039,33.994,-3.701,-285.723,Yaw
-0.150,0.062,1.077,-40.801,-42.796,-286.685,Yaw
0.113,0.310,0.779,-39.454,-25.112,-286.685,Yaw
0.531,0.140,0.796,-2.214,-10.307,-286.598,Yaw
1.309,-0.149,1.180,5.355,-16.809,-175.849,Yaw
0.794,-0.310,1.068,-0.324,-0.735,63.507,Yaw
0.628,-0.259,1.018,-7.779,10.596,222.670,Yaw
0.623,0.053,0.980,-7.892,2.362,286.685,Yaw
0.438,0.120,0.969,2.678,-7.385,286.685,Yaw
0.111,-0.118,0.919,10.281,5.477,286.685,Yaw
-0.154,0.068,0.867,10.911,14.035,286.685,Yaw
-0.337,0.461,0.923,33.766,21.919,196.910,Yaw
-0.739,0.349,1.079,25.121,6.615,-14.280,Yaw
-0.606,0.339,1.032,13.939,-4.760,-157.946,Yaw
-0.639,0.397,1.007,-8.435,-23.406,-284.681,Yaw
-0.183,0.297,0.923,-26.224,-22.610,-286.685,Yaw
-0.141,0.424,0.941,-26.259,-50.426,-286.685,Yaw
0.469,0.157,1.031,-8.374,-37.091,-286.685,Yaw
1.534,-0.190,0.980,-1.059,-2.739,-272.720,Yaw
0.429,-0.073,1.125,9.686,-15.155,-2.511,Yaw
0.420,-0.050,0.989,-2.879,0.604,130.174,Yaw
0.481,0.062,0.986,-5.635,7.157,199.815,Yaw
0.480,-0.056,0.988,0.236,-1.977,225.155,Yaw
0.642,-0.166,1.031,8.619,-4.550,286.685,Yaw
0.607,-0.034,1.102,2.074,12.259,286.685,Yaw
-0.302,0.499,0.976,4.576,14.245,286.685,Yaw
-0.508,0.480,0.861,8.102,-9.887,201.189,Yaw
-0.796,0.450,0.981,44.362,24.045,54.985,Yaw
-0.560,0.338,1.146,49.228,26.696,-38.141,Yaw
-0.908,0.571,1.035,-2.485,-23.214,-277.804,Yaw
-0.282,0.257,1.039,-8.496,-21.192,-286.685,Yaw
-0.309,0.485,1.055,-31.806,-37.748,-286.685,Yaw
0.256,0.465,1.000,-10.797,-27.300,-286.685,Yaw
1.655,-0.089,1.026,8.776,11.480,-249.690,Yaw
1.185,-0.172,1.121,-1.636,-13.073,-20.974,Yaw
0.826,0.005,1.005,-8.601,-4.375,140.061,Yaw
0.571,-0.071,0.984,-6.720,-3.378,212.196,Yaw
0.503,-0.129,1.029,-4.585,-10.526,286.685,Yaw
0.644,0.053,0.975,0.201,0.665,286.685,Yaw
0.148,0.148,1.055,12.653,-1.365,286.685,Yaw
-0.263,0.300,1.061,13.361,-1.680,286.685,Yaw
-0.458,0.287,1.041,9.590,3.062,218.383,Yaw
-0.862,0.486,0.974,4.471,3.255,22.715,Yaw
-0.764,0.376,0.993,1.339,-3.553,-92.522,Yaw
-1.008,0.653,1.057,-16.468,-25.900,-286.685,Yaw
0.013,0.634,0.742,23.503,9.993,-286.685,Yaw
0.226,0.315,1.037,-18.673,-17.876,-286.685,Yaw
0.647,0.364,0.926,-9.975,-10.929,-286.685,Yaw
1.342,-0.123,0.983,6.239,-7.508,-286.449,Yaw
0.911,-0.233,1.051,1.794,-12.127,-74.191,Yaw
0.678,-0.232,1.020,1.146,-10.054,99.531,Yaw
0.738,-0.145,0.989,1.033,-2.398,220.456,Yaw
0.554,0.108,0.996,-6.965,-0.271,286.685,Yaw
0.393,0.310,0.927,11.104,-3.325,286.685,Yaw
0.197,0.065,1.115,19.311,5.661,286.685,Yaw
-0.127,0.228,1.161,11.279,13.790,286.685,Yaw
-0.718,0.592,0.947,-13.580,-12.014,210.254,Yaw
-0.790,0.411,0.855,5.880,4.734,-34.186,Yaw
-0.749,0.478,1.125,23.100,9.896,-181.913,Yaw
-0.380,0.254,1.083,9.380,-7.691,-286.685,Yaw
0.018,0.410,0.944,-19.556,-25.427,-286.685,Yaw
0.269,0.331,0.998,-5.679,-11.953,-286.685,Yaw
0.864,-0.233,0.967,-3.132,-7.490,-286.685,Yaw
0.971,0.075,1.017,4.821,-6.186,-145.863,Yaw
0.739,0.057,1.029,1.837,-1.750,36.662,Yaw
0.717,-0.227,1.056,-0.403,0.604,142.074,Yaw
0.565,-0.310,0.993,-2.196,0.087,285.758,Yaw
0.486,-0.095,1.001,9.441,6.886,286.685,Yaw
0.433,0.520,0.921,10.859,11.007,286.685,Yaw
-0.059,0.549,0.965,27.694,22.382,286.685,Yaw
-1.022,0.424,1.008,20.221,20.484,239.890,Yaw
-0.470,0.336,0.919,7.971,6.108,10.561,Yaw
-0.648,0.613,1.019,8.015,-13.510,-196.324,Yaw
-0.521,0.335,1.031,-7.648,-30.153,-286.685,Yaw
-0.168,0.159,1.044,-37.126,-52.675,-286.685,Yaw
0.129,0.378,1.048,-10.990,-17.789,-286.685,Yaw
0.587,0.075,1.034,-7.858,-5.574,-286.685,Yaw
0.957,-0.117,1.028,-0.971,10.439,-266.700,Yaw
1.120,-0.206,0.949,0.744,-3.439,-87.561,Yaw
0.862,-0.110,1.036,1.654,-11.445,80.780,Yaw
1.024,-0.216,1.056,0.945,-8.059,238.324,Yaw
0.931,-0.253,0.951,-5.591,1.155,286.685,Yaw
0.781,0.221,1.049,6.851,9.765,286.685,Yaw
-0.250,0.656,1.140,45.981,43.409,286.685,Yaw
-0.700,0.828,0.834,38.710,35.814,284.769,Yaw
-1.215,0.795,0.893,62.178,37.319,52.841,Yaw
-0.687,0.468,1.126,40.478,15.155,-139.676,Yaw
-0.730,0.527,0.890,-47.014,-67.865,-286.685,Yaw
-0.406,0.655,1.011,-61.276,-78.496,-286.685,Yaw
-0.269,0.465,1.234,-15.111,-50.365,-286.685,Yaw
1.094,-0.041,0.941,-8.610,-2.179,-286.685,Yaw
1.326,-0.312,0.933,-3.439,-2.345,-278.828,Yaw
1.193,-0.204,1.088,4.454,-22.339,-78.033,Yaw
0.827,0.013,1.052,1.881,-3.929,66.868,Yaw
0.948,-0.246,0.977,3.334,-0.385,259.061,Yaw
0.740,-0.230,0.990,7.770,5.320,286.685,Yaw
0.489,0.165,1.007,15.759,21.263,286.685,Yaw
-0.166,0.531,0.993,1.033,33.775,286.685,Yaw
-0.701,0.606,0.895,15.715,23.529,271.688,Yaw
-1.238,0.907,0.793,51.879,20.860,94.316,Yaw
-0.834,0.395,1.175,52.316,30.214,-107.625,Yaw
-0.728,0.736,1.004,-30.669,-62.064,-286.685,Yaw
-0.285,0.433,0.770,-69.860,-85.558,-286.685,Yaw
-0.162,0.443,1.139,-17.841,-50.925,-286.685,Yaw
1.083,-0.189,1.000,3.526,-7.035,-286.685,Yaw
1.370,-0.282,0.969,0.814,0.525,-63.691,Yaw
0.958,-0.179,0.991,-8.015,1.409,84.621,Yaw
1.041,0.082,0.971,3.203,2.056,229.976,Yaw
0.781,-0.233,1.155,18.104,2.266,286.685,Yaw
0.634,0.147,1.101,7.849,17.089,286.685,Yaw
-0.367,0.414,0.847,-17.789,16.826,286.685,Yaw
-0.828,0.723,0.853,25.112,21.919,283.815,Yaw
-0.609,0.554,0.994,95.349,37.467,63.306,Yaw
-0.198,0.084,1.082,48.326,25.944,-35.674,Yaw
-0.962,0.702,1.145,5.565,5.653,-181.781,Yaw
-0.439,0.630,0.864,-7.866,-39.541,-286.685,Yaw
0.299,0.292,0.812,-44.572,-91.665,-286.685,Yaw
0.648,0.087,1.060,-56.507,-100.581,-286.685,Yaw
0.621,-0.167,1.094,-6.711,-15.584,-286.108,Yaw
0.700,0.100,0.901,-7.516,-2.529,-262.027,Yaw
0.549,0.017,0.984,-1.129,-29.811,-162.811,Yaw
0.329,-0.134,1.097,0.411,-8.864,-55.860,Yaw
0.732,-0.112,1.003,3.010,3.824,86.677,Yaw
0.556,-0.302,0.993,4.839,8.041,274.461,Yaw
0.421,-0.041,1.010,2.021,19.714,286.685,Yaw
0.129,0.345,1.059,19.460,23.476,286.685,Yaw
-0.129,0.246,1.026,11.716,23.529,286.685,Yaw
-0.480,0.224,0.930,37.923,38.561,266.367,Yaw
-0.638,0.306,0.831,29.199,36.890,207.060,Yaw
-0.715,0.529,0.993,8.400,0.271,-43.199,Yaw
-0.622,0.347,1.004,-19.915,-44.511,-277.979,Yaw
-0.111,0.336,1.018,-34.606,-60.559,-286.685,Yaw
-0.302,0.425,1.087,-40.320,-73.649,-286.685,Yaw
1.122,-0.258,0.895,-6.799,-16.704,-286.265,Yaw
0.931,-0.072,1.049,3.299,-17.491,-128.949,Yaw
0.875,-0.035,0.948,4.043,2.721,59.868,Yaw
0.945,-0.170,1.029,-1.383,11.086,185.447,Yaw
0.842,-0.222,1.030,0.691,14.849,286.685,Yaw
0.315,0.200,1.023,16.966,12.757,286.685,Yaw
0.226,0.392,1.013,32.533,29.138,286.685,Yaw
-0.433,0.253,1.037,57.382,61.364,286.685,Yaw
-0.603,0.399,0.899,39.944,49.298,254.485,Yaw
-0.620,0.484,0.995,15.129,4.244,69.116,Yaw
-0.356,0.157,1.038,-0.919,-6.825,-13.326,Yaw
-0.676,0.402,0.979,-2.993,-15.339,-198.756,Yaw
-0.457,0.407,0.981,-19.267,-48.720,-286.685,Yaw
-0.130,0.672,0.960,-51.004,-77.228,-286.685,Yaw
0.042,0.596,0.919,-62.834,-79.651,-286.685,Yaw
1.200,-0.475,0.989,-2.940,-4.865,-286.685,Yaw
1.030,-0.055,1.036,-1.969,-29.829,-265.029,Yaw
0.645,0.123,0.963,3.491,-21.017,-67.769,Yaw
0.695,-0.071,1.039,0.376,2.301,57.243,Yaw
0.749,-0.341,1.033,6.177,-2.126,255.867,Yaw
0.714,0.050,0.957,7.963,9.546,286.685,Yaw
0.290,0.273,0.959,17.535,21.770,286.685,Yaw
0.099,0.313,1.029,33.775,38.430,286.685,Yaw
-0.150,0.357,0.982,56.201,69.799,286.685,Yaw
-0.649,0.253,0.965,34.318,49.787,220.999,Yaw
-0.921,0.477,0.897,12.556,28.289,124.101,Yaw
-1.027,0.570,1.052,-13.703,-15.899,-103.145,Yaw
-0.581,0.564,0.944,-29.619,-61.932,-286.685,Yaw
-0.092,0.416,0.994,-52.666,-66.141,-286.685,Yaw
0.850,0.002,0.993,25.699,10.797,-286.685,Yaw
0.608,-0.024,1.044,-43.601,-87.176,-284.961,Yaw
0.280,-0.102,1.153,-3.062,-26.372,-251.352,Yaw
0.875,-0.159,1.019,0.061,5.416,-148.794,Yaw
1.208,-0.310,0.916,6.046,-4.034,79.275,Yaw
0.346,-0.284,1.144,10.124,-10.640,286.081,Yaw
0.222,-0.063,1.115,-0.333,22.820,286.685,Yaw
0.612,0.240,0.842,7.639,27.667,286.685,Yaw
0.052,0.452,0.939,77.726,89.460,286.685,Yaw
-0.728,0.545,1.017,48.842,49.674,282.835,Yaw
-0.838,0.532,0.906,39.786,11.506,76.738,Yaw
-0.505,0.326,1.083,24.106,-3.876,-28.560,Yaw
-0.603,0.333,1.063,-13.939,-20.580,-236.985,Yaw
-0.533,0.318,0.999,-29.881,-47.145,-286.685,Yaw
-0.721,0.871,1.106,-72.170,-164.447,-286.685,Yaw
0.054,0.566,0.554,-25.708,-129.054,-286.685,Yaw
0.568,-0.288,0.648,-7.061,38.570,-286.685,Yaw
1.355,0.174,1.020,-3.036,-21.210,-285.565,Yaw
1.443,0.060,1.057,3.080,-19.915,-36.873,Yaw
0.981,-0.205,0.949,1.470,-3.290,137.515,Yaw
0.618,-0.169,1.025,-0.123,7.551,286.160,Yaw
0.557,0.005,1.056,14.613,18.812,286.685,Yaw
0.392,0.223,1.050,15.549,28.306,286.685,Yaw
0.364,0.528,1.043,52.010,64.785,286.685,Yaw
-0.613,0.580,1.056,68.819,85.522,286.685,Yaw
-0.923,0.509,0.912,40.688,33.276,183.934,Yaw
-0.878,0.473,1.021,26.128,15.592,18.410,Yaw
-0.848,0.462,1.158,3.666,-2.205,-198.914,Yaw
-0.615,0.481,0.942,-41.501,-69.948,-286.685,Yaw
-0.424,0.646,0.934,-34.982,-100.677,-286.685,Yaw
0.287,0.419,0.942,-46.856,-79.686,-286.685,Yaw
1.421,-0.458,0.904,-12.547,-32.996,-286.685,Yaw
0.983,0.005,1.070,3.841,-34.930,-108.308,Yaw
0.687,0.134,0.976,0.525,-4.979,22.321,Yaw
1.120,-0.284,1.032,4.585,10.132,194.915,Yaw
0.910,-0.298,1.043,8.094,15.873,286.685,Yaw
0.504,0.358,0.994,22.872,31.964,286.685,Yaw
0.285,0.700,0.949,58.109,73.684,286.685,Yaw
-0.696,0.371,0.993,52.780,81.664,286.685,Yaw
-0.767,0.568,0.829,75.311,66.684,243.749,Yaw
-0.438,0.626,0.934,39.165,0.998,32.926,Yaw
-0.835,0.370,1.090,8.514,-18.506,-88.489,Yaw
-0.613,0.511,1.040,-30.642,-26.626,-285.372,Yaw
-0.562,0.646,0.939,-58.310,-77.963,-286.685,Yaw
-0.160,0.802,0.871,-89.565,-158.436,-286.685,Yaw
0.166,0.463,1.068,-1.418,-50.094,-286.685,Yaw
1.725,-0.264,1.125,-0.534,-11.217,-286.685,Yaw
1.654,0.041,1.045,-0.254,-18.646,-108.868,Yaw
0.658,-0.030,0.975,1.645,-10.377,89.338,Yaw
0.701,-0.197,0.973,-0.656,2.695,202.676,Yaw
0.807,-0.153,1.038,5.810,7.919,286.685,Yaw
0.769,0.201,1.007,20.195,14.070,286.685,Yaw
0.309,0.511,1.115,56.009,55.869,286.685,Yaw
-0.151,0.381,0.882,62.213,81.401,286.685,Yaw
-0.693,0.224,0.791,52.745,81.786,286.685,Yaw
-0.931,0.839,0.864,58.091,32.463,190.321,Yaw
-0.424,0.475,0.936,19.670,-25.174,-33.443,Yaw
-0.740,0.456,1.160,-6.116,-23.975,-137.174,Yaw
-0.444,0.428,0.985,-55.641,-35.000,-286.685,Yaw
-0.439,0.652,0.815,-51.966,-80.588,-286.685,Yaw
-0.283,0.889,0.960,-81.777,-120.934,-286.685,Yaw
0.370,0.688,1.110,-12.346,-30.538,-286.685,Yaw
1.686,-0.342,0.824,-7.254,-9.511,-286.685,Yaw
1.571,-0.263,1.128,2.940,-16.879,-95.541,Yaw
0.781,-0.046,0.978,-1.479,-13.921,37.371,Yaw
0.625,-0.144,1.028,4.358,-5.486,205.503,Yaw
0.739,-0.307,1.000,5.224,2.940,286.685,Yaw
0.703,0.092,1.118,11.323,11.909,286.685,Yaw
0.795,0.547,0.947,15.908,29.907,286.685,Yaw
-0.109,0.790,0.818,50.654,58.651,286.685,Yaw
-0.563,0.170,0.757,21.219,30.511,286.685,Yaw
-0.606,0.225,0.980,20.843,-2.896,252.122,Yaw
-0.849,0.693,0.941,21.061,-7.849,106.356,Yaw
-0.574,0.421,1.173,24.517,-1.680,-63.884,Yaw
-0.737,0.475,1.179,-28.884,-11.034,-251.072,Yaw
-0.439,0.475,0.856,-30.870,16.608,-286.685,Yaw
0.123,0.160,1.152,28.000,20.090,-286.685,Yaw
0.209,0.454,0.796,-31.281,-30.616,-286.685,Yaw
0.523,0.230,1.005,9.179,-88.156,-286.685,Yaw
0.877,-0.424,1.232,-22.776,-66.246,-286.685,Yaw
1.135,-0.574,1.055,-0.525,-0.630,-134.645,Yaw
0.929,-0.138,0.970,-1.759,-6.702,87.973,Yaw
0.581,0.000,0.987,3.649,-9.004,240.538,Yaw
0.323,-0.163,1.046,5.626,-9.704,286.501,Yaw
0.331,-0.053,1.029,15.724,20.335,286.685,Yaw
0.043,0.336,0.929,32.664,44.800,286.685,Yaw
-0.243,0.340,0.952,37.249,40.206,284.655,Yaw
-0.793,0.578,0.942,20.186,11.611,178.062,Yaw
-0.912,0.698,0.978,11.078,-16.240,-86.223,Yaw
-0.914,0.559,1.028,0.201,-5.819,-283.771,Yaw
-0.284,0.387,0.835,-10.517,-29.802,-286.685,Yaw
0.154,0.094,1.030,-12.705,-42.954,-286.685,Yaw
0.276,0.198,1.024,-28.700,-55.230,-286.685,Yaw
0.590,-0.194,1.020,-15.759,-21.744,-267.487,Yaw
0.940,-0.222,0.925,-3.404,4.358,-154.193,Yaw
1.193,-0.247,1.000,-12.898,-17.649,77.683,Yaw
0.861,-0.209,1.112,2.984,-6.213,283.999,Yaw
0.682,-0.033,1.131,6.073,19.031,286.685,Yaw
0.401,0.177,0.987,30.923,41.799,286.685,Yaw
-0.408,0.544,0.892,29.216,26.285,286.685,Yaw
-0.991,0.480,0.990,8.776,2.039,194.259,Yaw
-0.936,0.588,0.946,-0.026,-8.260,69.974,Yaw
-0.696,0.445,1.113,-13.449,-15.680,-117.854,Yaw
-0.495,0.244,0.965,-37.511,-28.175,-272.300,Yaw
0.240,-0.020,0.953,-15.417,-15.584,-229.276,Yaw
0.477,-0.075,0.952,0.577,-9.004,-183.391,Yaw
0.239,-0.192,1.056,-9.179,-24.369,-178.631,Yaw
0.387,-0.141,0.977,-4.778,-5.679,-143.649,Yaw
0.651,-0.374,1.029,2.686,-2.074,-37.065,Yaw
0.399,-0.275,1.014,-0.149,-3.316,16.450,Yaw
0.627,-0.226,1.010,2.004,4.419,163.284,Yaw
0.483,-0.007,1.001,20.046,7.875,277.524,Yaw
0.121,0.002,1.051,28.735,30.704,286.685,Yaw
-0.137,0.235,1.020,32.646,34.353,286.598,Yaw
-0.536,0.302,1.017,6.099,10.509,198.240,Yaw
-0.536,0.305,0.943,-21.945,-14.980,13.554,Yaw
-0.643,0.584,0.918,-25.191,-21.936,-117.311,Yaw
-0.583,0.923,1.079,-9.783,-29.164,-286.475,Yaw
0.176,-0.010,1.032,-6.615,-18.358,-286.685,Yaw
0.265,0.396,0.991,-24.692,-11.244,-286.685,Yaw
0.257,0.666,0.881,-3.439,-4.804,-286.685,Yaw
1.164,-0.349,0.982,9.012,44.004,-286.685,Yaw
1.362,-0.371,0.789,8.829,-20.116,-187.670,Yaw
0.755,-0.060,1.184,4.244,-46.393,-34.134,Yaw
0.418,0.074,1.080,10.281,-13.930,57.531,Yaw
0.830,-0.227,1.059,7.105,-10.570,247.039,Yaw
0.783,-0.030,1.046,-4.165,-7.989,286.685,Yaw
0.578,0.229,0.949,1.383,0.919,286.685,Yaw
0.061,0.523,1.115,13.134,12.119,286.685,Yaw
-0.522,0.436,0.735,12.792,20.930,286.685,Yaw
-1.808,1.099,1.042,83.851,60.095,100.599,Yaw
-1.146,0.442,1.017,31.036,3.334,-132.466,Yaw
-0.312,0.468,0.946,-23.257,-50.015,-286.685,Yaw
-0.232,0.225,1.006,-34.361,-55.641,-286.685,Yaw
0.118,0.296,1.215,-19.302,-27.221,-286.685,Yaw
0.056,0.175,1.100,-29.225,-11.270,-286.685,Yaw
0.879,-0.303,0.971,-11.839,62.186,-285.049,Yaw
1.625,0.099,0.583,8.417,35.989,-82.679,Yaw
1.540,-0.004,0.733,8.033,-62.886,160.982,Yaw
0.494,-0.168,1.409,5.014,-33.031,265.711,Yaw
0.800,0.326,0.867,10.167,13.064,286.685,Yaw
0.639,0.466,0.991,19.110,12.049,286.685,Yaw
-0.324,0.554,1.153,13.816,15.085,286.685,Yaw
-0.737,0.562,0.962,-41.965,-28.052,281.085,Yaw
-1.151,0.546,0.867,12.512,-4.200,148.094,Yaw
-0.789,0.256,1.031,39.095,28.534,-4.585,Yaw
-0.744,0.364,1.002,33.574,22.234,-163.205,Yaw
-0.385,0.537,1.117,23.861,-17.202,-286.685,Yaw
0.113,0.244,1.019,-25.077,-31.334,-286.685,Yaw
0.457,0.472,0.922,-24.587,-34.213,-286.685,Yaw
0.422,0.257,1.054,-9.538,-11.795,-286.685,Yaw
1.061,-0.346,1.000,4.182,14.096,-286.685,Yaw
1.167,0.144,0.934,3.439,-24.413,-176.523,Yaw
0.868,0.202,1.025,11.812,-24.754,-24.798,Yaw
0.612,-0.009,1.109,10.132,-18.174,140.289,Yaw
0.475,-0.295,0.989,-2.739,-6.177,285.119,Yaw
0.428,0.211,0.965,5.635,9.249,286.685,Yaw
0.288,0.408,0.957,16.424,9.502,286.685,Yaw
-0.124,0.327,0.986,11.288,16.599,286.685,Yaw
-0.239,0.341,0.887,50.794,50.059,286.685,Yaw
-0.889,0.229,1.239,49.236,64.890,275.625,Yaw
-0.794,0.452,0.784,44.870,39.077,90.291,Yaw
-0.697,0.271,1.089,38.176,7.122,-163.441,Yaw
-0.116,0.068,1.005,20.860,-2.293,-286.685,Yaw
-0.083,0.382,0.986,0.735,-16.266,-286.685,Yaw
-0.271,0.317,0.989,-33.521,-73.719,-286.685,Yaw
-0.187,0.397,0.920,-20.125,-71.662,-286.685,Yaw
0.836,-0.195,1.072,-18.226,-63.542,-286.685,Yaw
1.057,-0.252,0.989,-11.926,-46.147,-266.989,Yaw
0.794,0.076,1.045,12.775,-26.688,5.451,Yaw
0.692,-0.163,1.112,7.009,-4.532,218.496,Yaw
0.831,-0.110,0.904,0.157,12.337,286.685,Yaw
0.786,0.069,1.024,7.648,14.648,286.685,Yaw
0.214,0.345,1.173,16.266,27.764,286.685,Yaw
-0.105,0.503,0.974,15.811,20.685,286.685,Yaw
-0.848,0.309,0.850,21.009,21.753,254.266,Yaw
-1.058,0.394,0.959,35.079,12.250,122.579,Yaw
-0.769,0.271,1.114,57.085,28.289,-36.243,Yaw
-0.661,0.357,1.154,13.414,1.190,-205.791,Yaw
-0.360,0.732,0.737,-36.575,-51.240,-286.475,Yaw
-0.054,0.374,0.949,-41.877,-66.692,-286.685,Yaw
0.240,0.567,0.964,-54.311,-54.679,-286.685,Yaw
0.465,0.353,0.958,-15.076,1.216,-286.685,Yaw
1.207,-0.326,0.895,2.529,24.552,-286.685,Yaw
1.501,-0.009,0.913,-2.249,-28.691,-134.321,Yaw
0.888,-0.179,1.106,10.579,-11.498,71.111,Yaw
0.874,-0.118,1.035,-1.164,-4.130,252.717,Yaw
0.668,-0.178,1.009,-1.286,-0.534,286.685,Yaw
0.720,0.339,0.948,17.281,11.323,286.685,Yaw
0.509,0.369,1.040,41.309,35.350,286.685,Yaw
0.257,0.452,0.952,37.704,64.181,286.685,Yaw
0.153,0.558,0.702,56.577,78.890,286.685,Yaw
-0.423,0.334,0.768,24.763,-21.823,285.897,Yaw
-0.983,0.481,0.963,57.890,8.829,193.279,Yaw
-1.067,0.956,0.957,44.074,15.312,118.493,Yaw
-0.707,0.631,1.175,3.605,4.716,-37.686,Yaw
-0.615,0.636,1.049,-13.790,-8.120,-128.599,Yaw
-0.482,0.525,0.957,-36.531,-24.255,-266.595,Yaw
-0.009,0.154,1.063,-60.506,-40.224,-286.685,Yaw
-0.225,0.547,0.530,-129.185,-63.656,-286.685,Yaw
0.171,0.894,0.956,-2.922,-77.175,-286.685,Yaw
0.084,0.574,1.242,-21.954,-17.019,-286.685,Yaw
0.836,0.551,1.017,-13.335,14.726,-286.685,Yaw
1.998,-0.444,0.933,15.916,17.509,-286.685,Yaw
0.902,-0.072,1.175,-8.041,-27.843,-122.176,Yaw
0.288,0.260,1.047,-3.693,-31.045,-95.051,Yaw
0.532,-0.088,0.905,6.300,-6.431,-20.195,Yaw
0.732,-0.365,1.121,6.125,4.664,160.081,Yaw
0.449,-0.211,1.001,0.166,-15.899,286.405,Yaw
0.267,0.058,0.919,-1.155,-1.181,286.685,Yaw
0.735,0.255,0.974,8.216,9.109,286.685,Yaw
0.431,0.264,1.038,17.885,15.627,286.685,Yaw
0.355,0.481,0.903,13.650,44.214,286.685,Yaw
0.165,0.593,0.858,81.979,69.930,286.685,Yaw
-0.303,0.259,0.940,52.693,-0.884,286.685,Yaw
-0.278,0.272,0.921,67.821,1.925,253.986,Yaw
-0.659,0.548,1.062,40.469,0.744,142.459,Yaw
-0.654,0.752,1.011,21.411,-2.669,49.481,Yaw
-0.614,0.567,1.034,2.800,2.686,-56.446,Yaw
-0.458,0.776,1.061,-23.651,-11.209,-220.806,Yaw
-0.361,0.618,1.005,-45.159,-22.724,-286.177,Yaw
-0.193,0.260,1.038,-59.202,-16.441,-286.685,Yaw
-0.110,0.922,0.730,9.896,-15.488,-286.685,Yaw
0.551,0.626,0.768,-60.419,-92.418,-286.685,Yaw
0.613,0.302,0.976,-47.127,-71.041,-286.685,Yaw
0.759,0.024,1.066,-4.016,-20.869,-286.685,Yaw
1.061,-0.208,1.008,7.761,15.890,-252.333,Yaw
1.280,-0.314,0.998,1.435,-9.581,-55.116,Yaw
0.870,-0.156,1.033,1.418,-15.776,103.206,Yaw
0.647,-0.317,1.073,-1.207,-7.061,276.658,Yaw
0.745,0.012,1.012,-3.150,-3.684,286.685,Yaw
0.811,0.101,0.981,5.294,2.336,286.685,Yaw
0.226,0.315,0.969,27.423,11.191,286.685,Yaw
-0.092,0.338,1.098,25.471,33.127,286.685,Yaw
-0.157,0.253,0.818,62.064,43.601,286.685,Yaw
-0.744,0.369,1.020,17.946,-18.016,261.503,Yaw
-0.645,0.854,0.802,27.519,-13.580,91.595,Yaw
-0.403,0.359,1.089,45.106,14.385,72.791,Yaw
-0.543,0.212,1.097,-10.456,8.094,35.053,Yaw
-0.364,0.443,1.015,-29.671,2.503,-85.050,Yaw
-0.324,0.388,1.105,-5.355,17.833,-233.065,Yaw
-0.254,0.952,0.777,-56.455,-28.096,-286.685,Yaw
0.016,0.704,0.818,-40.845,-51.520,-286.685,Yaw
0.649,-0.102,1.038,-25.270,-35.586,-286.685,Yaw
0.491,0.091,1.109,-13.501,-36.015,-286.685,Yaw
0.830,-0.272,1.196,8.382,1.811,-279.536,Yaw
1.018,-0.407,0.904,-27.843,15.068,-185.439,Yaw
0.886,-0.453,1.020,-5.976,0.149,-26.626,Yaw
0.981,-0.132,0.827,19.031,-8.347,141.619,Yaw
0.953,-0.121,1.090,31.062,-19.372,269.789,Yaw
0.948,-0.147,1.100,15.216,-17.176,286.685,Yaw
-0.169,0.408,1.115,-2.922,2.441,286.685,Yaw
0.019,0.352,0.902,28.691,15.592,286.685,Yaw
-0.329,0.370,0.610,81.314,23.100,286.685,Yaw
-0.987,0.703,0.983,71.610,3.868,278.985,Yaw
-0.726,0.830,0.906,82.985,8.234,109.882,Yaw
-0.669,0.179,1.280,2.879,17.001,61.565,Yaw
-0.446,0.367,1.049,-32.419,-5.049,-37.065,Yaw
-0.088,0.198,0.965,-37.205,2.126,-136.946,Yaw
-0.149,0.153,1.107,-42.324,1.951,-261.888,Yaw
-0.034,0.737,0.681,-34.414,-43.759,-286.685,Yaw
0.038,0.589,1.166,-27.746,-54.224,-286.685,Yaw
0.880,-0.046,1.015,-22.549,-16.817,-286.685,Yaw
0.930,-0.506,0.965,1.155,-5.670,-286.685,Yaw
1.146,-0.549,0.939,11.095,-10.404,-185.220,Yaw
0.820,-0.291,1.035,9.065,-22.942,-55.842,Yaw
0.640,-0.022,1.031,9.292,-6.239,142.398,Yaw
0.554,-0.051,0.985,15.286,9.975,286.676,Yaw
0.256,0.057,1.036,21.551,8.339,286.685,Yaw
-0.015,0.044,1.070,-24.701,-0.044,286.685,Yaw
0.112,0.425,0.958,-17.211,4.043,286.685,Yaw
-0.233,0.335,0.864,65.975,10.404,286.685,Yaw
-1.023,0.395,1.112,74.603,-20.195,254.774,Yaw
-0.303,0.596,0.805,82.967,8.540,128.756,Yaw
-0.549,0.166,1.281,34.807,23.791,57.899,Yaw
-0.558,0.405,1.143,-48.615,-30.284,-101.229,Yaw
-0.252,0.383,0.937,-91.149,-28.691,-220.159,Yaw
-0.274,0.532,1.148,-100.660,-25.121,-286.685,Yaw
-0.036,0.923,0.630,-28.753,-25.743,-286.685,Yaw
0.383,0.441,1.159,72.975,64.628,-286.685,Yaw
1.325,-0.491,1.176,-11.760,-3.045,-286.685,Yaw
1.420,-0.382,0.887,-3.246,-17.071,-214.217,Yaw
0.598,-0.028,1.038,3.929,-14.123,7.359,Yaw
0.678,-0.094,0.988,6.991,2.642,141.173,Yaw
0.677,-0.185,0.977,11.156,3.307,252.236,Yaw
0.267,0.047,1.121,11.209,-1.724,286.685,Yaw
0.150,0.106,1.059,-8.654,5.416,286.685,Yaw
0.283,-0.013,0.999,-11.069,8.811,286.685,Yaw
-0.012,0.246,0.799,-7.481,-10.307,286.685,Yaw
-0.820,0.537,0.854,70.516,-35.271,235.305,Yaw
-0.490,0.699,0.769,63.035,55.335,105.787,Yaw
-0.379,-0.048,1.524,77.753,54.241,101.448,Yaw
-0.226,0.268,1.041,-25.856,-14.193,-43.794,Yaw
-0.312,0.250,0.998,-34.283,-1.041,-138.145,Yaw
-0.158,0.093,1.117,-56.009,-7.140,-281.059,Yaw
-0.134,0.583,0.712,-69.965,-53.279,-286.685,Yaw
-0.014,0.327,0.900,1.383,-10.885,-286.685,Yaw
0.890,0.124,1.200,-22.374,-8.321,-286.685,Yaw
1.280,-0.309,0.872,-13.029,2.914,-286.676,Yaw
1.010,-0.409,0.959,24.106,-29.628,-74.069,Yaw
0.387,0.016,1.076,11.926,-14.385,103.679,Yaw
0.389,-0.075,1.037,9.809,7.796,228.288,Yaw
0.440,-0.137,1.046,7.341,9.581,286.685,Yaw
0.445,0.065,1.098,4.506,8.916,286.685,Yaw
0.280,-0.052,1.209,2.398,5.093,286.685,Yaw
-0.073,-0.176,0.987,0.333,-45.570,286.685,Yaw
-0.449,0.569,0.777,72.301,-55.318,285.906,Yaw
-1.002,0.986,0.737,61.827,17.920,98.044,Yaw
-0.681,0.385,1.668,33.784,131.985,19.976,Yaw
-0.198,0.104,1.415,45.220,12.915,-161.613,Yaw
-0.202,0.412,1.059,-57.890,-13.256,-279.659,Yaw
-0.318,0.936,0.700,-32.533,-44.415,-286.685,Yaw
0.463,-0.008,1.210,7.682,-27.309,-286.685,Yaw
0.799,0.031,0.914,-41.528,-39.699,-286.685,Yaw
1.025,-0.124,0.995,-6.457,-23.677,-214.253,Yaw
0.823,-0.279,1.014,7.455,-4.069,-65.511,Yaw
0.850,-0.135,0.995,11.139,-2.441,97.265,Yaw
0.569,-0.010,1.080,12.337,-4.585,235.944,Yaw
-0.003,-0.013,1.068,-1.242,3.089,286.685,Yaw
0.067,0.026,0.975,-2.870,3.115,286.685,Yaw
0.039,0.046,1.046,3.684,12.040,286.685,Yaw
-0.164,-0.065,0.861,11.568,18.743,286.685,Yaw
-0.687,0.402,0.826,44.214,-5.259,273.560,Yaw
-0.444,0.537,1.104,77.289,47.005,126.919,Yaw
-0.235,-0.037,1.406,65.223,11.489,36.803,Yaw
-0.339,0.355,0.991,-43.479,-12.915,-110.338,Yaw
-0.461,0.435,1.276,-36.243,2.966,-284.078,Yaw
-0.633,1.100,0.604,-64.356,-74.410,-286.685,Yaw
0.371,0.119,1.125,2.660,-18.226,-286.685,Yaw
1.192,-0.249,0.979,-20.169,-20.055,-286.685,Yaw
1.216,-0.404,1.007,0.962,-16.310,-192.815,Yaw
0.382,-0.010,1.056,10.141,-12.854,7.359,Yaw
0.642,0.189,1.007,5.364,-6.799,88.707,Yaw
0.473,-0.222,1.058,-0.770,3.666,233.940,Yaw
0.299,-0.146,0.922,-0.674,-0.962,286.685,Yaw
0.159,0.011,1.051,0.849,-4.769,286.685,Yaw
-0.206,0.068,1.144,-6.142,-8.986,286.685,Yaw
-0.490,0.287,0.914,0.166,-21.009,282.432,Yaw
-0.780,0.554,0.629,11.051,16.958,86.957,Yaw
-0.828,0.323,1.446,19.005,60.454,-47.644,Yaw
-0.407,0.533,1.129,17.806,-3.106,-283.631,Yaw
-0.046,0.132,1.029,-4.935,-16.004,-286.685,Yaw
0.261,-0.383,1.050,-6.344,-9.074,-286.685,Yaw
0.736,-0.079,0.957,-14.420,-18.086,-286.685,Yaw
1.352,-0.225,1.033,9.922,-1.558,-79.817,Yaw
1.086,0.018,1.010,0.368,-1.295,74.848,Yaw
0.876,0.129,0.977,5.040,-8.374,203.079,Yaw
0.069,-0.150,1.057,-8.698,-12.863,286.449,Yaw
-0.005,0.094,1.035,-13.318,-12.127,286.685,Yaw
-0.298,0.210,1.057,-2.485,-15.733,286.580,Yaw
-0.539,0.210,1.039,-7.586,-10.325,249.681,Yaw
-0.488,0.222,0.895,17.920,0.954,174.038,Yaw
-0.299,-0.127,1.030,25.620,30.441,105.866,Yaw
-0.270,-0.149,1.080,16.336,11.331,-25.454,Yaw
-0.110,0.230,1.040,18.314,8.426,-112.577,Yaw
-0.200,0.234,1.000,-4.410,-17.789,-235.681,Yaw
-0.098,0.003,1.011,-2.529,-16.118,-286.685,Yaw
0.155,-0.175,1.069,0.376,-8.549,-286.685,Yaw
0.514,-0.200,0.958,-5.539,-5.880,-286.685,Yaw
0.799,-0.032,1.015,11.821,-10.894,-160.309,Yaw
0.081,-0.048,1.068,3.290,-4.970,-0.184,Yaw
0.103,-0.280,1.029,-2.144,-1.207,4.909,Yaw
0.178,-0.146,0.924,-1.540,0.385,56.752,Yaw
-0.099,-0.015,1.025,1.006,2.161,53.314,Yaw
-0.116,0.080,1.015,-1.033,-0.884,16.310,Yaw
-0.306,-0.024,1.056,-1.523,-2.118,-29.199,Yaw
0.112,0.024,0.957,-2.564,2.783,-62.353,Yaw
0.143,0.003,1.069,-4.069,-3.185,-33.976,Yaw
-0.020,0.038,0.990,-4.874,-11.900,-43.094,Yaw
0.232,-0.249,0.911,-4.392,12.985,-43.978,Yaw
0.210,-0.084,0.935,-1.680,12.941,14.481,Yaw
0.764,-0.110,0.975,4.532,-15.934,111.160,Yaw
0.602,-0.104,1.067,1.689,-23.642,212.188,Yaw
0.468,-0.099,1.001,7.814,-13.676,286.685,Yaw
-0.295,0.071,1.026,-4.891,-12.416,286.685,Yaw
-0.374,-0.059,0.999,4.532,4.358,286.685,Yaw
-0.625,0.318,0.972,-0.551,6.090,228.742,Yaw
-0.529,0.277,1.007,12.399,11.909,-40.644,Yaw
-0.147,0.273,1.090,18.515,3.684,-222.443,Yaw
-0.028,0.390,1.053,-3.763,-17.771,-286.685,Yaw
0.132,0.179,1.028,-1.435,-18.165,-286.685,Yaw
0.435,-0.026,1.053,1.977,-13.431,-286.685,Yaw
0.917,-0.640,0.977,2.861,-17.605,-286.064,Yaw
0.741,-0.530,1.038,-0.026,-1.138,-103.574,Yaw
0.804,-0.083,0.999,4.016,-9.118,115.132,Yaw
0.290,0.040,1.016,4.253,-8.986,265.081,Yaw
0.219,0.100,1.056,-3.106,10.141,286.685,Yaw
0.527,0.120,0.995,3.159,19.416,286.685,Yaw
-0.019,0.230,1.127,-23.660,-8.435,286.685,Yaw
-0.451,0.282,0.817,5.364,-20.440,286.685,Yaw
-0.763,0.486,0.866,40.688,4.191,248.413,Yaw
-0.215,0.407,0.996,44.765,31.666,135.756,Yaw
-0.348,0.014,1.242,0.298,3.071,22.864,Yaw
-0.326,0.197,0.931,-15.505,2.231,-68.661,Yaw
-0.273,0.034,0.996,9.432,18.926,-115.378,Yaw
0.012,0.260,0.885,15.461,0.166,-264.915,Yaw
-0.045,0.088,1.109,-9.993,-34.947,-286.685,Yaw
0.516,0.070,1.011,-6.475,-19.486,-286.685,Yaw
0.552,0.127,1.054,-12.189,-22.496,-286.685,Yaw
0.269,-0.117,1.041,-2.625,-17.824,-286.685,Yaw
1.101,-0.335,0.997,3.246,-7.551,-214.979,Yaw
1.297,-0.367,0.998,12.547,-5.635,53.541,Yaw
0.393,0.094,1.029,8.531,-13.974,199.859,Yaw
-0.045,0.066,1.094,22.470,23.275,286.309,Yaw
0.380,0.122,1.126,9.590,18.226,286.685,Yaw
0.298,0.032,1.254,-45.028,-4.568,286.685,Yaw
-0.782,0.826,0.887,-27.632,-46.638,286.685,Yaw
-0.807,0.330,0.763,26.346,-49.245,178.640,Yaw
-0.644,0.180,0.891,8.908,65.949,113.995,Yaw
-0.540,-0.044,1.768,6.536,69.204,-15.846,Yaw
-0.157,0.496,0.710,2.581,-5.049,-269.203,Yaw
0.249,0.134,1.122,18.970,-1.505,-286.685,Yaw
0.763,-0.400,1.008,6.921,-1.120,-286.685,Yaw
0.765,-0.351,0.994,-3.185,-12.057,-286.685,Yaw
0.541,-0.150,1.004,-6.440,-20.921,-285.267,Yaw
0.820,-0.130,0.924,12.302,-1.610,-89.460,Yaw
1.058,-0.175,1.005,19.119,-11.708,138.661,Yaw
0.593,-0.111,1.091,8.925,-2.642,282.459,Yaw
0.481,0.034,1.035,18.392,39.226,286.685,Yaw
-0.193,0.317,0.721,-103.661,-44.537,286.685,Yaw
-0.480,0.437,0.680,-15.435,-30.730,286.685,Yaw
-1.616,0.892,0.874,43.610,7.560,155.531,Yaw
-0.922,0.553,1.269,25.358,22.715,-95.620,Yaw
-0.418,0.599,0.617,-1.592,23.870,-268.975,Yaw
-0.223,0.641,1.283,58.572,9.993,-286.685,Yaw
0.665,0.143,0.996,-50.925,-54.189,-286.685,Yaw
0.961,-0.281,1.108,-8.741,-14.761,-286.685,Yaw
0.896,-0.362,0.992,1.138,-1.837,-198.144,Yaw
1.028,-0.437,0.967,-0.543,1.697,-68.889,Yaw
1.261,-0.248,0.998,12.766,-6.633,146.344,Yaw
0.548,-0.324,1.132,13.352,6.869,286.422,Yaw
0.022,-0.142,1.070,11.821,21.735,286.685,Yaw
-1.214,0.715,0.804,29.566,31.089,235.454,Yaw
-0.768,0.461,1.084,33.941,8.435,-132.151,Yaw
-0.922,0.690,1.168,-58.861,-55.842,-271.346,Yaw
-0.862,0.486,0.524,-81.821,-87.509,-274.846,Yaw
-0.543,0.561,1.129,7.044,-15.295,-286.685,Yaw
0.490,0.687,0.965,-2.581,-0.709,-286.685,Yaw
1.916,-0.030,1.257,5.661,23.091,-277.182,Yaw
1.940,-0.554,0.947,-6.746,-3.351,-86.389,Yaw
0.834,0.329,0.942,1.908,-37.319,141.024,Yaw
0.566,0.001,1.122,-4.830,11.926,246.899,Yaw
0.625,-0.041,0.954,4.296,17.763,286.685,Yaw
0.448,0.271,1.060,14.079,39.393,286.685,Yaw
0.147,0.382,1.011,21.333,62.667,286.685,Yaw
-1.974,1.022,0.739,-55.632,-27.090,279.142,Yaw
-1.987,0.837,0.801,-18.576,-47.329,-12.521,Yaw
-0.712,0.784,0.863,13.466,16.765,-228.104,Yaw
0.400,0.236,1.344,70.989,-7.674,-286.685,Yaw
0.658,0.231,0.939,-27.702,-50.969,-286.685,Yaw
0.421,-0.225,1.091,-9.441,-15.977,-286.685,Yaw
1.058,-0.143,1.209,4.760,17.360,-286.685,Yaw
1.508,-0.127,0.998,1.505,56.516,-175.350,Yaw
1.457,0.229,0.742,-17.561,31.334,-39.357,Yaw
1.129,0.200,0.926,-3.281,-102.900,10.946,Yaw
-0.771,-0.205,1.657,-3.439,-15.916,86.739,Yaw
-1.304,-0.109,0.856,-7.271,33.915,172.104,Yaw
-0.849,-0.054,1.042,7.718,51.537,196.901,Yaw
-0.121,0.119,1.061,17.587,4.629,233.091,Yaw
-0.439,-0.130,1.084,-8.829,-27.799,210.508,Yaw
0.331,0.168,0.843,30.940,10.413,205.214,Yaw
0.270,-0.251,1.216,95.795,59.868,206.911,Yaw
0.672,-0.171,1.095,6.274,31.089,248.920,Yaw
0.532,-0.296,0.990,-1.671,33.346,284.935,Yaw
0.186,-0.143,1.074,-9.721,8.382,280.805,Yaw
-0.128,0.132,0.960,1.155,-1.531,271.801,Yaw
-0.865,0.641,0.932,14.726,-4.139,135.660,Yaw
-0.496,0.379,1.096,21.263,-1.304,-63.263,Yaw
-0.401,0.306,1.089,8.523,0.840,-147.630,Yaw
-0.434,0.405,0.968,-28.779,-20.379,-256.288,Yaw
-0.045,0.356,0.979,-7.989,-39.699,-286.685,Yaw
0.303,0.019,1.016,-4.550,-35.569,-286.685,Yaw
0.515,0.169,0.950,-19.337,-48.029,-286.685,Yaw
0.518,0.019,0.993,-22.452,-62.877,-286.685,Yaw
0.908,-0.393,1.037,-12.075,-29.181,-178.124,Yaw
0.791,-0.358,0.986,-0.656,-15.829,41.344,Yaw
0.664,-0.197,1.011,6.440,-6.055,192.579,Yaw
0.218,0.058,1.060,13.554,8.129,286.685,Yaw
0.106,-0.056,1.036,20.694,29.689,286.685,Yaw
-0.029,0.013,1.023,23.222,40.022,286.685,Yaw
-0.518,0.427,0.929,-20.160,2.091,259.324,Yaw
-0.727,0.428,0.995,-39.952,-26.705,35.998,Yaw
-0.925,0.709,0.900,-26.679,-24.640,-139.107,Yaw
-0.631,0.590,0.714,22.032,3.544,-276.780,Yaw
0.128,0.187,1.104,18.323,-3.955,-286.685,Yaw
0.212,0.380,1.011,-36.111,-43.514,-286.685,Yaw
0.628,-0.175,0.913,-9.555,-2.284,-286.685,Yaw
1.421,-0.413,0.760,-3.054,-1.514,-206.973,Yaw
0.823,-0.086,1.177,22.785,-13.309,48.002,Yaw
1.146,-0.385,1.070,-2.266,2.888,230.650,Yaw
0.982,-0.419,1.012,-8.295,17.299,286.685,Yaw
0.502,0.451,0.959,16.984,24.833,286.685,Yaw
-0.452,0.571,1.101,29.820,23.013,286.685,Yaw
-0.382,0.397,0.898,33.635,54.311,286.685,Yaw
-0.556,0.420,0.950,2.336,4.506,281.505,Yaw
-0.936,0.634,0.841,-3.981,-14.682,53.778,Yaw
-0.567,0.371,1.162,33.110,19.757,-170.152,Yaw
-0.329,0.576,0.862,26.346,-9.345,-286.685,Yaw
0.133,0.253,1.111,3.159,-42.919,-286.685,Yaw
0.094,0.168,0.991,-58.362,-80.535,-286.685,Yaw
0.939,-0.360,0.984,-17.649,-16.459,-270.130,Yaw
1.152,-0.382,1.003,1.496,-3.465,-61.486,Yaw
0.688,-0.328,1.026,10.413,-4.226,46.357,Yaw
1.000,-0.319,1.027,7.604,4.174,219.546,Yaw
0.428,-0.030,1.023,12.250,21.411,286.685,Yaw
-0.047,0.196,1.071,1.295,16.205,286.685,Yaw
-0.283,0.437,0.962,34.528,47.049,286.685,Yaw
-0.379,0.463,0.955,37.958,10.762,281.566,Yaw
-0.671,0.708,1.045,32.086,-7.350,65.135,Yaw
-0.693,0.348,1.103,25.226,2.301,-61.994,Yaw
-0.675,0.601,1.195,-11.804,2.669,-264.994,Yaw
0.116,0.510,0.760,16.984,-6.528,-286.685,Yaw
0.413,-0.159,0.969,-33.644,-79.179,-286.685,Yaw
0.416,0.374,0.855,-68.311,-123.007,-286.685,Yaw
0.621,-0.275,1.103,-16.695,-41.274,-272.291,Yaw
1.183,-0.395,0.963,4.226,-2.319,-54.513,Yaw
0.822,-0.346,0.993,3.885,-6.983,116.926,Yaw
0.753,-0.366,1.026,4.060,9.091,264.617,Yaw
0.293,0.403,0.927,13.562,19.705,286.685,Yaw
-0.065,0.244,1.013,20.169,27.860,286.685,Yaw
-0.126,0.122,1.084,23.984,38.509,286.685,Yaw
-0.537,0.305,0.862,-4.576,14.954,276.736,Yaw
-0.481,0.428,0.968,22.312,8.636,57.645,Yaw
-0.569,0.470,0.975,9.249,-1.383,-183.435,Yaw
-0.218,0.364,1.027,24.622,-17.675,-284.261,Yaw
0.089,-0.011,0.967,-24.019,-55.877,-286.685,Yaw
-0.258,0.704,1.110,-89.644,-97.020,-286.685,Yaw
0.242,0.309,0.950,-2.109,-6.746,-286.685,Yaw
1.438,-0.750,1.030,-3.553,32.130,-250.329,Yaw
0.845,-0.352,1.063,7.551,-18.708,11.034,Yaw
0.744,-0.220,1.019,7.140,-7.840,183.750,Yaw
0.724,-0.285,1.052,0.989,7.017,285.241,Yaw
0.639,-0.109,1.052,16.721,28.744,286.685,Yaw
0.306,0.364,0.972,41.248,62.851,286.685,Yaw
-0.313,0.626,0.802,61.373,75.530,286.685,Yaw
-0.863,0.816,0.779,68.635,44.091,255.491,Yaw
-0.699,0.760,1.172,46.576,-15.584,-42.018,Yaw
-0.730,0.478,1.151,-1.383,-7.175,-224.893,Yaw
-0.504,0.602,0.856,-15.365,-26.329,-286.685,Yaw
-0.731,0.762,0.896,-73.640,-121.503,-286.685,Yaw
-0.227,0.383,1.139,-43.715,-97.571,-286.685,Yaw
1.171,-0.416,0.977,2.371,-2.004,-284.926,Yaw
1.615,-0.555,0.850,0.814,-12.276,-42.315,Yaw
0.829,-0.099,1.124,7.157,-19.355,78.339,Yaw
0.926,-0.358,1.054,-5.819,9.266,280.087,Yaw
0.785,-0.176,0.994,-2.231,21.472,286.685,Yaw
0.278,0.181,0.862,3.859,11.252,286.685,Yaw
-0.432,0.522,1.035,38.972,25.296,286.685,Yaw
-0.432,0.462,0.979,53.917,45.929,195.230,Yaw
-0.305,0.614,0.905,31.308,18.183,-22.829,Yaw
-0.337,0.300,1.095,-9.581,-38.185,-177.065,Yaw
-0.436,0.362,0.961,-35.061,-59.430,-286.685,Yaw
-0.197,0.316,0.996,-53.217,-61.749,-286.685,Yaw
-0.148,0.176,1.100,-19.093,-32.384,-286.685,Yaw
0.768,0.079,0.848,4.673,-12.932,-286.685,Yaw
1.420,-0.740,1.139,12.618,-5.539,-146.046,Yaw
0.542,-0.131,1.084,6.379,-10.649,19.163,Yaw
0.789,-0.360,0.983,-4.541,-0.884,220.675,Yaw
0.599,-0.408,0.983,-12.364,15.592,286.685,Yaw
0.622,0.113,0.937,4.051,26.337,286.685,Yaw
-0.075,0.690,1.051,48.029,33.495,286.685,Yaw
-0.431,0.371,1.097,42.306,42.770,285.889,Yaw
-0.374,0.602,0.929,34.939,44.161,202.256,Yaw
-0.565,0.788,0.935,20.388,3.596,-59.946,Yaw
-0.362,0.258,1.069,-1.776,-28.709,-286.020,Yaw
-0.011,0.032,1.013,5.302,-11.594,-286.685,Yaw
-0.189,0.563,0.920,-33.530,-70.254,-286.685,Yaw
0.353,-0.306,1.021,-36.304,-61.792,-286.685,Yaw
0.737,-0.525,1.056,-9.153,-22.680,-213.675,Yaw
0.818,-0.301,0.931,11.261,-16.345,-32.331,Yaw
0.710,-0.183,1.046,9.135,-6.195,132.265,Yaw
0.966,-0.328,1.039,-8.706,11.926,286.685,Yaw
0.882,-0.201,0.989,-15.837,12.967,286.685,Yaw
0.171,0.388,1.019,28.936,3.885,286.685,Yaw
-0.645,0.355,1.049,33.486,24.815,286.108,Yaw
-0.407,0.326,0.959,39.270,35.123,187.425,Yaw
-0.389,0.767,0.959,39.847,31.150,60.428,Yaw
-0.469,0.603,1.064,0.779,-18.952,-170.992,Yaw
-0.090,0.356,1.069,-0.376,-27.764,-286.685,Yaw
-0.304,0.340,0.950,-46.174,-66.929,-286.685,Yaw
-0.004,-0.008,1.053,-30.774,-54.303,-286.685,Yaw
0.742,-0.055,1.085,-12.871,-10.456,-286.685,Yaw
0.841,-0.049,0.801,8.488,1.977,-246.041,Yaw
0.306,-0.484,1.105,12.679,-9.083,-52.658,Yaw
0.560,-0.144,1.036,7.227,-6.414,31.552,Yaw
0.297,-0.276,1.019,0.989,-9.301,149.030,Yaw
0.203,-0.342,1.038,-2.161,4.734,282.642,Yaw
0.174,-0.127,1.037,-11.594,13.493,286.685,Yaw
0.239,0.288,0.961,-7.350,9.389,286.685,Yaw
-0.354,0.408,0.995,13.501,15.059,150.798,Yaw
-0.176,0.170,1.060,15.146,17.763,29.496,Yaw
0.078,0.376,0.924,12.092,12.661,-51.669,Yaw
-0.465,0.193,1.098,-17.561,-39.594,-273.647,Yaw
-0.474,0.347,1.134,-17.430,-20.799,-286.685,Yaw
0.257,-0.204,0.833,-8.505,-1.803,-286.685,Yaw
0.502,-0.348,1.123,19.819,-6.580,-286.046,Yaw
0.520,-0.263,1.040,11.559,-6.099,-136.955,Yaw
0.475,-0.034,1.044,13.764,-9.371,-7.849,Yaw
0.296,-0.123,1.008,7.901,-7.332,60.034,Yaw
0.598,-0.443,1.012,-1.995,5.040,201.092,Yaw
0.737,-0.253,1.055,-24.474,19.591,286.685,Yaw
0.420,0.202,1.053,-13.379,9.380,286.685,Yaw
0.296,0.472,0.931,20.064,-6.562,263.664,Yaw
-0.319,0.138,1.014,4.244,-5.093,230.781,Yaw
-0.340,0.346,1.042,8.873,11.681,211.015,Yaw
-0.449,0.487,1.047,1.024,6.213,-3.596,Yaw
-0.516,0.630,1.082,-22.452,-29.610,-174.274,Yaw
-0.096,0.056,1.089,-7.429,-9.459,-286.685,Yaw
0.125,0.075,0.993,-9.249,-9.310,-286.685,Yaw
0.022,0.098,0.978,12.399,-17.605,-286.685,Yaw
0.811,-0.248,0.995,-3.517,-4.725,-286.685,Yaw
0.925,-0.258,0.958,2.625,-7.639,-136.194,Yaw
0.565,-0.128,1.059,11.602,-7.088,9.415,Yaw
0.952,-0.334,1.054,4.821,-10.719,178.211,Yaw
0.731,-0.366,1.139,-8.575,-8.234,286.283,Yaw
0.472,0.093,0.989,-16.896,11.252,286.685,Yaw
-0.134,0.510,0.918,38.885,37.459,286.685,Yaw
-0.546,0.696,1.057,55.834,49.385,286.685,Yaw
-0.956,1.209,0.923,49.779,35.945,99.164,Yaw
-0.762,0.533,1.030,-13.344,-34.484,-194.749,Yaw
-0.357,0.472,0.950,-37.940,-61.924,-286.685,Yaw
-0.288,0.515,1.054,-58.222,-74.559,-286.685,Yaw
0.137,0.601,1.086,-11.533,-14.026,-286.685,Yaw
1.604,-0.503,0.944,10.211,17.439,-286.685,Yaw
1.652,-0.786,1.053,8.986,-11.821,-51.371,Yaw
1.171,-0.352,1.007,0.683,-6.239,92.934,Yaw
0.649,-0.152,1.074,-3.614,-6.562,286.055,Yaw
0.568,-0.241,0.975,-9.818,7.166,286.685,Yaw
0.204,0.156,1.015,-0.306,15.137,286.685,Yaw
-0.502,0.848,0.721,44.214,51.695,286.685,Yaw
-0.895,0.804,1.002,43.943,27.606,154.359,Yaw
-0.529,0.365,1.060,-9.275,-16.231,-56.210,Yaw
-0.601,0.813,0.986,-21.770,-40.197,-244.667,Yaw
-0.463,0.372,1.074,-45.903,-62.816,-286.685,Yaw
0.445,-0.006,1.078,-11.778,-12.224,-286.685,Yaw
0.788,0.073,0.905,-0.761,-10.124,-286.685,Yaw
0.709,0.039,0.991,6.528,-5.390,-286.685,Yaw
1.046,-0.344,1.009,3.132,-3.474,-189.096,Yaw
0.938,-0.481,1.049,7.403,-3.115,50.321,Yaw
0.742,-0.403,1.070,0.052,-4.602,268.179,Yaw
0.435,-0.188,0.966,-7.472,3.754,286.685,Yaw
0.408,0.332,0.975,12.591,12.250,286.685,Yaw
-0.161,0.470,1.083,12.792,17.981,286.685,Yaw
-0.484,0.601,0.910,37.459,45.299,280.499,Yaw
-0.854,0.878,0.972,25.900,12.250,25.235,Yaw
-0.504,0.635,1.063,-1.934,-24.561,-277.812,Yaw
-0.098,0.283,0.982,-23.704,-41.353,-286.685,Yaw
0.325,0.011,1.102,-26.994,-27.344,-286.685,Yaw
0.828,-0.153,0.848,-3.369,-13.134,-286.685,Yaw
0.698,-0.247,1.059,3.080,-30.450,-283.920,Yaw
0.668,0.010,1.028,2.537,-18.288,-153.947,Yaw
0.557,-0.184,1.037,-3.719,-10.587,-13.283,Yaw
0.669,-0.448,1.049,0.779,-10.885,198.695,Yaw
0.096,-0.400,1.057,7.175,-2.616,286.685,Yaw
0.255,0.139,0.977,12.871,8.645,286.685,Yaw
0.284,0.171,1.067,23.196,28.236,286.685,Yaw
0.020,0.535,0.983,19.189,28.385,286.685,Yaw
-0.928,0.895,0.943,21.157,25.288,207.130,Yaw
-0.778,0.697,1.025,3.447,1.663,-15.951,Yaw
-0.336,0.398,1.015,-2.284,-15.505,-284.944,Yaw
0.082,0.260,1.044,-7.429,-24.570,-286.685,Yaw
0.199,0.106,1.045,-22.741,-26.556,-286.685,Yaw
0.623,-0.487,0.915,-7.166,-8.794,-286.685,Yaw
0.643,-0.126,0.962,-3.386,-14.980,-275.844,Yaw
0.826,-0.121,1.014,6.291,-17.430,-84.604,Yaw
1.001,-0.434,1.100,6.134,-5.040,191.572,Yaw
0.838,-0.477,1.043,-6.991,-0.018,286.685,Yaw
0.483,0.233,0.963,-3.386,13.842,286.685,Yaw
0.012,0.465,0.998,16.791,17.071,286.685,Yaw
-0.389,0.671,0.814,32.305,39.498,286.177,Yaw
-0.977,0.961,0.986,21.061,0.971,7.586,Yaw
-0.649,0.666,1.058,-43.995,-73.010,-286.169,Yaw
-0.316,0.574,1.017,-27.755,-32.366,-286.685,Yaw
-0.322,0.280,1.050,-7.954,-14.385,-286.685,Yaw
0.824,0.241,0.816,-1.391,-7.359,-286.685,Yaw
1.808,-0.541,1.076,2.870,-1.697,-259.612,Yaw
0.904,-0.304,1.045,0.971,-18.191,-16.853,Yaw
0.909,-0.077,0.995,9.555,-25.559,158.506,Yaw
0.690,-0.353,0.950,-15.899,17.290,286.685,Yaw
0.574,0.077,0.882,7.122,11.445,286.685,Yaw
0.379,0.319,1.110,37.345,33.600,286.685,Yaw
-0.249,0.680,0.874,49.298,71.811,286.685,Yaw
-1.117,0.962,0.905,62.370,59.623,198.170,Yaw
-0.814,0.591,1.021,-14.752,-28.989,-136.964,Yaw
-0.685,0.470,1.094,-86.450,-96.897,-284.603,Yaw
-0.479,0.782,0.976,-15.164,-52.850,-286.685,Yaw
0.311,0.168,0.996,-20.510,-30.975,-286.685,Yaw
1.154,-0.071,0.933,-14.823,-21.228,-286.685,Yaw
1.610,-0.153,0.970,-5.049,-18.042,-222.915,Yaw
0.671,-0.065,1.013,4.349,-3.771,44.319,Yaw
0.799,-0.070,0.942,8.899,-1.496,182.954,Yaw
0.929,-0.408,0.984,6.046,13.309,285.915,Yaw
0.867,-0.051,1.089,16.800,41.939,286.685,Yaw
0.304,0.844,0.818,40.548,74.690,286.685,Yaw
-0.959,1.005,0.784,97.580,115.202,286.685,Yaw
-1.424,0.586,0.904,86.791,70.647,231.018,Yaw
-0.492,0.209,1.021,8.453,-5.740,-3.115,Yaw
-0.483,0.498,1.067,-21.691,-15.636,-126.980,Yaw
-0.770,0.609,0.991,-25.935,-47.364,-280.989,Yaw
-0.501,0.428,0.938,-80.141,-124.740,-286.685,Yaw
-0.047,0.861,0.922,-27.073,-83.379,-286.685,Yaw
0.463,0.323,0.981,-19.740,-44.861,-286.685,Yaw
1.649,0.323,0.822,8.881,-19.775,-286.641,Yaw
1.862,-0.634,1.075,10.544,-1.803,-146.352,Yaw
1.123,-0.255,1.027,-6.825,-8.260,166.688,Yaw
0.448,0.148,0.938,-5.407,6.134,286.685,Yaw
0.536,0.112,0.940,15.663,21.131,286.685,Yaw
0.609,0.064,1.044,31.657,37.153,286.685,Yaw
0.073,0.583,0.996,54.031,91.052,286.685,Yaw
-1.091,0.933,0.721,75.574,104.449,286.685,Yaw
-1.547,0.877,0.876,57.382,45.990,168.884,Yaw
-0.645,0.337,1.383,-14.166,-28.236,-90.799,Yaw
-0.606,0.699,0.932,-16.433,-52.509,-274.225,Yaw
-0.239,0.380,1.005,-58.809,-98.245,-286.685,Yaw
-0.043,0.435,0.947,-51.660,-87.089,-286.685,Yaw
0.336,0.457,1.024,-19.548,-35.787,-286.685,Yaw
1.735,-0.339,0.858,-15.680,-25.734,-286.685,Yaw
1.892,-0.558,1.059,0.429,-8.855,-5.688,Yaw
1.178,-0.302,1.013,-3.106,2.065,237.606,Yaw
0.545,0.237,0.874,9.660,26.171,286.685,Yaw
0.585,0.052,1.032,16.879,41.440,286.685,Yaw
0.088,0.302,1.031,44.520,83.641,286.685,Yaw
-0.749,0.884,0.618,71.059,114.774,286.685,Yaw
-1.680,1.210,0.800,19.862,5.145,-19.390,Yaw
-1.238,0.131,0.794,-9.214,-25.708,-272.703,Yaw
-0.777,0.485,1.037,-65.380,-100.704,-286.685,Yaw
-0.448,0.836,0.792,-55.554,-126.516,-286.685,Yaw
0.317,0.540,0.997,-7.831,-38.019,-286.685,Yaw
1.733,0.485,0.731,9.835,-43.584,-286.685,Yaw
1.998,-0.267,1.196,-0.831,-24.885,-122.570,Yaw
1.171,-0.169,1.119,4.244,-23.634,140.884,Yaw
0.346,0.247,0.802,-24.290,16.091,286.685,Yaw
0.669,-0.087,0.932,3.771,22.085,286.685,Yaw
0.526,0.289,1.027,20.361,25.401,286.685,Yaw
-0.223,0.526,1.010,42.910,68.810,286.685,Yaw
-0.898,0.757,0.833,94.920,112.122,286.685,Yaw
-0.958,0.365,1.033,39.515,27.545,67.777,Yaw
-0.603,0.343,1.088,7.814,-9.852,-44.511,Yaw
-0.752,0.413,0.937,-13.458,-33.959,-208.337,Yaw
-0.298,0.306,0.950,-27.860,-64.006,-286.685,Yaw
-0.068,0.377,0.971,-33.539,-70.980,-286.685,Yaw
0.109,0.492,1.025,-15.706,-61.985,-286.685,Yaw
1.323,0.219,0.989,-24.570,-55.615,-286.685,Yaw
1.406,-0.636,1.016,-2.223,-19.565,-151.681,Yaw
1.211,-0.489,1.065,0.901,3.544,132.711,Yaw
0.753,0.181,0.966,3.211,27.851,271.600,Yaw
0.395,0.182,0.970,26.644,60.139,286.685,Yaw
0.103,-0.086,1.023,23.782,66.325,286.685,Yaw
-0.161,0.166,0.994,47.005,97.554,286.685,Yaw
-1.109,1.195,0.717,22.995,66.701,286.353,Yaw
-1.484,0.790,1.641,1.636,-28.114,-137.401,Yaw
-0.642,0.121,1.005,-50.444,-83.396,-286.685,Yaw
-0.241,0.562,1.022,-73.281,-137.926,-286.685,Yaw
-0.285,0.586,0.942,-19.241,-83.668,-286.685,Yaw
0.944,0.318,0.914,-20.230,-49.368,-286.685,Yaw
1.998,-0.045,0.855,6.650,-27.169,-271.408,Yaw
1.530,-0.296,1.124,-0.254,-13.948,-0.394,Yaw
0.630,0.144,0.925,-8.986,5.504,284.734,Yaw
0.439,0.073,0.944,3.745,32.034,286.685,Yaw
0.395,0.067,1.122,21.665,35.735,286.685,Yaw
-0.196,0.438,1.058,40.171,64.584,286.685,Yaw
-0.802,1.004,0.867,92.802,103.845,286.685,Yaw
-0.741,0.391,1.053,38.036,34.151,91.980,Yaw
-0.490,0.332,1.064,-13.230,-12.626,-93.721,Yaw
-0.636,0.272,0.949,-28.560,-59.071,-221.568,Yaw
-0.206,0.225,1.010,-68.591,-106.785,-286.685,Yaw
-0.275,1.069,0.879,-26.486,-52.062,-286.685,Yaw
0.482,0.436,1.057,-18.296,-18.497,-286.685,Yaw
1.383,0.064,0.952,-17.631,-26.591,-286.685,Yaw
1.772,-0.597,1.106,2.432,-15.820,-170.914,Yaw
1.130,-0.059,1.000,-2.030,-1.960,218.444,Yaw
0.422,0.339,0.954,9.319,20.939,286.685,Yaw
0.434,0.010,0.952,14.709,30.686,286.685,Yaw
0.520,-0.016,1.087,37.695,80.089,286.685,Yaw
-0.327,1.042,0.845,51.415,102.095,286.685,Yaw
-1.029,0.990,0.763,41.002,79.853,286.685,Yaw
-0.920,0.417,0.894,33.959,44.048,140.438,Yaw
-0.556,0.274,0.942,-7.026,-4.568,21.866,Yaw
-0.774,0.501,0.906,15.155,-18.734,-126.280,Yaw
-0.581,0.267,1.050,-7.376,-48.554,-266.831,Yaw
-0.142,0.494,0.863,-32.314,-70.507,-286.685,Yaw
0.037,0.657,0.836,-54.679,-131.189,-286.685,Yaw
0.131,0.714,1.031,-17.448,-82.504,-286.685,Yaw
0.999,0.404,1.119,4.944,-46.681,-286.685,Yaw
1.998,-0.444,0.933,-0.149,-10.456,-197.750,Yaw
0.994,-0.350,1.089,17.001,-23.292,237.781,Yaw
0.399,0.167,0.956,-21.980,13.405,286.685,Yaw
0.793,0.414,0.870,-4.559,20.799,286.685,Yaw
0.662,0.480,0.998,40.897,48.641,286.685,Yaw
-0.358,0.473,0.889,71.199,102.524,286.685,Yaw
-0.874,0.509,0.896,88.734,118.711,286.685,Yaw
-1.605,1.042,0.572,55.160,36.610,103.924,Yaw
-0.924,0.298,1.142,-10.246,-50.899,-277.944,Yaw
-0.734,0.190,0.974,-72.730,-97.746,-286.685,Yaw
-0.244,0.846,0.846,-97.213,-130.926,-286.685,Yaw
0.027,0.633,1.174,-7.963,-54.486,-286.685,Yaw
0.587,0.249,0.977,-11.462,-36.391,-286.685,Yaw
1.910,0.140,0.934,17.071,-33.320,-285.259,Yaw
1.643,-0.470,1.029,9.450,-21.420,-35.656,Yaw
0.598,0.144,0.760,-25.690,28.709,286.685,Yaw
0.920,0.650,0.944,10.369,37.266,286.685,Yaw
0.686,0.407,0.874,34.755,30.065,286.685,Yaw
-0.240,0.317,0.960,44.214,65.205,286.685,Yaw
-0.834,0.283,0.928,94.762,128.625,286.685,Yaw
-1.090,0.900,0.697,41.291,61.609,241.465,Yaw
-1.275,1.103,0.860,25.174,-11.340,-5.609,Yaw
-1.018,0.085,1.118,-13.370,-56.105,-285.924,Yaw
-0.427,0.269,0.942,-47.959,-76.991,-286.685,Yaw
-0.017,0.706,0.871,-58.940,-116.497,-286.685,Yaw
0.375,0.634,0.991,-60.095,-114.616,-286.685,Yaw
0.324,0.388,1.238,-13.405,-38.019,-286.685,Yaw
1.746,0.338,1.024,7.560,-1.041,-286.501,Yaw
1.805,-0.425,1.078,12.722,-4.655,48.116,Yaw
1.113,0.097,1.082,-8.278,-5.136,274.566,Yaw
1.062,0.416,0.877,-19.486,19.311,286.685,Yaw
0.653,0.467,1.047,21.735,12.661,286.685,Yaw
-0.353,0.652,1.019,56.639,76.326,286.685,Yaw
-1.021,0.719,0.814,59.019,102.664,286.685,Yaw
-1.374,0.705,0.806,60.314,71.391,253.566,Yaw
-0.967,0.788,1.141,32.165,-46.620,-53.305,Yaw
-1.179,0.422,1.179,-25.191,-39.611,-281.794,Yaw
-0.765,0.176,0.931,-44.590,-65.485,-286.685,Yaw
-0.418,0.967,0.872,-83.860,-125.834,-286.685,Yaw
0.489,1.218,1.135,-20.519,-58.572,-286.685,Yaw
0.903,0.848,1.149,5.512,-1.041,-286.685,Yaw
1.595,0.403,0.958,12.871,11.182,-286.685,Yaw
1.530,-0.603,1.070,3.465,-12.740,-179.314,Yaw
1.204,-0.067,1.049,17.517,-22.435,56.534,Yaw
0.601,0.296,0.953,-2.888,-10.360,254.476,Yaw
0.232,0.127,0.877,-26.084,13.738,286.685,Yaw
0.649,0.134,1.044,4.830,12.836,286.685,Yaw
0.097,0.526,1.270,28.394,38.325,286.685,Yaw
-0.257,0.532,0.896,30.765,51.222,286.685,Yaw
-1.056,0.517,0.886,58.196,70.070,286.685,Yaw
-1.115,0.491,1.000,7.744,-2.791,149.100,Yaw
-1.029,0.131,1.004,-32.244,-31.272,-95.191,Yaw
-0.833,0.335,0.870,-31.859,-25.847,-251.256,Yaw
-0.376,0.729,1.092,-17.474,-56.928,-286.685,Yaw
0.187,0.337,0.940,-26.154,-48.947,-286.685,Yaw
0.469,0.297,1.051,-11.069,-16.905,-286.685,Yaw
0.829,0.281,0.928,-15.391,-3.745,-286.685,Yaw
1.869,-0.107,1.004,9.739,-3.902,-200.716,Yaw
1.578,-0.251,1.083,-5.101,-10.666,116.856,Yaw
1.168,-0.025,0.996,-16.721,-10.281,281.024,Yaw
0.740,0.241,0.992,15.776,12.801,286.685,Yaw
0.093,0.697,1.174,51.713,40.303,286.685,Yaw
-0.554,0.797,0.772,50.120,80.929,286.685,Yaw
-1.061,0.891,0.814,49.096,50.050,286.685,Yaw
-1.757,0.573,1.127,6.843,-29.610,57.846,Yaw
-1.300,0.425,1.226,-57.111,-33.556,-269.658,Yaw
-1.027,0.208,0.506,-38.658,-29.951,-286.685,Yaw
0.081,0.839,1.022,-12.311,-54.792,-286.685,Yaw
0.498,0.797,1.016,-18.016,-44.704,-286.685,Yaw
0.687,0.617,0.934,-7.674,-24.990,-286.685,Yaw
1.200,0.562,1.018,12.819,-5.416,-286.685,Yaw
1.900,-0.391,0.997,0.507,-7.525,-237.458,Yaw
1.191,-0.160,1.057,2.818,-18.865,68.329,Yaw
0.411,0.206,1.082,-3.159,-9.625,286.038,Yaw
0.221,0.263,0.837,-13.090,7.088,286.685,Yaw
0.305,0.135,1.000,10.439,19.521,286.685,Yaw
0.140,0.313,1.223,16.712,32.734,286.685,Yaw
-0.072,0.458,1.057,7.954,30.931,286.685,Yaw
-0.892,0.591,0.934,-6.003,10.605,286.685,Yaw
-1.304,0.146,1.027,13.361,4.839,81.944,Yaw
-1.123,0.217,0.876,21.840,-5.521,-204.899,Yaw
-0.458,0.280,1.339,45.596,-33.250,-286.685,Yaw
-0.179,0.416,1.044,-27.423,-52.999,-286.685,Yaw
0.290,0.510,1.042,-5.924,-25.331,-286.685,Yaw
1.041,0.579,0.811,0.070,-26.504,-286.685,Yaw
1.998,0.132,1.002,17.386,-7.245,-247.240,Yaw
1.674,-0.193,1.143,8.129,-17.728,184.529,Yaw
0.544,0.567,0.922,-22.032,12.757,286.685,Yaw
0.206,0.497,0.893,9.502,33.031,286.685,Yaw
0.073,0.228,1.119,9.415,36.846,286.685,Yaw
-0.422,0.325,1.068,10.885,42.735,286.685,Yaw
-0.784,0.171,0.783,0.805,18.480,286.685,Yaw
-1.178,0.554,0.979,27.466,-0.096,172.410,Yaw
-1.021,-0.015,1.064,11.445,-8.391,23.406,Yaw
-0.869,0.153,1.013,-12.390,4.043,-202.178,Yaw
-0.325,0.381,0.668,9.196,-22.846,-286.685,Yaw
0.149,0.362,1.027,3.325,-48.632,-286.685,Yaw
0.391,0.365,0.955,-9.730,-46.034,-286.685,Yaw
0.711,0.234,1.010,-6.597,-28.438,-286.685,Yaw
1.369,0.188,0.924,-3.596,-25.847,-263.760,Yaw
1.373,-0.043,1.020,1.671,-16.800,-78.085,Yaw
0.910,0.097,1.004,5.416,4.445,238.796,Yaw
0.274,0.228,0.977,-2.888,28.044,286.685,Yaw
0.200,0.063,1.022,4.270,40.092,286.685,Yaw
0.181,0.243,0.985,4.716,44.292,286.685,Yaw
-0.173,0.336,0.627,-11.882,28.140,286.685,Yaw
-0.830,0.603,0.931,39.891,6.562,286.685,Yaw
-1.171,0.454,0.999,42.070,2.852,202.239,Yaw
-0.965,0.040,1.226,11.323,-5.827,64.015,Yaw
-0.959,0.380,1.018,-6.134,-6.151,-217.184,Yaw
-0.283,0.111,0.931,5.793,26.259,-286.685,Yaw
-0.086,0.445,0.897,20.519,-11.646,-286.685,Yaw
0.128,0.740,0.949,-23.695,-79.503,-286.685,Yaw
0.394,0.705,1.005,-20.878,-114.293,-286.685,Yaw
1.125,0.414,1.050,2.336,-38.124,-286.685,Yaw
1.952,0.153,0.852,10.745,-32.480,-261.397,Yaw
1.108,-0.034,1.087,14.341,-13.536,121.494,Yaw
0.277,0.192,0.937,-16.975,22.015,286.685,Yaw
0.406,0.223,1.045,2.214,21.394,286.685,Yaw
0.280,0.307,1.056,7.429,22.680,286.685,Yaw
-0.088,0.393,1.062,14.105,40.171,286.685,Yaw
-0.412,0.303,0.860,6.843,33.959,286.685,Yaw
-0.837,0.436,1.041,52.903,14.595,286.685,Yaw
-1.097,0.156,1.127,41.930,7.017,141.977,Yaw
-1.011,0.313,0.992,30.625,20.878,-154.402,Yaw
-0.513,0.188,0.866,25.497,5.889,-286.685,Yaw
-0.317,0.367,1.002,-17.246,-39.077,-286.685,Yaw
-0.004,0.641,1.015,-35.884,-84.131,-286.685,Yaw
0.231,0.732,0.997,-21.385,-82.329,-286.685,Yaw
0.777,0.475,1.023,3.168,-43.068,-286.685,Yaw
1.998,0.233,0.933,15.435,-29.540,-269.010,Yaw
1.236,-0.142,1.121,19.530,-22.951,170.144,Yaw
0.247,0.430,0.909,-17.894,17.894,286.685,Yaw
0.269,0.353,0.976,6.414,29.452,286.685,Yaw
0.234,0.149,1.113,10.430,25.471,286.685,Yaw
-0.227,0.304,1.068,18.743,46.182,286.685,Yaw
-0.518,0.420,0.855,9.257,38.351,286.685,Yaw
-1.062,0.572,0.965,25.716,8.960,283.456,Yaw
-1.010,0.181,1.188,34.562,14.131,43.741,Yaw
-0.877,0.307,0.992,66.622,38.658,-247.074,Yaw
-0.358,0.159,1.048,-2.590,-30.739,-286.685,Yaw
-0.198,0.330,0.800,-30.205,-77.201,-286.685,Yaw
0.226,0.570,0.970,-42.604,-122.710,-286.685,Yaw
0.567,0.403,1.040,-10.334,-38.342,-286.685,Yaw
1.491,0.199,0.931,9.056,-18.961,-273.210,Yaw
1.506,-0.186,0.976,2.608,-14.525,-64.129,Yaw
0.756,0.114,1.062,-6.528,-2.450,216.387,Yaw
0.452,0.370,0.902,4.463,16.993,286.685,Yaw
0.532,0.294,1.043,9.704,26.757,286.685,Yaw
0.128,0.266,0.954,16.310,53.401,286.685,Yaw
-0.451,0.540,1.043,24.132,77.875,286.685,Yaw
-0.821,0.752,0.886,39.270,14.184,286.685,Yaw
-1.131,0.430,1.023,45.185,13.799,218.137,Yaw
-0.536,-0.093,1.189,-5.959,-16.109,78.348,Yaw
-0.706,0.062,0.914,-24.202,-15.627,-24.631,Yaw
-0.423,0.197,1.055,-30.608,-12.967,-191.529,Yaw
-0.321,0.251,0.784,-31.124,-11.401,-277.839,Yaw
-0.257,0.375,0.894,60.743,5.416,-286.685,Yaw
0.083,0.435,0.932,-37.432,-87.220,-286.685,Yaw
0.229,0.692,1.045,-28.263,-76.457,-286.685,Yaw
0.780,0.635,1.031,-4.611,-32.060,-286.685,Yaw
1.851,0.225,0.929,16.345,-16.319,-277.795,Yaw
1.053,-0.321,1.132,12.469,-22.855,91.516,Yaw
0.439,0.039,0.976,-0.998,-4.611,272.842,Yaw
0.209,0.218,0.965,-5.898,24.894,286.685,Yaw
0.234,0.214,1.023,12.180,19.329,286.685,Yaw
0.086,0.191,1.019,14.280,33.521,286.685,Yaw
0.023,0.318,0.967,29.829,44.826,286.685,Yaw
-0.482,0.507,1.022,39.699,48.037,286.685,Yaw
-1.320,0.423,0.851,24.124,25.751,219.450,Yaw
-1.343,0.620,0.953,54.836,11.655,-240.511,Yaw
-0.551,-0.329,1.251,25.349,-24.124,-286.685,Yaw
-0.471,0.528,0.796,-63.429,-86.993,-286.685,Yaw
0.122,0.859,0.981,-41.624,-82.311,-286.685,Yaw
0.386,0.594,0.903,-16.319,-47.346,-286.685,Yaw
1.633,0.683,0.981,18.121,-36.181,-286.685,Yaw
1.564,-0.247,1.108,15.330,-10.028,-14.823,Yaw
0.433,0.216,0.987,-14.254,-6.773,286.676,Yaw
0.171,0.376,0.883,-16.336,25.366,286.685,Yaw
0.344,0.200,1.030,8.540,29.041,286.685,Yaw
0.303,0.045,1.162,16.030,32.375,286.685,Yaw
-0.021,0.371,0.931,34.037,49.866,286.685,Yaw
-0.674,0.601,0.965,38.036,52.290,286.685,Yaw
-1.148,0.438,1.087,56.403,33.530,225.943,Yaw
-1.034,0.662,0.912,40.513,11.130,-138.504,Yaw
-0.585,-0.051,1.072,31.456,-2.179,-286.685,Yaw
-0.424,0.119,0.978,-36.374,-58.048,-286.685,Yaw
-0.074,0.607,0.976,-22.208,-91.971,-286.685,Yaw
0.502,0.214,0.967,-24.343,-63.446,-286.685,Yaw
0.671,0.243,1.097,-6.597,-46.034,-286.685,Yaw
1.796,-0.006,0.908,8.977,-29.872,-182.289,Yaw
1.025,-0.065,1.044,9.459,-3.885,214.340,Yaw
0.383,0.189,0.963,-4.716,16.625,286.685,Yaw
0.267,0.241,0.989,6.528,23.905,286.685,Yaw
0.282,0.084,1.056,10.448,28.280,286.685,Yaw
0.023,0.231,0.986,26.206,50.173,286.685,Yaw
-0.327,0.406,1.064,28.770,40.259,286.685,Yaw
-1.009,0.386,0.835,12.722,15.951,273.910,Yaw
-1.189,0.703,0.758,-9.931,-11.874,-62.274,Yaw
-0.564,-0.092,1.054,42.787,3.815,-286.685,Yaw
-0.198,-0.099,0.996,-28.385,-56.857,-286.685,Yaw
-0.090,0.687,1.023,-41.414,-92.899,-286.685,Yaw
0.351,0.345,1.021,-10.089,-45.841,-286.685,Yaw
1.377,0.418,0.775,5.591,-46.393,-286.685,Yaw
1.972,-0.068,0.962,11.874,-21.892,-199.535,Yaw
1.000,-0.081,1.039,8.759,-15.068,209.011,Yaw
0.357,0.241,0.916,-14.919,29.251,286.685,Yaw
0.341,0.132,1.053,7.131,18.769,286.685,Yaw
-0.003,0.121,1.147,18.279,29.461,286.685,Yaw
-0.008,0.279,0.960,19.346,42.831,286.685,Yaw
-0.128,0.317,1.070,36.085,45.964,286.685,Yaw
-0.567,0.173,0.943,-12.110,3.789,283.342,Yaw
-1.126,0.606,0.974,-24.552,-27.895,151.497,Yaw
-1.160,0.603,0.891,25.673,17.132,-209.038,Yaw
-0.326,-0.081,1.089,23.336,-15.137,-286.685,Yaw
-0.037,0.132,0.855,-40.810,-88.918,-286.685,Yaw
0.102,0.694,0.951,-25.497,-71.925,-286.685,Yaw
0.721,0.303,0.992,0.114,-16.739,-286.685,Yaw
1.515,0.463,0.960,21.157,-34.300,-286.685,Yaw
1.674,-0.204,0.946,6.265,-18.384,-118.842,Yaw
0.771,-0.041,1.008,5.399,-14.017,250.364,Yaw
0.220,0.205,0.966,-9.564,17.701,286.685,Yaw
0.169,0.125,1.026,2.852,18.112,286.685,Yaw
0.165,0.146,1.074,16.608,27.519,286.685,Yaw
0.124,0.164,1.045,18.358,36.855,286.685,Yaw
-0.119,0.315,1.130,40.171,49.936,286.685,Yaw
-0.320,0.261,0.879,6.370,9.677,286.685,Yaw
-1.055,0.659,0.859,42.787,8.645,250.591,Yaw
-0.987,0.747,1.057,17.465,1.435,-102.077,Yaw
-0.707,0.145,1.118,86.188,28.954,-286.685,Yaw
-0.204,-0.155,1.101,11.384,-26.653,-286.685,Yaw
0.122,0.893,0.773,-68.014,-119.473,-286.685,Yaw
0.317,0.566,0.994,-21.306,-89.801,-286.685,Yaw
1.078,0.319,0.968,-5.119,-38.526,-286.685,Yaw
1.847,0.041,0.975,5.924,-12.714,-261.126,Yaw
1.480,-0.226,1.057,14.823,-16.817,150.351,Yaw
0.461,0.218,0.993,-7.000,5.889,286.685,Yaw
0.320,0.479,1.009,3.640,33.294,286.685,Yaw
0.561,0.432,1.058,17.719,40.373,286.685,Yaw
0.037,0.437,1.079,20.965,53.550,286.685,Yaw
-0.358,0.537,0.651,5.075,17.036,286.685,Yaw
-0.765,0.528,0.992,48.405,20.440,285.828,Yaw
-1.383,0.316,1.072,43.829,6.099,154.796,Yaw
-1.210,0.362,1.094,17.605,1.418,-151.594,Yaw
-0.838,0.207,1.077,3.255,17.657,-286.685,Yaw
-0.554,0.553,0.812,8.505,-12.005,-286.685,Yaw
0.003,0.976,0.843,-18.147,-83.081,-286.685,Yaw
0.395,0.661,0.929,-14.639,-96.740,-286.685,Yaw
0.951,0.694,0.924,2.336,-65.310,-286.685,Yaw
1.675,0.304,1.000,-5.976,-5.793,-285.582,Yaw
1.411,-0.046,1.066,5.617,-7.254,48.213,Yaw
-0.656,0.250,0.483,70.963,-286.685,73.596,Roll
-0.441,0.366,0.669,69.423,-286.685,77.192,Roll
-0.230,0.146,0.663,16.153,-286.685,103.600,Roll
0.054,0.138,0.752,0.035,-286.685,104.764,Roll
0.621,0.285,1.053,-46.821,-286.685,59.439,Roll
0.679,0.413,1.045,-45.710,-224.857,61.031,Roll
0.625,0.346,0.847,-14.061,-35.866,58.135,Roll
0.424,0.314,0.790,29.531,73.255,41.011,Roll
0.352,0.233,0.879,28.656,121.494,2.485,Roll
0.197,0.231,0.965,14.796,114.923,-15.164,Roll
0.114,0.298,1.054,-9.494,64.934,-24.920,Roll
0.159,0.288,0.885,-24.404,30.993,-22.794,Roll
0.143,0.297,0.822,-20.554,3.929,-24.106,Roll
0.241,0.332,0.937,-17.351,-27.090,-29.067,Roll
0.443,0.491,1.055,-26.320,39.209,-40.469,Roll
0.600,0.039,1.211,-17.614,286.274,-67.007,Roll
0.085,0.016,1.034,36.470,286.685,-77.569,Roll
-0.422,0.001,0.513,32.340,286.685,-121.345,Roll
-0.617,0.349,0.707,-9.065,286.685,-96.495,Roll
-1.240,0.600,0.293,28.936,285.198,-37.118,Roll
-1.779,0.821,0.475,36.864,138.495,-43.400,Roll
-1.325,0.323,0.167,69.291,-241.220,-9.083,Roll
-0.487,-0.049,0.788,56.752,-286.685,82.224,Roll
-0.336,-0.025,0.465,76.064,-286.685,154.840,Roll
0.108,0.338,0.634,86.109,-286.685,166.057,Roll
-0.020,0.401,0.506,20.038,-286.685,166.801,Roll
1.014,0.498,0.321,-29.251,-286.685,22.837,Roll
1.773,0.448,0.905,-81.183,-63.630,8.216,Roll
0.435,-0.079,0.590,-54.311,286.685,103.372,Roll
-0.283,0.062,0.844,-9.292,286.685,-50.662,Roll
-1.076,0.139,0.863,-12.591,286.685,-69.501,Roll
-1.269,0.371,0.871,8.050,286.685,-122.027,Roll
-1.000,0.298,0.526,40.303,286.685,-158.148,Roll
-1.503,0.661,0.374,31.719,202.982,-53.191,Roll
-1.587,0.606,0.419,46.463,-76.571,8.505,Roll
-1.320,0.210,0.471,42.814,-259.280,18.191,Roll
-0.448,0.037,0.374,21.271,-286.685,64.339,Roll
-0.183,0.099,0.055,71.050,-286.685,137.681,Roll
-0.075,0.303,0.000,79.931,-286.685,158.077,Roll
0.575,0.363,0.813,-0.324,-286.685,100.494,Roll
0.881,0.609,0.956,-70.324,-272.545,51.441,Roll
1.145,0.186,1.037,-47.084,189.026,39.961,Roll
0.462,-0.066,0.998,8.129,286.685,45.579,Roll
-0.363,0.045,0.462,-21.472,286.685,-49.639,Roll
-1.087,0.263,0.898,27.895,286.685,-135.555,Roll
-1.027,0.442,0.617,-21.823,286.685,-142.494,Roll
-1.360,0.515,0.482,8.426,286.685,-99.286,Roll
-1.930,0.588,0.436,33.320,132.842,-37.389,Roll
-1.164,0.046,-0.025,37.511,-178.789,-2.266,Roll
-0.829,-0.081,0.211,56.368,-286.685,108.902,Roll
-0.535,0.118,0.385,60.077,-286.685,143.124,Roll
-0.172,0.183,0.602,86.651,-286.685,161.018,Roll
-0.079,0.388,0.335,56.709,-286.685,201.224,Roll
0.373,0.645,0.680,19.259,-286.685,157.010,Roll
0.534,0.248,0.548,-130.917,-286.685,111.081,Roll
1.044,0.582,0.464,-144.156,-180.871,25.891,Roll
0.918,0.141,1.174,-27.300,235.804,61.985,Roll
0.460,-0.150,0.752,-8.234,286.685,22.741,Roll
-0.141,0.091,0.903,84.936,286.685,-109.839,Roll
-0.388,0.210,1.236,67.576,286.685,-154.315,Roll
-0.517,0.189,0.779,-14.639,286.685,-174.265,Roll
-0.853,0.301,0.655,-10.404,286.685,-186.209,Roll
-1.400,0.582,0.419,16.905,281.776,-60.384,Roll
-1.688,0.496,0.257,37.537,39.375,-30.065,Roll
-1.293,0.193,0.317,54.346,-172.454,-8.269,Roll
-0.721,0.161,0.369,11.042,-286.685,66.666,Roll
-0.436,-0.049,0.508,34.501,-286.685,133.901,Roll
-0.109,0.103,0.394,85.584,-286.685,186.191,Roll
0.243,0.156,0.255,93.651,-286.685,180.714,Roll
0.445,0.679,0.792,9.188,-286.685,127.540,Roll
0.738,0.552,0.643,-68.600,-266.796,50.601,Roll
1.101,0.487,1.082,-35.534,120.872,34.291,Roll
0.469,0.100,1.292,-29.225,286.685,-4.445,Roll
0.082,0.026,0.707,-17.938,286.685,-131.670,Roll
-0.382,0.251,0.891,17.456,286.685,-133.402,Roll
-0.601,0.031,0.815,-1.400,286.685,-140.936,Roll
-1.366,0.406,0.412,30.380,286.685,-133.691,Roll
-1.472,0.643,0.292,32.401,279.055,-94.885,Roll
-1.682,0.455,0.097,30.257,75.600,-38.421,Roll
-1.219,0.131,-0.261,35.542,-101.386,-0.184,Roll
-0.859,0.220,-0.013,52.946,-286.073,102.699,Roll
-0.776,0.067,0.364,9.301,-286.685,133.884,Roll
-0.536,0.053,0.237,45.491,-286.685,177.117,Roll
0.139,0.116,0.501,92.522,-286.685,223.545,Roll
-0.024,0.601,0.813,-36.706,-286.685,210.044,Roll
0.434,0.471,0.433,-160.029,-286.685,93.459,Roll
0.807,0.337,0.292,-142.450,-233.109,35.096,Roll
1.258,0.315,0.869,-39.944,17.491,2.993,Roll
0.592,0.023,1.243,15.102,286.685,4.821,Roll
-0.081,-0.004,0.918,5.766,286.685,-111.554,Roll
-0.452,0.261,0.890,17.220,286.685,-142.398,Roll
-0.673,0.236,0.908,17.946,286.685,-142.931,Roll
-1.046,0.111,0.250,11.891,286.685,-136.211,Roll
-1.584,0.713,0.450,43.811,278.828,-115.299,Roll
-1.819,0.601,0.297,57.085,136.395,-42.945,Roll
-1.296,-0.049,0.103,32.541,-194.066,12.005,Roll
-0.946,0.075,0.182,-1.759,-286.685,106.794,Roll
-0.605,0.047,0.139,1.995,-286.685,121.809,Roll
-0.080,0.058,0.537,60.944,-286.685,146.405,Roll
0.208,0.456,0.504,90.659,-286.685,167.352,Roll
0.443,0.225,0.559,-6.055,-286.685,174.694,Roll
0.500,0.376,0.542,-78.522,-286.685,139.099,Roll
0.796,0.664,0.714,-79.319,-130.384,13.151,Roll
1.051,0.090,1.036,-42.219,219.783,-27.886,Roll
0.322,-0.035,1.008,18.603,286.685,-89.582,Roll
-0.152,0.216,1.353,54.985,286.685,-169.015,Roll
-0.675,0.359,1.022,-1.435,286.685,-156.992,Roll
-1.006,0.150,0.563,-35.131,286.685,-145.495,Roll
-1.294,0.410,0.432,30.065,283.894,-87.272,Roll
-1.693,0.604,0.471,36.015,155.680,-34.965,Roll
-1.381,0.059,0.220,17.194,-129.273,29.181,Roll
-0.907,0.078,0.275,-3.351,-286.685,141.076,Roll
-0.666,-0.036,0.293,-2.004,-286.685,174.212,Roll
0.085,-0.000,0.262,41.493,-286.685,169.015,Roll
0.415,0.381,0.347,51.153,-286.685,192.211,Roll
0.427,0.453,0.469,-41.685,-286.685,149.048,Roll
0.843,0.445,0.532,-98.052,-277.025,62.055,Roll
1.264,0.225,1.031,-83.746,158.051,16.538,Roll
0.362,0.055,1.051,24.911,286.685,-69.011,Roll
0.065,-0.053,1.159,29.872,286.685,-188.221,Roll
-0.465,0.262,1.034,33.092,286.685,-142.914,Roll
-0.704,0.132,0.478,-0.289,286.685,-139.125,Roll
-1.191,0.322,0.372,38.062,286.685,-150.850,Roll
-1.528,0.783,0.704,84.175,176.759,-79.940,Roll
-1.581,0.275,0.362,37.572,8.137,-48.125,Roll
-1.102,0.019,0.277,16.686,-237.764,25.594,Roll
-0.952,0.010,0.234,4.795,-286.685,112.980,Roll
-0.436,-0.318,0.239,9.852,-286.685,135.056,Roll
-0.003,-0.015,0.596,110.495,-286.685,199.299,Roll
-0.060,0.544,0.350,94.876,-286.685,196.508,Roll
0.635,0.308,0.657,2.642,-286.685,176.383,Roll
0.507,0.613,0.671,-90.195,-269.596,160.239,Roll
0.760,0.618,0.308,-85.024,-68.871,20.405,Roll
1.075,0.017,1.200,-27.764,239.619,-39.182,Roll
0.144,0.202,1.279,10.325,286.685,-110.101,Roll
-0.133,0.057,1.265,0.954,286.685,-191.406,Roll
-0.834,0.418,1.174,37.048,286.685,-147.814,Roll
-0.914,0.209,0.703,-13.414,286.685,-159.163,Roll
-1.125,0.142,0.371,-1.242,286.554,-159.548,Roll
-1.531,0.474,0.578,59.806,217.726,-110.924,Roll
-1.217,0.140,0.200,53.349,-10.377,-7.630,Roll
-1.018,0.070,0.329,48.431,-249.139,92.461,Roll
-0.901,0.101,0.335,41.484,-286.685,146.405,Roll
-0.127,-0.157,0.175,39.182,-286.685,162.173,Roll
0.237,0.072,0.463,79.511,-286.685,203.928,Roll
0.012,0.443,0.270,75.005,-286.685,193.506,Roll
0.421,0.483,0.180,26.556,-286.685,125.659,Roll
0.766,0.620,0.597,-50.601,-244.562,95.375,Roll
0.685,0.526,0.733,-86.459,-13.842,23.048,Roll
0.832,0.206,1.015,-87.062,268.660,-81.253,Roll
0.497,0.103,1.166,-70.709,286.685,-123.734,Roll
-0.135,0.215,1.448,-72.301,286.685,-167.895,Roll
-1.318,0.380,1.060,-14.735,286.685,-137.646,Roll
-1.472,0.240,0.932,8.951,286.685,-184.914,Roll
-1.639,0.527,0.849,11.349,286.624,-193.620,Roll
-1.567,0.137,0.409,64.409,128.520,-124.101,Roll
-1.021,-0.139,0.287,108.062,-101.229,9.179,Roll
-0.781,-0.175,0.431,120.820,-203.779,112.709,Roll
-0.567,-0.268,0.491,129.999,-286.685,222.556,Roll
-0.258,-0.216,0.610,125.641,-286.685,263.060,Roll
-0.285,0.201,0.197,82.162,-286.685,268.949,Roll
0.245,0.334,-0.167,40.635,-286.685,142.048,Roll
0.862,0.348,0.093,-8.356,-286.685,107.118,Roll
0.788,0.718,0.092,-43.759,-102.007,129.062,Roll
0.760,0.468,0.662,-48.107,195.466,71.155,Roll
0.631,0.194,0.879,-82.486,286.685,6.956,Roll
-0.154,0.100,1.026,-69.948,286.685,-89.582,Roll
-1.225,0.635,1.349,-23.809,286.685,-152.845,Roll
-1.229,0.541,1.210,-35.709,286.685,-196.962,Roll
-1.183,0.344,1.290,-20.711,277.235,-165.462,Roll
-1.119,0.341,1.193,26.959,215.049,-90.930,Roll
-1.298,0.383,0.453,81.979,84.359,23.013,Roll
-1.214,0.123,0.258,123.567,-132.633,89.469,Roll
-0.848,0.120,0.350,106.286,-274.960,100.074,Roll
-0.570,0.040,0.604,27.904,-286.685,150.719,Roll
-0.216,-0.149,0.157,13.361,-286.685,151.751,Roll
0.173,-0.185,-0.160,34.335,-286.685,169.837,Roll
0.025,0.412,-0.223,25.646,-286.685,146.212,Roll
0.622,1.058,-0.224,-65.021,-286.641,24.115,Roll
1.453,0.546,0.542,-122.815,50.356,59.972,Roll
0.991,-0.028,1.231,-65.503,286.685,106.234,Roll
-0.212,-0.054,1.435,-58.739,286.685,4.331,Roll
-0.413,0.019,1.058,-32.603,286.685,-97.239,Roll
-0.994,0.318,1.073,-25.821,286.685,-95.506,Roll
-1.409,0.649,1.234,17.045,286.685,-109.183,Roll
-1.345,0.364,1.040,60.051,262.902,-127.628,Roll
-0.898,-0.012,0.593,56.236,156.004,-22.995,Roll
-1.304,0.395,0.200,65.660,43.260,48.510,Roll
-1.251,0.395,0.085,67.979,-91.315,69.361,Roll
-0.958,0.141,0.196,59.132,-277.707,93.879,Roll
-0.566,0.024,0.709,50.024,-286.685,123.550,Roll
-0.383,0.014,0.534,-28.499,-286.685,136.202,Roll
0.035,0.015,0.262,-29.986,-286.685,137.961,Roll
0.336,0.119,0.211,-23.782,-286.685,132.256,Roll
0.598,0.647,-0.086,-36.050,-283.141,41.239,Roll
0.981,0.628,0.043,-45.999,-143.194,10.377,Roll
0.869,0.359,1.205,-17.386,254.048,32.821,Roll
-0.067,-0.006,1.354,-26.049,286.685,-48.081,Roll
-0.915,0.316,1.435,-62.493,286.685,-146.291,Roll
-0.878,0.316,1.263,-101.649,286.685,-177.949,Roll
-1.187,0.324,0.745,-38.185,286.685,-131.583,Roll
-1.452,0.240,0.936,58.555,213.973,-65.336,Roll
-1.411,0.365,0.441,73.500,73.588,3.824,Roll
-1.325,0.171,0.177,86.257,-58.844,58.975,Roll
-1.045,0.105,0.341,73.299,-263.226,116.629,Roll
-0.695,0.001,0.593,47.031,-286.685,161.411,Roll
-0.200,-0.122,0.497,52.307,-286.685,198.144,Roll
0.054,-0.133,0.563,34.764,-286.685,227.413,Roll
0.254,0.269,0.270,-40.197,-286.685,178.351,Roll
0.922,0.524,-0.349,-73.920,-279.466,25.664,Roll
1.328,0.554,0.185,4.121,116.261,32.121,Roll
0.791,0.046,1.197,34.974,286.685,23.459,Roll
-0.145,-0.106,1.098,-17.614,286.685,-112.621,Roll
-0.811,0.492,0.755,-53.139,286.685,-153.212,Roll
-0.973,0.599,0.869,-1.654,286.685,-146.492,Roll
-1.218,0.499,0.770,32.786,272.108,-158.734,Roll
-1.638,0.334,0.463,48.396,150.701,-135.923,Roll
-1.410,0.018,0.153,58.319,-53.585,-40.556,Roll
-1.407,0.107,0.519,112.963,-198.179,85.689,Roll
-1.101,-0.077,0.478,74.007,-286.685,120.750,Roll
-0.116,-0.023,0.633,38.159,-286.685,137.611,Roll
0.182,-0.138,0.489,23.056,-286.685,195.274,Roll
0.087,0.150,0.476,31.430,-286.685,206.465,Roll
0.507,0.653,0.234,2.065,-286.685,99.794,Roll
0.714,0.353,-0.036,-67.707,-185.727,84.945,Roll
0.694,0.528,0.467,-58.861,19.119,5.530,Roll
0.903,0.147,0.889,-49.368,193.008,-58.879,Roll
0.364,-0.155,1.257,-12.863,286.685,-100.651,Roll
-0.248,0.090,1.347,10.561,286.685,-184.625,Roll
-0.654,0.157,1.372,3.736,286.685,-148.864,Roll
-1.102,0.300,0.709,-24.596,286.685,-146.116,Roll
-1.284,0.314,0.617,-7.096,286.668,-170.389,Roll
-1.484,0.281,0.731,49.280,182.744,-97.107,Roll
-1.308,0.079,0.472,62.002,75.924,-15.759,Roll
-1.199,-0.032,0.190,51.713,-93.791,77.385,Roll
-1.088,0.121,0.310,37.389,-253.208,125.510,Roll
-0.609,-0.102,0.432,47.696,-286.685,161.639,Roll
-0.315,-0.023,0.482,68.723,-286.685,178.482,Roll
0.238,0.061,0.298,47.871,-286.685,200.970,Roll
0.326,0.230,0.395,10.675,-286.685,215.889,Roll
0.327,0.514,0.162,-47.583,-284.060,117.416,Roll
0.814,0.528,-0.153,-57.610,-194.197,66.150,Roll
0.874,0.302,0.769,-21.087,98.368,35.726,Roll
0.436,0.134,1.269,-45.789,286.685,-60.891,Roll
-0.118,0.064,1.424,-45.342,286.685,-170.774,Roll
-0.521,0.242,1.477,-69.317,286.685,-199.159,Roll
-0.905,0.405,0.925,-37.774,286.685,-138.329,Roll
-1.135,0.444,1.040,35.577,274.628,-143.299,Roll
-1.215,0.135,0.542,20.869,224.717,-139.423,Roll
-1.241,0.245,0.435,51.380,104.536,-43.680,Roll
-1.335,0.248,0.477,58.196,-85.181,60.436,Roll
-1.196,0.084,0.556,20.011,-272.711,124.652,Roll
-0.773,0.059,0.564,13.676,-286.685,167.151,Roll
-0.342,-0.099,0.773,-12.653,-286.685,201.696,Roll
-0.030,-0.132,0.539,-9.949,-286.685,163.572,Roll
0.333,0.120,0.350,-1.286,-286.685,97.291,Roll
0.527,0.493,0.267,-9.354,-286.685,85.120,Roll
0.743,0.528,0.185,-53.681,-250.652,49.018,Roll
0.815,0.297,0.302,-14.805,11.996,12.311,Roll
0.784,0.115,0.788,24.255,250.758,-45.124,Roll
0.530,-0.043,1.027,4.121,286.685,-75.416,Roll
0.129,0.030,1.291,-17.771,286.685,-167.344,Roll
-0.391,0.064,1.169,-58.188,286.685,-160.878,Roll
-0.975,0.446,0.915,-15.050,286.685,-116.707,Roll
-0.969,0.408,1.040,7.175,286.685,-121.118,Roll
-1.358,0.457,1.046,45.360,248.299,-72.091,Roll
-1.377,0.277,0.449,49.490,109.463,-2.362,Roll
-1.172,0.294,0.404,44.765,-51.774,39.147,Roll
-0.987,0.280,0.608,38.264,-240.686,134.234,Roll
-0.629,-0.027,0.414,38.623,-286.685,150.080,Roll
0.204,0.021,0.647,56.884,-286.685,133.997,Roll
0.241,-0.076,0.487,24.596,-286.685,167.414,Roll
0.267,0.206,0.168,-21.298,-286.685,122.124,Roll
0.609,0.299,-0.139,-23.397,-181.580,14.910,Roll
0.594,0.379,0.388,-37.284,14.306,18.130,Roll
0.502,0.164,0.755,-54.626,209.659,-26.889,Roll
0.056,0.046,1.374,-48.851,286.685,-90.073,Roll
-0.989,0.381,1.685,-74.419,286.685,-142.879,Roll
-0.908,0.507,1.468,-100.914,286.685,-137.821,Roll
-0.866,0.012,0.701,-25.944,286.685,-95.629,Roll
-1.382,0.171,0.643,50.916,274.155,-80.036,Roll
-1.474,0.475,0.639,56.709,117.924,-46.944,Roll
-1.502,0.343,0.535,52.045,-101.062,31.334,Roll
-0.964,-0.045,0.508,24.054,-232.960,65.520,Roll
-0.659,-0.027,0.639,29.645,-286.685,137.996,Roll
-0.255,-0.214,0.557,44.485,-286.685,178.220,Roll
0.109,-0.156,0.479,61.539,-286.685,172.008,Roll
0.295,0.178,0.396,33.548,-286.685,156.966,Roll
0.361,0.556,0.247,-44.249,-286.685,122.745,Roll
0.608,0.542,0.098,-80.010,-148.277,38.833,Roll
0.667,0.281,0.281,-57.312,7.332,20.746,Roll
0.490,0.167,1.118,-29.006,253.540,-28.700,Roll
0.082,0.001,1.148,-36.724,286.685,-93.161,Roll
-0.281,-0.016,1.205,5.101,286.685,-150.981,Roll
-0.789,0.301,1.481,15.794,286.685,-164.325,Roll
-0.891,0.136,0.787,-34.597,286.685,-131.084,Roll
-1.390,0.303,0.770,40.618,232.619,-85.225,Roll
-1.678,0.594,0.960,66.176,117.460,-29.041,Roll
-1.530,0.341,0.666,70.656,-76.632,38.789,Roll
-0.671,0.036,0.532,41.799,-285.652,125.615,Roll
-0.280,-0.244,0.593,31.246,-286.685,225.417,Roll
-0.327,0.036,0.722,69.353,-286.685,262.841,Roll
-0.040,0.244,0.590,51.739,-286.685,182.227,Roll
0.538,-0.037,0.071,-47.609,-286.685,110.731,Roll
0.541,0.438,-0.248,-62.335,-162.444,65.135,Roll
0.715,0.439,-0.104,-30.161,51.896,-23.196,Roll
0.617,-0.127,0.868,14.717,286.685,-70.481,Roll
-0.308,0.146,1.361,-35.359,286.685,-173.749,Roll
-0.967,0.392,1.411,-58.844,286.685,-197.610,Roll
-0.973,0.568,1.268,-48.002,286.685,-181.633,Roll
-1.458,0.204,0.733,-16.730,272.668,-135.205,Roll
-1.631,0.152,0.589,32.944,102.375,-83.064,Roll
-1.534,0.294,0.792,78.995,-25.567,-35.945,Roll
-1.065,0.048,0.627,81.314,-201.827,65.065,Roll
-0.780,-0.035,0.598,4.760,-286.685,114.161,Roll
-0.285,-0.142,0.589,-14.674,-286.685,137.848,Roll
-0.185,-0.187,0.527,15.146,-286.685,143.413,Roll
0.101,-0.151,-0.088,42.726,-286.685,74.340,Roll
0.594,0.346,-0.165,38.211,-268.179,50.059,Roll
0.611,0.731,0.074,1.829,-53.882,28.691,Roll
0.610,0.505,0.430,-25.655,122.290,-14.455,Roll
0.518,0.112,1.259,-69.816,286.685,-56.770,Roll
-0.353,0.011,1.543,-111.116,286.685,-108.859,Roll
-1.097,0.499,1.370,-95.366,286.685,-132.134,Roll
-1.179,0.232,1.052,-42.665,286.685,-135.590,Roll
-1.487,0.041,0.796,20.597,252.980,-93.205,Roll
-1.507,0.167,0.839,50.654,99.164,-54.653,Roll
-1.385,0.007,0.520,52.754,-22.759,12.530,Roll
-0.968,-0.062,0.254,42.796,-127.619,60.025,Roll
-0.715,0.030,0.441,44.406,-259.367,106.838,Roll
-0.577,-0.031,0.718,36.969,-286.685,143.614,Roll
-0.496,0.016,0.854,38.220,-286.685,152.583,Roll
-0.007,-0.186,0.463,16.021,-286.685,151.524,Roll
0.342,0.089,0.160,31.343,-286.685,168.849,Roll
0.587,0.598,0.273,50.505,-286.685,112.254,Roll
0.798,0.573,0.407,37.222,-259.158,105.901,Roll
0.671,0.451,0.411,12.801,-6.457,78.496,Roll
0.545,0.183,0.842,17.841,211.872,1.916,Roll
0.292,0.039,1.286,-13.703,286.685,-88.603,Roll
-0.083,0.086,1.421,-59.124,286.685,-157.911,Roll
-0.550,-0.144,0.985,-76.134,286.685,-212.992,Roll
-0.910,0.297,1.038,19.644,286.685,-175.857,Roll
-0.961,0.216,0.808,38.666,286.685,-129.964,Roll
-1.142,0.437,0.751,55.020,260.339,-99.330,Roll
-1.293,0.561,0.527,52.850,93.424,-14.123,Roll
-1.306,0.229,0.515,38.876,-151.524,56.201,Roll
-0.981,0.091,0.634,26.267,-286.685,106.409,Roll
-0.528,-0.156,0.983,-4.751,-286.685,153.169,Roll
-0.071,-0.275,0.801,10.106,-286.685,171.421,Roll
0.363,-0.178,0.292,32.349,-286.685,179.393,Roll
0.442,0.179,0.127,50.452,-286.685,149.432,Roll
0.524,0.933,0.141,60.130,-99.339,35.595,Roll
0.703,0.317,-0.087,-15.619,183.514,-52.614,Roll
0.210,-0.007,0.877,-12.731,286.685,-73.098,Roll
-0.289,-0.028,1.144,-31.579,286.685,-133.262,Roll
-0.847,0.222,1.304,-71.067,286.685,-210.061,Roll
-1.073,0.487,1.238,-53.139,286.685,-184.774,Roll
-1.262,0.226,1.137,-3.561,253.908,-175.840,Roll
-1.241,0.111,0.776,-21.157,187.163,-141.470,Roll
-1.355,0.308,0.806,47.014,57.522,-33.189,Roll
-1.336,0.100,0.569,57.444,-106.645,47.495,Roll
-0.990,-0.115,0.443,47.478,-268.179,84.997,Roll
-0.523,-0.191,0.598,44.441,-286.685,104.536,Roll
-0.239,-0.056,0.696,84.131,-286.685,177.712,Roll
-0.206,0.024,0.775,94.771,-286.685,222.451,Roll
-0.091,0.077,0.566,33.408,-286.685,187.565,Roll
0.129,0.111,0.051,-12.661,-286.685,105.184,Roll
0.426,0.610,0.219,-52.693,-207.742,14.639,Roll
0.582,0.511,-0.036,-41.825,-29.689,-44.888,Roll
0.805,0.300,0.350,-15.199,131.661,-49.499,Roll
0.468,0.033,1.085,-47.967,286.685,-28.472,Roll
-0.193,-0.156,1.355,-116.541,286.685,-134.339,Roll
-0.846,0.207,1.294,-106.181,286.685,-149.152,Roll
-1.193,0.179,1.316,-57.199,286.309,-151.217,Roll
-1.621,0.125,1.086,-30.782,223.212,-154.508,Roll
-1.380,0.274,1.273,54.976,101.658,-121.607,Roll
-1.210,0.023,0.780,55.720,-1.138,-1.610,Roll
-0.977,0.008,0.739,64.426,-85.251,92.522,Roll
-0.897,0.006,0.846,50.724,-155.785,133.193,Roll
-0.650,-0.067,0.870,41.029,-225.374,162.348,Roll
-0.444,-0.145,0.694,68.171,-282.117,156.931,Roll
-0.115,-0.204,0.543,65.503,-286.685,148.234,Roll
0.143,-0.033,-0.135,86.135,-282.004,152.941,Roll
0.204,0.437,-0.191,96.600,-286.685,152.792,Roll
0.511,0.632,0.287,57.943,-286.685,99.838,Roll
0.641,0.630,0.440,3.693,-239.820,58.765,Roll
0.684,0.286,0.521,-47.556,-21.796,41.344,Roll
0.379,0.164,0.814,-43.724,218.269,-18.384,Roll
0.215,0.050,1.115,-42.009,286.685,-114.214,Roll
-0.235,0.091,1.292,-72.091,286.685,-160.291,Roll
-0.504,0.107,0.862,-87.386,286.685,-193.349,Roll
-0.933,0.551,1.236,-29.715,286.685,-159.110,Roll
-1.082,0.613,1.432,9.292,280.332,-144.524,Roll
-1.142,0.219,0.993,2.214,243.758,-85.085,Roll
-1.477,0.244,0.827,50.776,210.910,-32.498,Roll
-1.330,0.191,0.518,10.806,100.380,0.026,Roll
-1.171,0.093,0.301,7.665,7.508,28.647,Roll
-0.883,0.196,0.237,8.356,-151.769,59.176,Roll
-0.652,0.105,0.466,-5.162,-248.999,112.499,Roll
-0.570,0.003,0.626,2.922,-286.685,125.764,Roll
-0.232,-0.100,0.564,31.421,-286.685,122.281,Roll
0.022,0.244,0.433,43.584,-286.685,135.669,Roll
0.375,0.158,0.152,6.256,-286.685,120.855,Roll
0.539,0.226,0.158,-20.825,-286.685,101.150,Roll
0.517,0.497,0.144,-20.475,-155.304,55.256,Roll
0.615,0.390,0.846,25.778,50.794,-33.775,Roll
0.527,-0.051,1.656,-45.666,277.533,-34.107,Roll
0.038,-0.041,1.368,-84.429,286.685,-58.800,Roll
-0.649,-0.054,0.991,-113.400,286.685,-173.845,Roll
-1.007,0.234,1.095,-28.333,286.685,-178.509,Roll
-1.035,0.371,0.849,-21.569,281.006,-146.414,Roll
-1.071,0.296,0.814,12.014,230.702,-116.235,Roll
-1.292,0.246,0.864,31.167,168.131,-33.775,Roll
-1.358,0.031,0.550,41.764,68.950,20.536,Roll
-1.098,0.034,0.271,51.380,-104.668,72.249,Roll
-0.944,0.111,0.352,47.206,-217.630,108.719,Roll
-0.622,-0.036,0.487,32.287,-286.685,146.379,Roll
0.057,-0.240,0.503,27.781,-286.685,177.852,Roll
0.141,-0.131,0.508,64.085,-286.685,220.447,Roll
0.165,0.348,0.321,58.397,-286.685,200.366,Roll
0.476,0.432,0.127,7.814,-260.514,73.710,Roll
0.642,0.362,0.175,-47.880,44.975,-18.769,Roll
0.465,0.191,0.334,-52.736,184.415,-54.740,Roll
0.186,-0.022,1.326,-52.220,286.685,-142.249,Roll
-0.625,0.142,1.528,-80.281,286.685,-147.980,Roll
-0.981,0.478,1.478,-91.052,286.685,-176.050,Roll
-1.333,0.391,1.064,-70.927,286.685,-182.193,Roll
-1.226,0.067,0.693,-17.990,280.175,-152.504,Roll
-1.404,0.173,0.650,41.283,182.508,-75.206,Roll
-1.574,0.137,0.536,55.930,40.101,-1.741,Roll
-1.429,0.059,0.483,49.534,-59.675,8.557,Roll
-0.827,-0.128,0.459,24.701,-212.056,71.120,Roll
-0.648,-0.183,0.636,49.376,-286.142,161.420,Roll
-0.536,-0.129,0.644,74.104,-286.685,190.304,Roll
-0.173,-0.066,0.572,63.096,-286.685,204.173,Roll
0.255,-0.099,0.188,22.076,-286.685,183.400,Roll
0.360,0.169,0.115,20.589,-286.685,159.696,Roll
0.333,0.452,0.449,20.475,-276.290,135.223,Roll
0.367,0.780,0.346,-31.885,-107.354,33.661,Roll
0.725,0.218,0.226,-67.436,100.179,-35.105,Roll
0.572,0.004,1.226,-13.405,286.685,-52.841,Roll
-0.162,0.110,1.482,1.732,286.685,-89.871,Roll
-0.531,0.218,1.492,-30.695,286.685,-138.959,Roll
-0.518,0.180,1.227,-48.921,286.685,-169.566,Roll
-0.803,0.268,1.146,-31.255,286.685,-143.535,Roll
-1.057,0.256,0.633,10.727,281.138,-103.355,Roll
-1.518,0.433,0.831,49.595,168.971,-33.740,Roll
-1.548,0.248,0.620,29.522,13.746,-15.733,Roll
-1.382,0.243,0.630,30.039,-125.650,13.493,Roll
-0.877,0.011,0.691,4.734,-282.896,108.054,Roll
-0.497,-0.089,0.534,8.426,-286.685,151.917,Roll
0.053,-0.293,0.530,11.349,-286.685,195.930,Roll
0.217,-0.289,0.309,23.879,-286.685,201.583,Roll
0.471,0.187,0.091,71.181,-286.685,131.565,Roll
0.508,0.466,0.322,63.044,-284.786,77.761,Roll
0.591,0.461,0.203,-24.666,-102.891,47.259,Roll
0.648,0.376,-0.026,-57.190,104.501,8.295,Roll
0.535,-0.062,0.776,-16.511,286.685,-66.929,Roll
-0.357,-0.137,1.370,-7.753,286.685,-140.105,Roll
-0.830,0.160,1.554,-35.061,286.685,-182.411,Roll
-0.961,0.380,1.277,-55.484,286.685,-231.761,Roll
-1.485,0.503,1.308,21.184,283.867,-194.932,Roll
-1.554,0.252,1.095,35.971,154.026,-119.840,Roll
-1.406,0.260,1.066,71.365,63.980,-45.990,Roll
-1.051,0.058,0.595,73.281,-42.787,38.167,Roll
-0.780,0.069,0.413,38.115,-216.011,124.302,Roll
-0.668,-0.140,0.748,24.535,-286.685,161.105,Roll
-0.415,-0.073,0.874,58.476,-286.685,155.496,Roll
0.083,-0.347,0.279,52.167,-286.685,147.700,Roll
0.295,0.116,-0.008,57.864,-286.685,150.255,Roll
0.291,0.472,0.028,41.790,-286.685,85.426,Roll
0.483,0.689,0.031,-16.581,-198.905,21.709,Roll
0.845,0.282,-0.155,-47.688,138.250,-16.433,Roll
0.439,-0.056,0.724,-33.180,286.685,-13.151,Roll
-0.106,-0.010,1.496,-34.615,286.685,-58.607,Roll
-0.712,0.148,1.419,-92.628,286.685,-132.641,Roll
-0.873,0.404,1.383,-105.359,286.685,-164.754,Roll
-1.495,0.417,1.382,-16.144,286.685,-176.059,Roll
-1.342,0.268,1.153,-4.865,282.476,-143.981,Roll
-1.283,0.109,0.914,45.474,168.481,-42.682,Roll
-1.280,0.176,0.699,55.020,75.040,27.764,Roll
-1.029,0.138,0.270,26.583,-37.310,50.794,Roll
-0.679,0.057,0.244,19.618,-163.835,99.470,Roll
-0.572,-0.022,0.816,23.660,-279.361,171.264,Roll
-0.428,0.038,0.700,35.359,-286.685,188.746,Roll
0.051,-0.139,0.503,19.941,-286.685,224.438,Roll
0.226,-0.126,0.516,10.649,-286.685,255.990,Roll
0.198,0.429,0.546,8.356,-286.685,215.854,Roll
0.558,0.614,0.426,-13.221,-285.206,117.294,Roll
0.692,0.265,0.193,-50.059,-228.708,98.306,Roll
0.584,0.422,0.601,-4.016,-0.114,74.025,Roll
0.281,0.126,1.337,4.961,237.352,-44.870,Roll
0.228,0.024,1.157,-18.996,286.685,-175.709,Roll
0.109,-0.032,0.877,-51.529,286.685,-229.101,Roll
-0.168,-0.042,0.868,-20.913,286.685,-229.285,Roll
-0.566,0.412,1.237,11.620,286.685,-151.148,Roll
-0.839,0.720,1.254,-2.118,275.074,-126.341,Roll
-1.022,0.518,1.069,0.333,220.281,-110.022,Roll
-0.971,0.385,0.789,19.548,75.460,-45.299,Roll
-0.839,0.391,0.673,43.794,-157.762,101.894,Roll
-0.798,0.050,0.784,10.334,-286.685,175.753,Roll
-0.429,-0.015,0.717,15.208,-286.685,149.669,Roll
0.216,-0.217,0.852,25.699,-286.685,217.542,Roll
0.151,0.130,0.793,10.841,-286.685,221.874,Roll
0.384,0.647,0.449,16.634,-286.685,87.955,Roll
0.861,0.436,0.191,-4.961,-281.085,46.725,Roll
0.935,0.330,0.097,-29.907,16.091,44.485,Roll
0.465,0.044,0.522,6.501,286.309,-11.891,Roll
0.240,0.235,1.090,-5.775,286.685,-86.467,Roll
-0.025,-0.252,0.995,-66.999,286.685,-187.416,Roll
-0.251,0.076,1.169,-1.400,286.685,-193.384,Roll
-0.500,0.210,1.022,10.001,286.685,-181.239,Roll
-0.807,0.179,0.863,-15.409,286.685,-154.490,Roll
-1.165,0.621,0.990,-10.491,263.244,-85.811,Roll
-1.289,0.364,0.978,45.325,136.762,-22.645,Roll
-1.050,0.239,0.607,43.645,18.340,20.116,Roll
-0.938,0.202,0.471,42.289,-101.290,93.397,Roll
-0.811,0.053,0.738,23.791,-244.606,164.587,Roll
-0.420,0.115,0.636,40.381,-286.685,143.124,Roll
0.070,-0.026,0.977,46.778,-286.685,235.165,Roll
0.103,-0.062,0.698,0.061,-286.685,268.538,Roll
0.213,0.448,0.146,-21.254,-286.685,126.096,Roll
0.703,0.294,0.003,-92.207,-261.546,35.744,Roll
0.715,0.345,0.067,-112.175,-91.122,30.677,Roll
0.498,0.315,0.034,-89.250,201.827,5.180,Roll
0.191,-0.057,1.109,-44.013,286.685,-86.599,Roll
-0.262,-0.213,1.613,-112.717,286.685,-129.535,Roll
-0.563,-0.082,1.767,-120.391,286.685,-163.406,Roll
-1.074,0.060,1.240,-86.651,286.685,-166.399,Roll
-1.135,0.153,1.179,47.626,286.361,-139.773,Roll
-1.202,0.209,1.130,90.396,186.891,-61.057,Roll
-1.159,0.050,0.854,69.510,33.862,17.859,Roll
-0.999,0.102,0.641,65.993,-61.600,45.412,Roll
-0.764,0.049,0.620,79.686,-197.409,110.232,Roll
-0.224,-0.299,0.762,77.114,-286.685,159.565,Roll
-0.108,-0.251,0.747,80.194,-286.685,206.824,Roll
-0.289,0.101,0.748,62.974,-286.685,266.919,Roll
0.156,0.133,0.477,-22.566,-286.685,184.284,Roll
0.668,0.226,0.182,-100.756,-286.685,121.677,Roll
0.626,0.606,0.020,-92.592,-265.344,108.701,Roll
0.784,0.491,0.203,9.336,-63.210,78.864,Roll
0.777,0.120,0.783,13.055,209.991,38.290,Roll
0.472,0.164,1.533,-39.891,286.685,-52.544,Roll
0.059,-0.367,1.119,-141.601,286.685,-141.199,Roll
-0.376,-0.282,0.837,-52.456,286.685,-139.361,Roll
-0.853,0.033,1.576,75.644,286.685,-156.231,Roll
-0.866,0.380,1.247,50.671,286.536,-140.324,Roll
-0.765,0.549,0.967,66.544,228.812,-72.607,Roll
-1.143,0.387,0.822,79.485,61.022,15.689,Roll
-1.063,0.311,0.856,74.060,-136.850,57.470,Roll
-0.674,0.179,0.964,52.754,-286.624,129.045,Roll
-0.419,-0.197,0.902,14.376,-286.685,172.191,Roll
-0.138,-0.305,0.546,6.773,-286.685,172.742,Roll
0.109,0.027,0.539,3.736,-286.685,193.900,Roll
0.336,0.307,0.379,-23.319,-286.685,124.346,Roll
0.707,0.587,0.120,-32.559,-286.405,58.196,Roll
1.051,0.336,0.100,-22.216,-38.736,48.921,Roll
0.564,0.140,0.404,2.590,282.065,48.694,Roll
0.043,0.364,1.072,11.944,286.685,-22.417,Roll
-0.187,-0.488,0.801,-95.086,286.685,-161.201,Roll
-0.475,0.034,1.206,-5.521,286.685,-174.492,Roll
-0.722,0.002,1.273,28.577,286.685,-164.719,Roll
-0.967,0.324,1.379,6.790,286.685,-139.318,Roll
-1.300,0.581,1.382,51.319,207.637,-119.105,Roll
-1.158,0.425,1.217,71.382,55.370,-33.583,Roll
-0.865,-0.047,0.642,59.693,-81.865,47.434,Roll
-0.718,0.013,0.472,65.546,-203.560,110.967,Roll
-0.393,0.055,0.907,94.806,-286.685,182.516,Roll
-0.193,-0.068,0.828,74.699,-286.685,222.241,Roll
0.031,-0.276,0.493,-3.675,-286.685,205.179,Roll
0.279,-0.097,0.290,-13.580,-286.685,193.480,Roll
0.406,0.615,0.092,-28.551,-283.920,123.506,Roll
0.670,0.527,-0.153,-19.827,-97.694,41.869,Roll
0.750,0.169,0.055,-30.958,219.214,18.987,Roll
0.350,0.168,1.103,-49.595,286.685,-25.086,Roll
-0.024,-0.136,1.501,-167.116,286.685,-130.279,Roll
-0.111,-0.131,0.960,-43.820,286.685,-102.261,Roll
-0.632,0.384,1.548,32.839,286.685,-104.904,Roll
-0.918,0.323,1.626,33.478,286.116,-111.090,Roll
-1.090,0.311,1.344,54.346,155.024,-110.110,Roll
-0.940,0.056,1.222,74.366,-14.744,-43.050,Roll
-0.854,-0.009,1.073,73.859,-106.899,14.542,Roll
-0.631,0.134,0.791,66.211,-215.583,67.769,Roll
-0.372,-0.159,0.897,40.749,-286.685,134.365,Roll
-0.192,-0.284,0.569,32.839,-286.685,152.180,Roll
0.013,-0.202,0.030,13.834,-286.685,135.188,Roll
0.367,0.438,-0.024,17.325,-286.685,52.806,Roll
0.766,0.607,0.133,-0.201,-206.727,27.869,Roll
0.741,0.406,0.026,-24.631,86.721,51.835,Roll
0.576,0.162,0.188,-21.831,244.423,35.534,Roll
0.113,-0.013,1.128,7.997,286.685,-67.804,Roll
-0.217,0.018,1.681,-66.430,286.685,-164.395,Roll
-0.328,-0.013,1.851,-61.276,286.685,-176.041,Roll
-0.657,-0.015,1.400,-68.372,286.685,-158.471,Roll
-0.949,0.140,1.153,25.419,273.193,-130.139,Roll
-1.078,0.458,1.412,90.230,155.417,-88.891,Roll
-1.009,0.243,1.038,72.599,19.311,20.711,Roll
-0.808,0.104,0.820,66.806,-99.802,67.655,Roll
-0.467,0.021,0.714,71.584,-258.353,123.253,Roll
-0.253,-0.080,0.800,75.626,-286.685,185.771,Roll
0.094,-0.220,0.375,56.744,-286.685,203.682,Roll
0.094,-0.206,0.210,27.772,-286.685,210.980,Roll
0.190,0.343,0.099,-3.334,-286.685,143.946,Roll
0.594,0.427,0.137,-35.507,-265.904,79.643,Roll
0.600,0.361,0.066,-51.161,-9.196,98.569,Roll
0.421,0.264,0.182,-55.956,127.811,64.426,Roll
0.416,0.004,0.820,-32.699,191.371,-7.306,Roll
0.176,0.245,1.433,-5.119,281.103,-60.086,Roll
0.048,0.231,1.611,-18.751,286.685,-96.915,Roll
-0.056,0.182,1.793,-77.402,286.685,-147.682,Roll
-0.477,-0.055,1.506,-108.421,286.685,-121.870,Roll
-0.787,0.237,1.200,48.528,267.348,-53.086,Roll
-0.793,0.314,1.212,69.493,233.940,-77.647,Roll
-0.905,0.344,1.089,46.357,179.637,-71.864,Roll
-0.870,0.362,0.929,28.691,54.775,-23.608,Roll
-0.672,-0.029,0.646,72.957,-94.509,63.499,Roll
-0.596,-0.060,0.652,78.470,-172.655,98.665,Roll
-0.417,0.096,0.794,56.928,-284.550,165.384,Roll
-0.076,-0.033,0.653,27.711,-286.685,169.076,Roll
0.098,-0.056,0.584,15.549,-286.685,203.753,Roll
0.179,0.257,0.495,4.541,-286.685,177.083,Roll
0.473,0.301,0.273,-32.200,-285.731,89.933,Roll
0.703,0.335,0.156,-48.860,-123.007,66.868,Roll
0.635,0.381,0.225,-29.811,60.436,42.044,Roll
0.326,0.327,0.870,17.972,218.225,-8.759,Roll
0.242,0.006,1.499,-84.954,286.685,-112.569,Roll
0.004,-0.138,1.192,-100.100,286.685,-164.622,Roll
-0.198,-0.132,0.934,3.964,286.685,-148.995,Roll
-0.351,0.057,1.187,35.201,286.685,-138.337,Roll
-0.653,0.389,1.147,17.745,246.925,-74.235,Roll
-0.852,0.513,1.166,38.386,163.546,-63.359,Roll
-0.946,0.429,1.215,49.726,136.447,-79.993,Roll
-0.934,0.378,1.147,44.030,92.111,-54.574,Roll
-1.043,0.249,0.807,75.574,-4.821,10.421,Roll
-0.726,0.059,0.559,81.034,-174.650,40.092,Roll
-0.473,0.130,0.773,85.181,-279.878,79.179,Roll
-0.244,-0.203,0.859,55.554,-286.685,161.831,Roll
-0.210,-0.140,0.691,49.263,-286.685,190.120,Roll
-0.023,-0.106,0.270,22.138,-286.685,125.475,Roll
0.390,0.377,0.023,13.694,-286.685,85.304,Roll
0.586,0.477,0.094,-22.951,-249.883,81.270,Roll
0.556,0.526,0.236,-2.205,-13.571,66.544,Roll
0.594,0.470,0.371,-17.736,114.144,32.760,Roll
0.562,0.130,0.692,-85.575,215.530,-8.479,Roll
0.267,-0.028,1.340,-61.574,286.668,-44.940,Roll
-0.155,0.069,1.704,-66.832,286.685,-101.439,Roll
-0.188,0.000,1.692,-105.805,286.685,-119.122,Roll
-0.524,-0.036,1.424,-115.762,286.685,-84.114,Roll
-0.700,0.133,1.412,29.452,271.688,-60.541,Roll
-0.793,0.307,1.138,61.722,266.341,-54.845,Roll
-0.800,0.324,0.916,64.925,217.595,-62.265,Roll
-0.722,0.326,0.864,57.969,171.859,-47.416,Roll
-0.735,0.365,0.781,52.719,81.996,16.896,Roll
-0.641,0.101,0.502,67.270,-50.908,55.230,Roll
-0.412,0.071,0.476,66.141,-154.866,90.904,Roll
-0.395,-0.022,0.770,40.591,-280.201,153.869,Roll
-0.096,-0.036,0.795,38.255,-286.685,181.326,Roll
-0.118,-0.014,0.808,26.276,-286.685,229.128,Roll
-0.014,0.134,0.792,9.616,-286.685,219.625,Roll
0.300,0.698,0.414,-38.089,-286.685,127.899,Roll
0.431,0.247,-0.175,-98.140,-199.999,67.436,Roll
0.612,0.310,-0.067,-26.810,-72.993,66.316,Roll
0.606,0.418,0.684,-6.300,42.936,27.772,Roll
0.486,0.132,1.493,-66.719,182.542,-34.230,Roll
0.082,-0.041,1.401,-146.431,286.685,-105.674,Roll
-0.037,-0.275,1.238,-67.209,286.685,-167.379,Roll
-0.415,-0.058,1.299,5.696,286.685,-148.715,Roll
-0.561,0.147,1.111,12.565,286.300,-82.705,Roll
-0.757,0.444,1.063,71.444,261.721,-102.559,Roll
-0.747,0.471,0.999,68.119,198.406,-102.970,Roll
-0.807,0.364,0.931,33.232,130.585,-62.064,Roll
-0.833,0.260,0.725,24.850,-11.778,6.965,Roll
-0.640,0.227,0.735,65.310,-208.617,91.464,Roll
-0.384,0.134,0.935,25.996,-286.685,166.250,Roll
-0.099,-0.204,0.792,15.802,-286.685,210.980,Roll
-0.020,-0.079,0.909,17.483,-286.685,212.992,Roll
0.226,0.240,0.800,-15.304,-286.685,172.576,Roll
0.481,0.483,0.447,-34.011,-286.685,91.315,Roll
0.795,0.415,0.141,-15.243,-198.231,12.469,Roll
0.846,0.283,0.220,11.743,91.507,11.060,Roll
0.153,0.322,0.752,20.055,286.545,-10.071,Roll
0.006,-0.008,0.943,-68.486,286.685,-94.684,Roll
-0.100,-0.226,0.894,-80.115,286.685,-169.689,Roll
-0.466,0.139,1.184,-23.406,286.685,-163.161,Roll
-0.703,0.531,1.505,34.939,278.836,-133.753,Roll
-0.768,0.568,1.609,36.243,198.590,-99.522,Roll
-0.974,0.380,1.145,26.889,89.101,-49.096,Roll
-0.767,0.321,0.990,100.573,-77.674,13.239,Roll
-0.517,0.295,1.029,95.043,-244.090,127.129,Roll
-0.334,0.044,1.035,53.375,-286.685,200.296,Roll
-0.181,-0.084,0.966,27.904,-286.685,233.161,Roll
0.149,0.028,0.746,-6.134,-286.685,220.045,Roll
0.522,0.255,0.224,-35.061,-286.685,126.577,Roll
0.647,0.145,0.039,11.524,-281.601,112.499,Roll
0.580,0.398,0.234,45.771,-6.816,82.793,Roll
0.591,0.367,0.213,2.546,201.294,5.171,Roll
0.619,0.110,0.357,-39.874,286.073,-45.474,Roll
0.192,0.118,0.900,-52.640,286.685,-107.179,Roll
-0.170,-0.128,0.869,-58.800,286.685,-158.288,Roll
-0.379,0.094,1.776,49.901,286.685,-165.979,Roll
-0.530,0.447,1.881,39.051,286.685,-140.000,Roll
-0.768,0.450,1.198,-40.022,271.889,-126.997,Roll
-0.971,0.332,1.128,46.734,95.769,-62.423,Roll
-0.848,0.242,1.168,102.349,-10.675,-10.806,Roll
-0.727,0.318,1.138,103.408,-67.463,26.819,Roll
-0.501,0.164,0.861,56.123,-190.277,112.289,Roll
-0.331,0.081,0.840,37.039,-275.573,166.241,Roll
-0.282,0.102,0.786,22.470,-286.685,155.137,Roll
-0.149,0.349,0.453,5.241,-286.685,106.934,Roll
0.289,-0.105,0.028,-33.250,-286.685,64.584,Roll
0.509,0.287,0.101,-1.558,-286.685,88.979,Roll
0.614,0.554,0.051,9.651,-254.459,74.393,Roll
0.807,0.437,0.068,29.706,-52.150,18.541,Roll
0.779,0.179,0.477,-28.910,264.057,-6.685,Roll
0.096,0.058,1.257,-100.293,286.685,-87.019,Roll
-0.200,-0.045,1.361,-178.211,286.685,-136.780,Roll
-0.390,-0.081,1.072,-96.075,286.685,-144.270,Roll
-0.904,0.220,1.631,11.882,285.723,-146.283,Roll
-0.969,0.581,1.760,-9.214,205.126,-148.348,Roll
-1.013,0.362,1.327,36.103,129.124,-84.647,Roll
-0.822,0.189,0.969,92.312,-10.535,-29.593,Roll
-0.606,0.193,1.030,117.793,-145.381,51.415,Roll
-0.452,0.147,1.152,73.832,-253.120,134.006,Roll
-0.363,-0.045,1.023,38.771,-286.685,177.109,Roll
-0.048,-0.363,0.749,17.378,-286.685,200.541,Roll
0.077,-0.017,0.494,36.129,-286.685,192.955,Roll
0.245,0.321,0.142,43.120,-286.685,135.555,Roll
0.495,0.485,0.141,39.463,-239.680,73.238,Roll
0.532,0.373,-0.072,-15.234,-45.535,35.534,Roll
0.498,0.241,-0.139,-55.493,135.669,2.634,Roll
0.489,0.230,0.192,-52.054,254.301,-61.206,Roll
0.371,-0.034,0.954,-69.300,286.685,-84.228,Roll
0.065,-0.038,1.322,-49.009,286.685,-89.600,Roll
-0.250,0.261,1.867,-50.015,286.685,-136.649,Roll
-0.501,0.292,1.844,-98.586,286.685,-132.589,Roll
-0.810,0.494,1.886,-77.341,235.042,-111.974,Roll
-0.825,0.109,1.309,55.099,164.124,-109.174,Roll
-0.842,0.276,1.170,73.544,145.154,-54.303,Roll
-0.924,0.255,1.061,51.319,84.586,-4.611,Roll
-0.800,0.128,0.965,51.336,22.269,12.583,Roll
-0.547,-0.075,0.850,67.751,-16.083,30.608,Roll
-0.421,-0.145,0.713,84.507,-79.354,66.938,Roll
-0.245,-0.119,0.655,74.463,-116.988,77.114,Roll
-0.020,-0.198,0.323,18.594,-113.995,42.306,Roll
0.253,-0.007,-0.069,5.941,30.441,-32.454,Roll
0.205,0.194,0.085,24.526,132.169,-40.521,Roll
-0.158,0.318,0.555,3.544,191.100,-25.699,Roll
-0.865,0.322,1.033,3.071,230.064,-53.699,Roll
-1.179,0.563,1.091,-14.026,145.626,-95.874,Roll
-1.110,0.491,1.009,-25.909,45.999,-61.967,Roll
-1.046,0.413,0.872,-21.639,-75.268,15.837,Roll
-0.910,0.354,0.666,-19.267,-245.630,74.541,Roll
-0.689,0.097,1.002,7.411,-286.685,137.296,Roll
-0.448,0.005,0.984,-6.352,-286.685,147.341,Roll
-0.153,0.135,0.711,-14.324,-286.685,144.865,Roll
0.238,0.051,0.663,-37.686,-286.685,151.270,Roll
0.342,0.103,0.545,-37.240,-286.685,116.769,Roll
0.592,0.210,0.221,-1.041,-286.685,88.777,Roll
0.877,0.491,0.360,25.847,-187.932,65.257,Roll
1.078,0.292,0.695,-10.894,70.744,60.751,Roll
0.932,0.008,0.856,-68.136,257.276,46.952,Roll
0.338,-0.068,0.936,-99.838,286.685,0.945,Roll
-0.061,-0.285,0.643,-42.963,286.685,-65.844,Roll
-0.297,-0.269,1.337,69.003,286.685,-125.353,Roll
-0.326,-0.097,1.392,101.360,286.685,-140.175,Roll
-0.605,0.191,1.157,57.662,286.685,-125.624,Roll
-0.859,0.579,1.189,58.826,286.641,-119.735,Roll
-1.004,0.513,1.190,23.424,204.628,-107.170,Roll
-0.975,0.293,1.039,23.004,117.819,-82.565,Roll
-0.845,0.166,0.846,61.294,-48.956,-2.406,Roll
-0.586,0.042,0.772,56.499,-254.887,92.067,Roll
-0.422,-0.125,0.858,4.043,-286.685,158.034,Roll
-0.134,-0.521,0.583,-24.343,-286.685,196.586,Roll
0.067,-0.315,0.428,7.534,-286.685,216.886,Roll
0.307,0.511,0.301,100.677,-286.685,136.561,Roll
0.593,0.596,0.347,56.945,-286.685,84.140,Roll
0.765,0.491,0.353,-29.059,-233.144,85.418,Roll
0.899,0.523,0.047,-70.683,-13.335,79.887,Roll
0.663,0.046,0.631,-14.805,268.599,31.159,Roll
0.446,-0.055,1.149,-18.165,286.685,-62.431,Roll
-0.068,-0.175,1.385,-112.963,286.685,-94.675,Roll
-0.265,-0.051,1.093,-56.577,286.685,-141.409,Roll
-0.398,-0.077,1.211,20.562,286.685,-166.276,Roll
-0.656,0.073,1.430,88.900,286.685,-141.829,Roll
-0.860,0.244,1.372,65.284,256.427,-114.503,Roll
-0.977,0.315,1.080,59.868,144.568,-89.967,Roll
-0.857,0.220,0.859,58.240,31.474,-27.632,Roll
-0.722,0.077,0.734,79.004,-104.475,69.440,Roll
-0.516,-0.002,0.802,86.406,-199.570,129.990,Roll
-0.355,-0.041,0.882,49.385,-286.510,210.560,Roll
-0.141,-0.090,0.779,42.735,-286.685,240.581,Roll
-0.068,-0.010,0.892,24.938,-286.685,225.225,Roll
0.287,0.059,0.353,0.394,-286.685,173.731,Roll
0.527,0.132,0.090,18.716,-286.685,122.194,Roll
0.736,0.479,0.227,25.821,-220.430,89.731,Roll
0.783,0.532,0.184,17.211,-4.384,28.315,Roll
0.800,0.331,0.338,-5.346,153.606,-15.146,Roll
0.664,0.176,0.925,-60.104,286.685,-90.300,Roll
0.256,0.088,1.385,-129.500,286.685,-102.874,Roll
0.028,-0.151,1.051,-149.100,286.685,-107.616,Roll
-0.272,0.039,1.189,-53.016,286.685,-116.279,Roll
-0.502,0.276,1.755,-8.339,229.854,-109.541,Roll
-0.695,0.252,1.755,28.166,105.061,-43.111,Roll
-0.731,0.393,1.778,97.440,36.566,-27.843,Roll
-0.362,0.259,1.420,108.911,23.511,-19.521,Roll
-0.200,0.053,0.804,47.031,66.474,23.021,Roll
-0.285,0.148,0.613,49.866,150.036,27.151,Roll
-0.341,0.277,0.685,59.649,171.946,3.010,Roll
-0.175,0.079,0.479,28.306,165.401,-22.741,Roll
-0.195,0.093,0.514,-0.507,182.245,-31.220,Roll
-0.377,0.295,0.687,-7.245,168.534,-17.684,Roll
-0.554,0.378,0.682,-12.985,123.156,-5.976,Roll
-0.587,0.229,0.564,-14.333,-21.674,2.546,Roll
-0.464,0.260,0.808,-14.464,-138.171,38.141,Roll
-0.541,0.230,0.912,-45.666,-248.316,103.425,Roll
-0.506,0.109,0.871,-36.129,-286.685,118.886,Roll
-0.541,0.138,0.830,1.207,-286.685,91.823,Roll
-0.127,-0.018,0.432,-26.337,-286.685,77.621,Roll
0.261,-0.037,0.475,-22.050,-286.685,97.475,Roll
0.562,0.428,0.979,42.998,-286.685,114.100,Roll
0.630,0.405,0.824,2.555,-200.961,108.132,Roll
0.747,0.287,0.395,-33.171,-108.535,107.467,Roll
0.713,0.210,0.314,-27.230,-24.701,108.054,Roll
0.738,0.194,0.855,-27.624,134.960,60.016,Roll
0.560,0.097,1.249,-106.960,250.976,10.649,Roll
0.307,-0.054,1.121,-98.158,286.685,-30.520,Roll
-0.110,-0.170,1.134,-20.177,286.685,-67.034,Roll
-0.296,0.033,1.285,124.959,286.685,-110.906,Roll
-0.549,0.200,1.598,74.918,286.685,-123.795,Roll
-0.710,0.282,1.632,25.497,284.515,-140.481,Roll
-0.632,0.352,1.378,59.553,214.069,-146.265,Roll
-0.440,0.348,1.208,124.294,127.470,-103.609,Roll
-0.377,0.223,1.011,127.365,56.700,-5.915,Roll
-0.423,0.122,0.882,89.950,46.436,19.836,Roll
-0.326,0.143,0.684,46.926,25.156,39.314,Roll
-0.286,0.102,0.503,27.081,-7.840,73.404,Roll
-0.226,0.110,0.383,13.283,10.596,51.958,Roll
-0.222,0.322,0.404,17.351,18.804,47.451,Roll
-0.305,0.446,0.465,-1.391,-19.635,58.153,Roll
-0.463,0.482,0.773,-26.836,-110.040,60.305,Roll
-0.502,0.417,0.857,-62.151,-255.745,53.191,Roll
-0.251,0.223,0.801,-78.103,-286.685,65.275,Roll
-0.061,0.060,0.724,-85.207,-286.685,89.670,Roll
0.329,0.004,0.723,-37.607,-286.685,64.260,Roll
0.514,0.123,1.041,-21.997,-286.685,59.045,Roll
0.612,0.379,0.918,-40.215,-286.685,42.875,Roll
0.870,0.415,0.463,19.626,-180.731,4.191,Roll
0.915,0.446,0.662,42.963,115.246,-13.580,Roll
0.783,0.181,0.746,-2.371,284.655,-31.640,Roll
0.021,-0.223,0.546,-17.561,286.685,-58.214,Roll
-0.386,0.027,1.075,-9.809,286.685,-115.806,Roll
-0.418,0.286,1.528,9.538,286.685,-129.115,Roll
-0.570,0.242,1.531,-25.909,286.685,-104.930,Roll
-0.736,0.332,1.216,-32.559,286.440,-116.777,Roll
-0.751,0.470,1.142,31.316,186.839,-86.853,Roll
-0.764,0.348,1.032,51.170,91.473,-16.608,Roll
-0.591,0.268,0.923,60.795,-43.426,30.179,Roll
-0.535,0.266,0.803,48.484,-203.788,95.051,Roll
-0.377,-0.146,0.658,19.757,-286.685,155.654,Roll
-0.175,-0.147,0.656,5.294,-286.685,147.446,Roll
0.044,-0.096,0.210,-49.166,-286.685,134.164,Roll
0.468,0.359,0.176,-26.968,-286.685,75.688,Roll
0.713,0.415,0.479,-11.812,-248.710,84.175,Roll
0.619,0.436,0.348,-9.765,-68.582,97.554,Roll
0.507,0.339,0.097,-3.902,171.929,64.164,Roll
0.560,-0.092,1.160,-44.984,286.685,20.948,Roll
0.256,0.047,1.499,-104.361,286.685,41.326,Roll
-0.236,-0.194,1.290,-109.401,286.685,-2.389,Roll
-0.574,-0.165,1.511,-10.596,286.685,-68.819,Roll
-0.634,0.090,1.349,117.652,286.685,-63.289,Roll
-0.817,0.324,1.363,142.056,274.986,-50.671,Roll
-0.848,0.388,1.096,63.263,185.710,-52.482,Roll
-0.842,0.387,0.985,50.260,33.696,-28.368,Roll
-0.676,0.149,0.817,74.970,-129.911,14.910,Roll
-0.452,-0.046,0.731,98.026,-218.164,35.096,Roll
-0.395,0.038,0.832,80.238,-286.685,98.201,Roll
-0.359,-0.044,0.716,11.270,-286.685,143.902,Roll
-0.164,-0.019,0.655,-21.997,-286.685,131.898,Roll
0.245,-0.027,0.528,-31.780,-286.685,113.610,Roll
0.559,0.436,0.371,-13.755,-282.266,51.371,Roll
0.638,0.440,0.098,3.675,-122.290,17.552,Roll
0.714,0.516,0.277,39.226,94.973,-4.804,Roll
0.617,0.253,0.445,27.221,269.019,-31.535,Roll
0.209,-0.004,1.146,-30.888,286.685,-96.845,Roll
-0.447,0.067,1.440,-85.146,286.685,-120.269,Roll
-0.397,0.142,1.413,-72.266,283.649,-121.397,Roll
-0.340,0.188,1.319,-5.285,238.928,-119.630,Roll
-0.648,0.322,1.268,23.013,229.556,-84.350,Roll
-0.874,0.579,1.438,61.994,124.556,-68.810,Roll
-0.875,0.516,1.344,76.169,30.940,-40.014,Roll
-0.600,0.159,1.087,69.046,-108.238,-2.651,Roll
-0.458,0.069,0.890,50.785,-217.149,53.559,Roll
-0.296,0.026,0.850,35.201,-286.685,99.995,Roll
-0.255,-0.101,0.748,8.934,-286.685,111.772,Roll
-0.063,-0.093,0.152,-32.244,-286.685,79.817,Roll
0.269,0.263,0.072,11.812,-286.685,34.895,Roll
0.542,0.298,0.158,58.634,-281.767,55.440,Roll
0.664,0.449,0.373,67.419,-195.283,82.548,Roll
0.678,0.494,0.416,45.377,1.908,66.701,Roll
0.732,0.206,0.463,31.036,209.011,7.227,Roll
0.628,0.109,0.702,-3.001,285.985,-17.246,Roll
-0.176,0.275,1.372,-15.837,286.685,-66.150,Roll
-0.078,0.182,1.341,-55.974,286.685,-148.190,Roll
-0.363,0.197,1.310,-73.316,286.685,-158.296,Roll
-0.597,0.270,1.328,-64.995,278.836,-118.116,Roll
-0.651,0.388,1.243,-26.556,194.128,-84.577,Roll
-0.779,0.369,1.113,48.125,159.416,-60.900,Roll
-0.851,0.374,1.079,61.119,83.702,-13.458,Roll
-0.740,0.340,1.018,43.785,28.394,9.809,Roll
-0.628,0.196,0.732,17.089,-7.385,29.837,Roll
-0.403,0.206,0.595,42.289,-98.271,72.170,Roll
-0.359,0.254,0.709,47.845,-192.596,127.426,Roll
-0.255,0.191,0.918,-4.077,-286.274,147.341,Roll
-0.116,-0.017,0.629,-68.049,-286.685,149.739,Roll
0.113,-0.108,0.306,-61.294,-286.685,138.049,Roll
0.280,0.046,0.321,-17.754,-286.685,98.586,Roll
0.706,0.408,0.542,53.673,-278.862,79.616,Roll
0.712,0.399,0.661,60.699,-162.356,93.826,Roll
0.651,0.453,0.613,4.847,-38.351,57.295,Roll
0.641,0.371,0.420,-29.951,40.057,14.840,Roll
0.691,0.137,0.747,-46.874,237.492,-55.781,Roll
0.333,-0.110,1.097,-65.135,286.685,-78.645,Roll
-0.192,-0.020,1.139,-54.180,286.685,-106.505,Roll
-0.344,-0.097,1.149,-42.779,286.685,-151.751,Roll
-0.393,0.067,1.396,-19.049,283.246,-123.174,Roll
-0.520,0.330,1.395,33.688,231.210,-80.640,Roll
-0.544,0.454,1.235,48.011,196.980,-62.755,Roll
-0.678,0.553,1.164,40.924,145.985,-22.785,Roll
-0.676,0.431,0.995,27.396,66.920,-18.585,Roll
-0.547,0.308,0.884,45.028,17.605,-6.282,Roll
-0.329,0.192,0.801,54.513,-72.905,65.397,Roll
-0.332,0.080,0.847,40.644,-147.131,127.654,Roll
-0.314,0.003,0.813,19.224,-275.625,175.044,Roll
-0.228,0.019,0.666,-11.270,-286.685,207.401,Roll
0.039,0.022,0.583,-66.474,-286.685,174.283,Roll
0.268,0.118,0.435,-81.935,-286.685,130.550,Roll
0.778,0.292,0.376,-28.534,-286.571,70.061,Roll
0.891,0.323,0.573,53.130,-125.475,67.165,Roll
0.805,0.372,0.569,40.434,50.015,36.636,Roll
0.630,0.352,0.453,13.029,185.080,-20.816,Roll
0.424,0.092,0.894,-34.755,286.685,-105.499,Roll
-0.066,-0.080,0.845,-122.351,286.685,-121.669,Roll
-0.219,-0.004,0.904,-52.255,285.941,-128.643,Roll
-0.199,-0.070,1.173,-8.977,260.540,-112.691,Roll
-0.525,0.223,1.425,39.646,286.554,-84.954,Roll
-0.703,0.634,1.581,44.284,262.351,-96.801,Roll
-0.949,0.631,1.370,25.042,142.852,-89.232,Roll
-0.759,0.208,1.174,33.180,96.049,-107.450,Roll
-0.525,0.174,0.948,68.933,56.787,-48.256,Roll
-0.511,0.144,0.773,82.967,-7.429,51.537,Roll
-0.520,0.122,0.711,82.626,-113.916,79.931,Roll
-0.237,0.177,0.690,58.993,-189.770,101.325,Roll
-0.127,0.232,0.760,27.536,-274.776,137.270,Roll
-0.062,-0.011,0.342,-12.416,-286.685,121.293,Roll
0.083,0.130,0.182,-21.569,-286.685,58.170,Roll
0.345,0.337,0.211,-35.411,-286.685,39.699,Roll
0.501,0.197,0.090,-27.151,-286.685,73.762,Roll
0.685,0.450,0.491,17.150,-202.265,100.651,Roll
0.621,0.364,0.585,7.971,-67.541,95.515,Roll
0.421,0.260,0.882,-41.869,63.333,59.631,Roll
0.603,0.207,1.345,-60.349,182.814,-9.083,Roll
0.363,0.167,1.806,-136.001,286.685,-61.311,Roll
0.200,-0.091,1.501,-174.449,286.685,-94.430,Roll
-0.351,-0.265,1.052,-99.488,286.685,-83.948,Roll
-0.799,0.034,1.485,65.082,286.685,-100.634,Roll
-0.850,0.307,1.568,88.357,258.606,-72.695,Roll
-0.772,0.412,1.243,59.482,201.617,-37.397,Roll
-0.715,0.263,0.855,67.393,109.086,4.979,Roll
-0.535,0.285,0.876,74.419,59.850,32.471,Roll
-0.501,0.317,0.800,67.961,54.661,64.418,Roll
-0.502,0.282,0.570,69.125,12.154,87.745,Roll
-0.463,0.242,0.668,53.681,-134.479,121.844,Roll
-0.453,0.278,0.957,6.878,-276.036,147.542,Roll
-0.325,-0.000,0.655,-34.895,-286.685,149.021,Roll
0.079,-0.006,0.528,-67.655,-286.685,146.667,Roll
0.259,0.154,0.752,-69.291,-286.685,166.827,Roll
0.537,0.102,0.577,-63.026,-286.685,144.428,Roll
0.647,0.188,0.454,-5.477,-286.501,132.869,Roll
0.522,0.465,0.596,41.274,-140.656,82.276,Roll
0.593,0.427,0.353,-6.186,-30.336,-17.728,Roll
0.723,0.174,0.330,-15.181,164.587,-84.122,Roll
0.628,0.059,0.613,-41.265,284.987,-104.781,Roll
0.116,-0.048,1.023,-115.098,286.685,-114.923,Roll
-0.212,-0.262,1.329,-101.238,286.685,-112.245,Roll
-0.422,-0.100,1.406,-49.866,286.685,-92.785,Roll
-0.395,0.213,1.427,5.915,286.685,-82.959,Roll
-0.546,0.420,1.339,64.846,271.976,-75.827,Roll
-0.671,0.536,1.311,69.816,170.914,-88.716,Roll
-0.619,0.317,1.096,52.176,62.072,-59.719,Roll
-0.550,0.265,0.930,80.098,-19.548,-17.325,Roll
-0.426,0.268,0.764,122.832,-199.036,83.055,Roll
-0.197,0.006,0.859,78.855,-286.685,159.994,Roll
-0.200,-0.108,0.998,-19.871,-286.685,235.909,Roll
-0.139,-0.027,0.833,-84.079,-286.685,233.984,Roll
0.330,0.082,0.290,-90.650,-286.685,166.819,Roll
0.835,0.384,0.293,20.965,-283.439,83.554,Roll
0.743,0.390,0.343,55.107,-105.744,86.503,Roll
0.714,0.489,0.354,51.914,-0.998,58.083,Roll
0.611,0.288,0.303,33.932,230.501,-36.680,Roll
0.268,0.196,1.031,6.186,286.685,-151.708,Roll
-0.045,-0.109,1.209,-139.020,286.685,-190.628,Roll
-0.142,-0.178,1.127,-116.716,286.685,-118.326,Roll
-0.232,0.018,1.088,-9.774,279.029,-95.944,Roll
-0.309,0.278,1.236,42.403,263.541,-102.007,Roll
-0.644,0.423,1.472,29.278,188.379,-65.126,Roll
-0.774,0.383,1.414,26.854,49.770,-25.567,Roll
-0.721,0.271,1.283,37.179,20.090,-42.201,Roll
-0.471,0.173,0.965,54.040,12.618,-23.205,Roll
-0.462,0.173,0.850,97.274,-65.450,59.439,Roll
-0.445,0.151,0.778,83.283,-135.065,77.018,Roll
-0.219,0.287,0.763,69.081,-251.204,77.901,Roll
-0.282,0.114,0.606,5.880,-286.685,95.086,Roll
-0.090,-0.057,0.163,-66.098,-286.685,58.686,Roll
0.263,0.025,-0.208,-50.208,-286.685,20.431,Roll
0.752,0.414,0.103,51.896,-286.527,35.236,Roll
0.769,0.522,0.551,120.339,-83.003,77.639,Roll
0.772,0.454,0.740,44.748,113.286,61.906,Roll
0.588,0.261,0.607,-1.041,198.905,25.629,Roll
0.513,0.127,0.830,-53.130,286.527,-53.270,Roll
0.221,0.277,1.305,-82.539,286.344,-79.371,Roll
0.076,0.100,1.206,-109.874,261.047,-87.728,Roll
-0.137,0.209,1.277,-99.619,266.840,-112.665,Roll
-0.360,0.150,1.310,-98.805,279.624,-108.281,Roll
-0.617,0.248,1.432,-4.471,226.958,-67.305,Roll
-0.715,0.245,1.498,18.314,214.174,-62.178,Roll
-0.789,0.297,1.163,9.284,191.931,-45.054,Roll
-0.765,0.351,0.923,34.046,96.889,-3.316,Roll
-0.692,0.341,0.855,68.110,6.773,35.464,Roll
-0.510,0.251,0.764,96.259,-62.002,73.710,Roll
-0.362,0.128,0.712,101.544,-199.027,125.309,Roll
-0.111,0.189,0.925,85.671,-286.685,173.451,Roll
-0.057,0.057,0.852,33.871,-286.685,234.920,Roll
-0.047,-0.134,0.648,-37.879,-286.685,243.880,Roll
0.324,0.059,0.531,-61.591,-286.685,220.133,Roll
0.650,0.390,0.415,-5.241,-286.606,155.724,Roll
0.727,0.369,0.425,54.967,-133.814,88.174,Roll
0.710,0.394,0.348,42.822,-40.294,66.255,Roll
0.799,0.349,0.300,9.642,98.665,-1.523,Roll
0.709,0.150,0.769,-0.586,281.251,-88.174,Roll
0.330,0.170,1.140,-45.482,286.685,-129.850,Roll
0.044,0.041,1.051,-101.981,286.685,-186.051,Roll
-0.050,0.051,1.016,-61.714,286.685,-177.992,Roll
-0.053,0.060,1.176,-23.450,251.379,-125.029,Roll
-0.257,0.262,1.276,-11.935,211.680,-64.522,Roll
-0.509,0.541,1.629,19.539,144.944,-47.338,Roll
-0.544,0.472,1.487,18.935,39.812,-47.066,Roll
-0.459,0.294,1.196,46.489,-43.627,-22.978,Roll
-0.248,0.251,1.086,81.235,-98.954,40.338,Roll
-0.300,0.242,0.977,78.592,-220.307,111.956,Roll
-0.188,0.168,0.790,33.565,-286.685,126.919,Roll
-0.011,0.006,0.592,-2.082,-286.685,131.766,Roll
0.198,-0.098,0.339,-37.713,-286.685,129.369,Roll
0.655,0.217,0.262,18.349,-286.685,83.466,Roll
0.876,0.376,0.370,90.615,-155.488,56.796,Roll
0.828,0.348,0.450,90.335,-6.090,51.765,Roll
0.679,0.364,0.318,38.377,154.411,9.625,Roll
0.616,0.198,0.562,8.592,286.685,-108.421,Roll
0.261,0.090,0.998,-87.272,286.685,-170.651,Roll
-0.062,-0.118,0.737,-131.758,286.685,-163.354,Roll
-0.386,0.084,1.110,-79.336,286.685,-138.521,Roll
-0.435,0.269,1.442,-30.888,286.256,-121.747,Roll
-0.550,0.383,1.488,-28.280,263.244,-99.391,Roll
-0.694,0.374,1.293,-45.237,217.919,-80.780,Roll
-0.815,0.464,1.403,48.300,120.216,-58.818,Roll
-0.658,0.306,1.119,68.670,23.774,-7.499,Roll
-0.581,0.158,0.854,74.139,-108.439,70.910,Roll
-0.443,0.126,0.668,88.777,-215.600,106.750,Roll
-0.198,0.190,0.842,96.066,-286.685,143.964,Roll
-0.124,0.027,0.863,4.883,-286.685,182.586,Roll
-0.022,-0.077,0.688,-50.881,-286.685,180.399,Roll
0.255,0.017,0.381,-73.850,-286.685,129.658,Roll
0.464,0.344,0.190,33.618,-282.608,84.271,Roll
0.563,0.430,0.256,122.868,-164.386,44.809,Roll
0.612,0.504,0.247,102.086,-57.592,14.814,Roll
0.605,0.396,0.190,15.496,134.514,-14.709,Roll
0.549,0.307,0.702,-45.272,286.265,-104.177,Roll
0.161,0.126,1.270,-114.721,286.685,-159.329,Roll
0.066,0.021,1.245,-145.898,286.685,-151.375,Roll
-0.066,-0.002,1.211,-137.428,286.685,-153.667,Roll
-0.243,0.097,1.237,-147.901,286.685,-116.384,Roll
-0.649,0.257,1.391,-94.544,243.548,-82.075,Roll
-0.831,0.196,1.505,61.390,145.163,-88.891,Roll
-0.810,0.362,1.547,68.460,70.893,-70.744,Roll
-0.613,0.158,1.165,51.371,15.085,-35.936,Roll
-0.515,0.146,0.851,60.533,-27.676,12.871,Roll
-0.478,0.141,0.796,86.529,-98.341,55.606,Roll
-0.251,0.034,0.834,101.500,-245.857,126.639,Roll
-0.177,-0.054,0.918,59.028,-286.685,180.320,Roll
-0.035,-0.084,0.827,-0.087,-286.685,213.964,Roll
0.180,-0.213,0.752,-26.618,-286.685,216.851,Roll
0.460,0.101,0.542,16.292,-286.685,171.535,Roll
0.606,0.230,0.403,97.685,-274.811,124.600,Roll
0.662,0.407,0.369,75.574,-166.101,93.494,Roll
0.815,0.482,0.227,27.851,-88.681,62.248,Roll
0.798,0.365,0.062,11.148,93.721,10.299,Roll
0.588,0.166,0.729,26.574,285.408,-93.695,Roll
0.384,0.229,1.298,-48.099,286.685,-173.206,Roll
0.342,-0.057,1.040,-101.859,286.685,-179.970,Roll
0.047,-0.118,0.834,-74.988,286.685,-170.083,Roll
-0.268,-0.048,0.861,-40.924,281.820,-116.585,Roll
-0.400,0.178,1.199,-65.056,197.610,-50.986,Roll
-0.614,0.376,1.342,-21.385,152.521,-56.175,Roll
-0.489,0.595,1.561,31.343,63.647,-108.194,Roll
-0.374,0.348,1.492,37.109,15.855,-102.165,Roll
-0.229,0.199,1.286,69.064,-84.656,-5.031,Roll
-0.156,-0.022,0.968,74.095,-190.033,75.154,Roll
-0.048,-0.003,1.015,66.902,-286.685,169.173,Roll
-0.045,-0.046,0.948,8.619,-286.685,213.973,Roll
0.146,-0.204,0.797,-20.177,-286.685,207.742,Roll
0.428,-0.107,0.398,21.464,-286.685,157.307,Roll
0.727,0.258,0.523,87.789,-284.069,103.390,Roll
0.758,0.377,0.420,82.189,-179.209,66.185,Roll
0.777,0.356,0.191,49.184,-117.819,41.624,Roll
0.793,0.383,-0.060,25.314,12.705,7.464,Roll
0.773,0.181,0.124,30.774,222.232,-47.906,Roll
0.756,0.100,0.785,-0.061,286.685,-115.990,Roll
0.126,0.096,1.213,-132.624,286.685,-155.794,Roll
0.024,-0.156,0.970,-128.109,286.685,-193.681,Roll
-0.246,-0.274,1.128,-47.154,286.685,-147.026,Roll
-0.552,0.061,1.535,-9.704,286.685,-110.110,Roll
-0.505,0.249,1.626,-21.464,286.685,-116.611,Roll
-0.616,0.379,1.486,41.195,237.991,-122.098,Roll
-0.533,0.438,1.144,79.494,168.166,-94.868,Roll
-0.602,0.491,0.965,76.055,100.669,-17.001,Roll
-0.693,0.260,0.714,63.665,16.853,11.331,Roll
-0.547,0.162,0.575,95.786,-152.932,46.559,Roll
-0.209,0.250,0.881,131.381,-286.650,124.014,Roll
-0.163,0.010,0.980,49.228,-286.685,175.035,Roll
-0.108,-0.092,0.948,1.864,-286.685,205.039,Roll
0.087,0.079,0.648,-55.081,-286.685,202.423,Roll
0.276,0.212,0.198,-27.816,-286.685,121.065,Roll
0.430,0.305,0.038,32.926,-270.130,74.559,Roll
0.677,0.392,0.129,49.306,-143.246,79.415,Roll
0.788,0.511,0.347,22.190,58.039,65.021,Roll
0.559,0.210,0.616,-30.844,276.675,2.118,Roll
0.273,0.063,0.909,-72.783,286.685,-58.039,Roll
0.039,-0.139,1.226,-179.349,286.685,-125.143,Roll
-0.210,-0.059,1.313,-141.085,286.685,-141.969,Roll
-0.650,-0.004,1.321,-30.266,286.685,-99.190,Roll
-0.823,0.112,1.286,73.019,193.279,-88.366,Roll
-0.902,0.453,1.605,97.326,115.640,-107.853,Roll
-0.727,0.532,1.378,102.567,11.034,-66.238,Roll
-0.493,0.139,0.914,103.311,-116.760,29.216,Roll
-0.410,-0.024,0.852,114.301,-220.369,92.488,Roll
-0.103,0.028,0.813,118.011,-286.685,155.960,Roll
0.026,-0.136,0.880,57.540,-286.685,235.314,Roll
0.050,-0.084,0.857,-41.772,-286.685,283.920,Roll
0.351,-0.013,0.529,-70.621,-286.685,231.508,Roll
0.662,0.093,0.276,13.930,-286.685,164.167,Roll
0.695,0.256,0.314,83.143,-203.682,105.761,Roll
0.750,0.357,0.171,25.576,-71.137,58.660,Roll
0.889,0.376,0.002,1.094,47.556,21.569,Roll
0.728,0.164,0.385,11.410,267.435,-47.749,Roll
0.471,-0.015,1.077,-85.120,286.685,-143.553,Roll
0.335,-0.044,1.063,-89.119,286.685,-180.092,Roll
0.009,-0.128,0.973,-35.534,286.685,-172.497,Roll
-0.183,0.214,1.156,38.649,285.145,-148.041,Roll
-0.302,0.329,1.381,26.749,220.841,-77.298,Roll
-0.417,0.492,1.546,19.136,201.145,-90.694,Roll
-0.487,0.533,1.475,7.753,156.774,-137.506,Roll
-0.521,0.238,1.270,49.429,97.624,-141.374,Roll
-0.309,0.306,1.130,97.466,23.179,-61.775,Roll
-0.293,0.191,0.919,96.101,-62.055,29.767,Roll
-0.190,0.067,0.971,80.071,-232.601,120.662,Roll
-0.088,0.061,0.829,23.048,-286.685,189.709,Roll
-0.039,-0.026,0.798,-27.326,-286.685,233.336,Roll
0.143,-0.170,0.327,-27.142,-286.685,214.480,Roll
0.589,0.256,0.300,32.786,-286.685,161.455,Roll
0.842,0.370,0.392,74.384,-239.242,142.914,Roll
0.774,0.285,0.293,44.590,-78.129,145.154,Roll
0.725,0.324,0.285,14.674,-16.888,121.713,Roll
0.811,0.287,0.484,-21.927,102.051,27.326,Roll
0.845,0.187,0.749,-50.846,276.973,-65.214,Roll
0.577,0.147,0.985,-99.076,286.685,-129.369,Roll
0.109,-0.229,0.870,-118.702,286.685,-139.283,Roll
-0.181,-0.208,1.102,-32.594,286.685,-126.131,Roll
-0.103,-0.088,1.200,17.570,286.291,-102.935,Roll
-0.381,0.130,1.337,31.964,286.685,-97.239,Roll
-0.488,0.156,1.396,12.215,286.685,-120.286,Roll
-0.587,0.391,1.372,10.920,285.959,-117.705,Roll
-0.670,0.174,0.993,55.283,246.986,-85.190,Roll
-0.745,0.320,0.952,93.012,143.509,-44.853,Roll
-0.653,0.339,0.798,72.537,47.408,5.793,Roll
-0.661,0.196,0.754,75.355,-108.736,75.460,Roll
-0.477,0.069,0.691,96.985,-281.015,126.192,Roll
-0.338,0.001,0.795,88.226,-286.685,142.818,Roll
-0.275,0.003,0.956,47.329,-286.685,207.410,Roll
-0.060,-0.034,0.541,-14.149,-286.685,199.526,Roll
0.336,0.265,0.510,-41.711,-286.685,152.696,Roll
0.510,0.166,0.384,-36.347,-286.685,136.535,Roll
0.637,0.347,0.345,10.439,-266.184,116.541,Roll
0.790,0.481,0.225,9.056,-109.743,74.611,Roll
0.909,0.317,0.275,-5.119,110.784,33.976,Roll
0.813,0.224,0.602,-45.579,271.337,20.641,Roll
0.083,0.141,1.028,-94.238,286.685,-41.702,Roll
-0.174,-0.199,1.160,-126.385,286.685,-143.491,Roll
-0.306,-0.242,1.382,-81.988,286.685,-161.446,Roll
-0.507,-0.186,1.402,-12.206,286.685,-132.492,Roll
-0.842,0.207,1.527,72.231,281.356,-136.614,Roll
-0.798,0.438,1.530,96.810,160.790,-122.526,Roll
-0.620,0.219,1.016,86.739,61.031,-67.069,Roll
-0.487,0.163,0.678,100.704,-58.870,4.174,Roll
-0.382,0.088,0.527,132.913,-169.111,63.368,Roll
-0.176,0.151,1.021,124.145,-286.685,131.040,Roll
-0.109,-0.115,1.091,20.326,-286.685,242.454,Roll
-0.200,-0.210,0.967,-51.835,-286.685,283.246,Roll
0.189,-0.123,0.568,-76.554,-286.685,226.704,Roll
0.717,0.250,0.564,-31.728,-286.685,147.586,Roll
0.825,0.283,0.367,59.526,-250.145,132.982,Roll
0.742,0.357,0.173,100.520,-106.785,90.099,Roll
0.867,0.386,0.068,50.741,-35.420,49.429,Roll
0.947,0.184,0.105,15.820,165.156,-17.028,Roll
0.444,0.146,0.799,8.102,286.685,-112.884,Roll
0.242,-0.052,1.118,-48.606,286.685,-172.322,Roll
0.228,-0.243,1.068,-42.411,286.685,-189.516,Roll
-0.092,-0.132,1.108,-51.940,286.685,-178.553,Roll
-0.350,0.140,1.237,-49.963,286.685,-126.245,Roll
-0.618,0.221,1.448,-2.669,286.668,-122.684,Roll
-0.812,0.469,1.656,49.849,213.754,-153.991,Roll
-0.789,0.323,1.339,64.251,99.619,-132.326,Roll
-0.573,0.170,0.893,114.275,-7.787,-53.856,Roll
-0.509,0.026,0.659,128.021,-88.611,13.781,Roll
-0.379,0.112,0.879,112.989,-217.910,73.106,Roll
-0.221,-0.006,0.786,51.511,-286.685,137.883,Roll
-0.116,-0.126,0.729,-8.470,-286.685,196.569,Roll
0.206,-0.290,0.391,-46.498,-286.685,203.805,Roll
0.396,0.334,0.232,6.055,-286.685,132.352,Roll
0.652,0.318,0.240,49.271,-221.270,88.541,Roll
0.801,0.355,0.243,62.335,-113.802,98.140,Roll
0.750,0.458,0.145,69.816,123.681,83.317,Roll
0.585,0.146,0.463,3.264,286.641,-8.260,Roll
0.200,0.233,1.197,-28.245,286.685,-68.959,Roll
0.062,0.046,1.254,-56.324,286.685,-105.753,Roll
-0.059,0.230,1.528,-55.186,286.685,-161.962,Roll
-0.218,0.183,1.495,-57.864,286.685,-143.290,Roll
-0.444,0.108,1.433,8.741,261.354,-99.111,Roll
-0.610,0.202,1.450,23.503,244.667,-95.217,Roll
-0.900,0.298,1.371,19.128,191.520,-96.486,Roll
-0.702,0.197,1.052,28.306,104.624,-67.926,Roll
-0.662,0.091,0.913,85.794,38.833,12.985,Roll
-0.681,0.105,0.648,106.680,-16.371,40.871,Roll
-0.468,0.117,0.380,95.393,-178.141,80.780,Roll
-0.258,0.171,0.668,85.706,-286.685,143.474,Roll
-0.179,0.006,0.724,43.260,-286.685,193.848,Roll
-0.021,-0.172,0.489,-39.016,-286.685,228.602,Roll
0.369,0.023,0.516,-56.026,-286.685,206.701,Roll
0.569,0.223,0.431,1.628,-286.685,165.384,Roll
0.776,0.272,0.399,42.280,-265.353,150.745,Roll
0.893,0.479,0.292,63.228,-119.901,142.511,Roll
0.971,0.410,0.185,21.420,64.260,69.982,Roll
0.737,0.189,0.649,-12.705,282.380,-33.775,Roll
0.453,0.199,1.280,-67.463,286.685,-94.272,Roll
0.132,-0.148,1.140,-70.289,286.685,-151.874,Roll
-0.009,-0.015,1.096,21.017,286.685,-179.541,Roll
-0.278,0.139,1.206,69.510,286.685,-142.021,Roll
-0.400,0.229,1.425,17.194,285.250,-95.463,Roll
-0.777,0.565,1.705,-6.843,239.663,-82.670,Roll
-0.712,0.395,1.377,34.248,163.616,-106.689,Roll
-0.567,0.263,1.080,97.519,55.423,-36.479,Roll
-0.477,0.118,0.761,128.152,-41.606,34.790,Roll
-0.359,0.247,0.790,95.007,-180.259,93.923,Roll
-0.272,0.191,0.682,31.509,-286.685,142.984,Roll
-0.207,-0.042,0.610,-28.656,-286.685,162.540,Roll
0.023,-0.172,0.346,-44.809,-286.685,166.915,Roll
0.449,0.198,0.096,27.256,-286.685,91.271,Roll
0.837,0.258,0.543,63.271,-274.277,96.941,Roll
0.795,0.301,0.450,15.312,-195.335,133.018,Roll
0.624,0.390,0.056,-10.089,-104.764,116.952,Roll
0.907,0.260,0.284,-17.062,49.560,31.692,Roll
1.072,0.190,0.945,-87.806,230.886,0.254,Roll
0.650,0.298,1.061,-91.332,286.685,-12.408,Roll
0.156,-0.116,1.194,-115.789,286.685,-96.714,Roll
-0.102,-0.208,1.076,-71.260,286.685,-153.247,Roll
-0.434,0.017,1.292,25.069,286.685,-116.952,Roll
-0.568,0.218,1.568,44.275,286.685,-112.647,Roll
-0.791,0.439,1.633,27.956,275.161,-93.923,Roll
-0.796,0.354,1.275,38.080,140.262,-64.015,Roll
-0.557,0.183,1.051,96.836,28.779,-34.632,Roll
-0.387,0.268,0.914,116.506,-28.175,22.103,Roll
-0.322,0.117,0.599,112.298,-140.980,114.625,Roll
-0.305,0.024,0.774,100.713,-258.484,155.916,Roll
-0.224,0.032,0.730,43.732,-286.685,175.928,Roll
-0.107,0.047,0.652,1.942,-286.685,191.056,Roll
0.322,-0.014,0.336,-27.729,-286.685,166.784,Roll
0.512,0.096,0.301,22.321,-286.685,134.557,Roll
0.705,0.170,0.453,34.807,-279.807,140.245,Roll
0.760,0.347,0.353,4.270,-206.973,152.696,Roll
0.921,0.501,0.365,-17.159,-71.549,97.003,Roll
0.920,0.283,0.523,-38.342,128.721,18.882,Roll
0.844,0.189,0.747,-44.669,263.541,-50.330,Roll
0.457,0.052,1.066,-105.018,286.685,-125.317,Roll
0.117,-0.234,0.966,-121.590,286.685,-144.734,Roll
-0.247,-0.073,1.080,-7.840,286.685,-148.277,Roll
-0.446,0.192,1.494,29.461,286.685,-108.001,Roll
-0.693,0.280,1.853,17.474,279.527,-92.522,Roll
-0.691,0.367,1.528,34.116,178.666,-93.433,Roll
-0.535,0.350,1.192,83.598,39.174,-32.279,Roll
-0.405,0.294,1.020,111.694,-44.354,25.690,Roll
-0.349,0.216,0.673,139.799,-157.334,90.562,Roll
-0.238,0.110,0.780,139.527,-286.527,149.555,Roll
-0.169,0.089,0.837,31.299,-286.685,195.842,Roll
-0.164,0.038,0.445,-47.565,-286.685,187.495,Roll
0.308,0.134,0.172,-47.197,-286.685,116.147,Roll
0.645,0.344,0.181,9.310,-262.693,80.430,Roll
0.776,0.333,0.107,7.096,-171.019,73.351,Roll
0.919,0.356,0.128,6.738,-29.032,83.738,Roll
0.877,0.230,0.387,-34.361,200.664,29.934,Roll
0.505,0.034,1.036,-52.596,286.685,-52.124,Roll
0.185,0.069,1.169,-40.425,286.685,-91.963,Roll
-0.129,0.024,1.065,-25.926,286.685,-150.535,Roll
-0.350,0.240,1.415,-58.109,286.685,-162.680,Roll
-0.565,0.081,1.493,-60.795,286.685,-142.625,Roll
-0.679,0.174,1.377,-10.089,286.685,-117.425,Roll
-0.947,0.513,1.404,112.840,255.579,-98.000,Roll
-0.947,0.436,1.024,93.223,145.023,-84.271,Roll
-0.836,0.411,0.835,66.552,28.691,-26.390,Roll
-0.589,0.141,0.588,72.923,-129.456,26.556,Roll
-0.335,0.082,0.595,122.378,-280.945,113.654,Roll
-0.283,-0.109,0.734,60.270,-286.685,180.959,Roll
-0.251,-0.071,0.811,-6.046,-286.685,233.380,Roll
-0.102,-0.197,0.524,-113.365,-286.685,218.190,Roll
0.269,0.087,0.233,-79.476,-286.685,143.491,Roll
0.799,0.305,0.233,21.796,-286.685,81.952,Roll
0.882,0.349,0.341,68.521,-235.681,88.821,Roll
0.981,0.464,0.221,33.206,-57.216,74.279,Roll
1.009,0.336,0.110,-3.579,157.001,27.274,Roll
0.776,-0.005,0.759,-19.530,286.685,-44.721,Roll
0.360,-0.015,1.120,-38.167,286.685,-86.433,Roll
0.103,-0.037,1.232,-79.590,286.685,-122.649,Roll
0.027,-0.038,1.182,-88.086,286.685,-142.870,Roll
-0.280,0.036,1.227,-61.679,286.685,-83.755,Roll
-0.662,0.156,1.519,-14.166,240.380,-66.071,Roll
-0.730,0.299,1.716,39.393,129.920,-72.231,Roll
-0.616,0.348,1.444,86.660,33.862,-40.932,Roll
-0.512,0.230,1.134,114.012,-41.930,2.993,Roll
-0.435,0.139,0.791,136.946,-161.009,64.295,Roll
-0.177,0.208,0.791,129.045,-285.924,115.141,Roll
-0.117,-0.004,0.874,42.586,-286.685,177.100,Roll
-0.038,-0.216,0.532,-23.476,-286.685,196.831,Roll
0.310,-0.052,0.136,-38.299,-286.685,155.680,Roll
0.743,0.309,0.364,48.965,-286.685,122.027,Roll
0.849,0.382,0.303,85.951,-176.636,75.950,Roll
0.857,0.398,0.063,67.217,-56.761,56.009,Roll
0.906,0.275,-0.088,51.292,129.019,-5.443,Roll
0.890,0.109,0.599,-5.985,286.685,-86.205,Roll
0.357,0.089,1.096,-92.645,286.685,-132.274,Roll
0.065,-0.112,0.784,-122.141,286.685,-148.068,Roll
-0.244,0.012,1.059,-59.780,286.685,-190.286,Roll
-0.287,0.082,1.465,-49.254,286.685,-157.824,Roll
-0.497,0.298,1.564,-59.841,286.685,-101.815,Roll
-0.760,0.305,1.277,-52.369,285.416,-97.746,Roll
-0.910,0.544,1.351,93.511,152.617,-66.815,Roll
-0.855,0.323,1.097,88.777,4.165,-20.335,Roll
-0.669,0.121,0.591,73.832,-138.959,41.160,Roll
-0.424,0.048,0.499,90.107,-250.486,91.079,Roll
-0.172,0.012,0.895,84.481,-286.685,170.345,Roll
-0.183,-0.097,1.026,-20.046,-286.685,247.774,Roll
-0.035,-0.108,0.289,-72.940,-286.685,194.128,Roll
0.372,0.055,0.145,-32.891,-286.685,142.572,Roll
0.719,0.269,0.246,31.806,-286.265,110.145,Roll
0.822,0.445,0.109,62.904,-152.154,80.308,Roll
0.982,0.444,-0.177,32.436,51.231,30.774,Roll
1.066,0.170,0.195,7.245,262.745,-21.455,Roll
0.339,-0.028,0.924,-82.897,286.685,-76.685,Roll
-0.221,-0.201,1.403,-131.224,286.685,-146.851,Roll
-0.238,-0.071,1.209,-52.141,286.685,-133.018,Roll
-0.701,0.029,1.132,-36.794,286.685,-97.055,Roll
-0.994,0.289,1.471,0.123,261.922,-112.770,Roll
-0.982,0.450,1.766,72.625,77.122,-96.609,Roll
-0.560,-0.029,1.047,103.329,-59.719,-46.182,Roll
-0.395,-0.021,0.710,129.238,-146.352,38.658,Roll
-0.375,0.170,0.907,146.773,-277.147,161.857,Roll
-0.287,0.015,1.012,74.253,-286.685,213.413,Roll
-0.250,-0.059,0.841,-32.847,-286.685,234.596,Roll
0.140,-0.139,0.348,-49.263,-286.685,185.981,Roll
0.573,0.120,0.064,37.993,-286.685,118.851,Roll
0.845,0.365,0.350,85.041,-238.411,109.043,Roll
0.854,0.390,0.175,46.865,-112.726,82.679,Roll
0.840,0.250,-0.170,14.096,27.142,37.170,Roll
0.740,0.002,0.260,8.094,283.832,-88.673,Roll
0.363,0.128,1.178,-58.126,286.685,-174.921,Roll
0.078,-0.075,1.234,-117.180,286.685,-202.982,Roll
-0.148,-0.129,1.027,-85.269,286.685,-198.319,Roll
-0.411,0.204,1.307,-29.654,286.685,-168.893,Roll
-0.706,0.377,1.754,-16.039,285.110,-167.825,Roll
-0.723,0.423,1.412,13.755,201.985,-126.516,Roll
-0.665,0.140,1.116,91.131,137.777,-88.454,Roll
-0.646,0.272,0.874,102.533,101.815,-28.647,Roll
-0.704,0.400,0.709,58.529,-32.603,64.330,Roll
-0.661,0.071,0.696,82.827,-238.481,117.530,Roll
-0.280,0.102,0.951,107.415,-286.685,143.194,Roll
-0.210,-0.120,0.813,30.704,-286.685,225.540,Roll
-0.091,-0.046,0.667,-71.339,-286.685,236.066,Roll
0.282,-0.025,0.122,-89.775,-286.685,186.874,Roll
0.531,0.320,-0.054,-28.525,-286.685,140.831,Roll
0.909,0.365,0.341,50.619,-169.339,88.629,Roll
1.120,0.498,0.316,15.488,47.565,66.281,Roll
0.974,0.435,0.217,-9.511,286.116,-14.166,Roll
0.501,-0.077,0.971,-45.841,286.685,-96.040,Roll
-0.271,-0.114,1.274,-101.150,286.685,-182.438,Roll
-0.276,-0.070,1.269,-0.114,286.685,-179.839,Roll
-0.246,0.047,1.375,52.894,286.685,-92.286,Roll
-0.892,0.484,1.377,85.838,286.554,-55.361,Roll
-0.957,0.720,1.461,62.072,135.599,-75.460,Roll
-0.776,0.385,1.080,43.645,-84.726,-4.419,Roll
-0.765,0.136,0.926,56.700,-231.901,74.043,Roll
-0.322,-0.004,0.852,76.738,-286.685,123.016,Roll
-0.212,-0.187,0.968,29.374,-286.685,192.666,Roll
0.121,-0.074,0.585,-37.432,-286.685,190.505,Roll
0.476,0.166,0.158,-29.785,-286.685,142.188,Roll
0.694,0.250,0.003,33.276,-286.046,107.494,Roll
0.644,0.393,-0.074,76.965,-105.840,79.380,Roll
0.791,0.215,0.146,22.593,190.837,0.647,Roll
0.456,-0.084,0.292,-0.560,286.685,-60.069,Roll
-0.105,-0.037,0.976,-33.548,286.685,-166.644,Roll
-0.128,0.051,1.390,-86.607,286.685,-184.721,Roll
-0.629,0.161,1.527,-76.729,286.685,-194.950,Roll
-0.672,0.301,1.537,-69.545,286.685,-181.562,Roll
-0.921,0.496,1.555,-17.237,210.411,-138.967,Roll
-0.986,0.615,1.568,115.412,135.336,-100.581,Roll
-1.051,0.188,1.022,106.076,27.142,-48.764,Roll
-0.882,-0.028,0.794,98.971,-51.319,-17.535,Roll
-0.711,0.075,0.770,127.452,-138.408,64.269,Roll
-0.315,-0.096,0.709,162.312,-283.815,159.057,Roll
-0.042,-0.049,0.775,119.814,-286.685,222.320,Roll
0.003,-0.215,0.400,47.766,-286.685,286.353,Roll
-0.023,0.130,0.001,-41.554,-286.685,282.546,Roll
0.553,0.255,0.203,-32.034,-286.685,198.083,Roll
0.607,0.389,0.170,8.557,-214.961,170.958,Roll
0.600,0.390,-0.050,22.794,-136.482,158.182,Roll
1.160,0.405,0.024,14.507,-37.783,114.747,Roll
1.098,0.328,0.758,-2.800,266.892,32.760,Roll
0.505,0.020,1.446,-72.573,286.685,-175.175,Roll
0.170,-0.232,1.496,-125.484,286.685,-244.099,Roll
-0.169,-0.289,1.105,-75.128,286.685,-199.325,Roll
-0.344,0.071,0.986,13.799,286.685,-102.384,Roll
-0.770,0.380,1.394,68.250,282.135,-67.856,Roll
-0.947,0.831,1.906,72.957,170.730,-89.224,Roll
-0.559,0.422,1.339,54.224,-68.757,-36.689,Roll
-0.357,-0.021,0.724,87.640,-188.711,48.134,Roll
-0.272,0.171,0.761,83.965,-272.177,92.794,Roll
-0.275,0.134,0.938,51.240,-286.685,105.761,Roll
-0.019,-0.134,0.946,-34.204,-286.685,127.059,Roll
0.142,0.091,0.561,-50.496,-286.685,113.522,Roll
0.466,0.242,0.286,10.019,-286.685,58.756,Roll
0.573,0.244,0.316,52.176,-286.685,58.914,Roll
0.627,0.323,0.158,43.382,-192.150,76.912,Roll
0.757,0.328,-0.078,19.416,-15.068,33.224,Roll
0.981,0.189,0.555,-3.062,192.290,-11.891,Roll
0.981,0.149,0.906,-34.466,281.899,-25.209,Roll
0.318,0.174,1.231,-41.816,286.685,-85.207,Roll
-0.030,-0.081,1.091,-73.815,286.685,-167.904,Roll
-0.326,0.086,1.505,-36.549,286.685,-179.428,Roll
-0.340,0.150,1.511,-32.769,286.685,-165.034,Roll
-0.577,0.356,1.385,33.408,286.685,-111.361,Roll
-0.785,0.406,1.086,42.998,263.629,-67.130,Roll
-0.852,0.417,1.037,60.454,177.021,-42.472,Roll
-0.911,0.261,0.909,67.909,155.374,-33.714,Roll
-0.639,0.250,0.451,60.576,37.564,10.509,Roll
-0.516,0.016,0.242,61.600,-120.348,94.675,Roll
-0.487,0.130,0.400,80.342,-220.754,115.754,Roll
-0.132,-0.041,0.524,60.279,-286.685,133.044,Roll
-0.005,0.009,0.699,6.825,-286.685,204.820,Roll
0.039,-0.011,0.701,-50.409,-286.685,245.893,Roll
0.160,0.138,0.663,-73.010,-286.685,238.919,Roll
0.505,0.160,0.340,-84.079,-286.685,179.769,Roll
0.921,0.265,0.510,-46.287,-227.395,167.641,Roll
0.778,0.447,0.518,-31.054,9.887,110.381,Roll
0.801,0.364,0.529,-29.111,64.636,47.556,Roll
0.733,0.130,1.241,-38.614,218.330,-28.472,Roll
0.453,0.096,1.544,-109.524,286.685,-135.363,Roll
0.150,0.019,1.554,-113.908,286.685,-202.274,Roll
-0.248,-0.196,1.363,-33.583,286.685,-210.271,Roll
-0.243,-0.138,1.407,42.070,258.624,-138.329,Roll
-0.371,0.304,1.339,85.137,272.449,-98.079,Roll
-0.429,0.400,1.153,80.938,258.729,-62.475,Roll
-0.536,0.277,0.866,82.705,175.193,-33.548,Roll
-0.645,0.296,0.773,85.111,98.639,-5.057,Roll
-0.529,0.082,0.551,62.501,6.396,40.583,Roll
-0.509,0.131,0.442,53.533,-67.025,81.874,Roll
-0.527,0.150,0.469,64.978,-246.208,146.965,Roll
-0.302,0.074,0.723,59.211,-286.685,169.190,Roll
-0.114,-0.096,0.689,-44.511,-286.685,216.387,Roll
0.182,-0.202,0.748,-104.676,-286.685,251.352,Roll
0.663,0.284,0.684,-116.445,-286.685,213.859,Roll
0.979,0.334,0.481,-19.101,-227.369,138.311,Roll
1.066,0.330,0.467,55.283,-9.712,90.904,Roll
0.954,0.414,0.570,44.844,161.402,27.353,Roll
0.372,0.293,1.096,-4.305,286.685,-110.329,Roll
-0.029,-0.115,1.133,-71.619,286.685,-220.080,Roll
-0.248,-0.278,1.084,-35.726,286.685,-215.399,Roll
-0.412,-0.043,1.210,69.738,286.685,-144.848,Roll
-0.450,0.451,1.218,83.711,284.585,-127.662,Roll
-0.552,0.628,1.192,44.021,186.541,-105.753,Roll
-0.659,0.403,1.037,24.456,14.551,-70.420,Roll
-0.620,0.080,0.825,48.851,-143.535,47.959,Roll
-0.279,0.012,1.010,102.104,-286.685,136.894,Roll
-0.333,-0.254,0.953,34.501,-286.685,232.321,Roll
-0.177,-0.094,0.910,-55.029,-286.685,243.556,Roll
0.140,0.008,0.673,-59.334,-286.685,174.641,Roll
0.674,0.252,0.525,-29.978,-286.685,143.570,Roll
0.832,0.483,0.328,50.006,-211.181,95.637,Roll
0.779,0.379,0.204,53.568,-23.153,60.900,Roll
0.645,0.350,0.121,49.989,122.885,23.126,Roll
0.298,0.203,0.649,30.485,286.685,-90.396,Roll
0.163,-0.031,1.010,-62.571,286.685,-188.072,Roll
0.034,-0.266,1.011,-121.739,286.685,-186.979,Roll
-0.150,-0.131,1.016,-90.151,286.685,-148.321,Roll
-0.337,0.170,1.254,-2.739,280.805,-106.662,Roll
-0.633,0.224,1.512,11.611,200.480,-58.669,Roll
-0.761,0.327,1.609,20.265,48.825,-50.243,Roll
-0.699,0.216,1.471,26.714,-86.205,-9.546,Roll
-0.492,-0.044,1.022,62.615,-237.029,78.199,Roll
-0.276,-0.089,0.871,123.533,-286.685,158.322,Roll
-0.057,0.034,0.877,103.635,-286.685,196.236,Roll
0.207,0.044,0.816,47.845,-286.685,166.609,Roll
0.527,0.176,0.607,-16.686,-286.685,146.309,Roll
0.518,0.341,0.243,0.341,-239.348,99.785,Roll
0.586,0.220,-0.086,59.588,-117.486,37.730,Roll
0.701,0.308,-0.155,67.865,-31.885,18.987,Roll
0.670,0.146,-0.114,30.791,176.173,-41.939,Roll
0.373,0.278,0.920,6.571,286.685,-160.746,Roll
0.346,0.111,1.301,-122.272,286.685,-237.230,Roll
0.133,0.108,1.302,-130.751,286.685,-205.275,Roll
-0.168,0.061,1.154,-99.934,286.685,-207.690,Roll
-0.271,0.277,1.687,-39.839,244.650,-182.122,Roll
-0.591,0.369,1.914,-15.584,218.969,-104.738,Roll
-0.813,0.312,1.901,38.132,163.371,-98.254,Roll
-0.685,0.127,1.426,50.978,46.917,-54.224,Roll
-0.527,-0.084,1.061,68.425,-3.955,11.217,Roll
-0.469,-0.012,0.975,74.664,-6.318,24.728,Roll
-0.291,0.058,0.870,101.544,-57.873,67.323,Roll
0.051,-0.120,0.553,75.425,-112.122,80.911,Roll
0.241,-0.087,-0.072,38.395,13.274,18.646,Roll
0.286,0.195,-0.089,40.478,106.829,1.347,Roll
0.276,0.222,0.095,51.257,190.339,-12.119,Roll
-0.240,0.279,0.355,29.654,286.685,-13.974,Roll
-0.676,0.386,0.596,-24.229,256.401,-53.191,Roll
-1.176,0.733,0.941,-30.931,147.394,-90.064,Roll
-1.343,0.584,0.909,-65.573,-22.208,-54.819,Roll
-0.924,0.182,1.007,-30.257,-206.150,16.450,Roll
-0.792,0.262,1.198,-38.780,-246.111,76.562,Roll
-0.718,0.274,0.829,-83.379,-286.685,161.070,Roll
-0.237,0.077,0.656,-94.692,-286.685,185.955,Roll
0.034,0.095,0.728,-26.311,-286.685,193.559,Roll
0.105,0.144,0.948,-48.143,-286.685,218.837,Roll
0.387,-0.048,0.668,-93.161,-286.685,193.988,Roll
0.778,-0.029,0.584,-66.080,-286.685,132.256,Roll
0.891,0.035,0.602,-41.046,-181.072,95.952,Roll
0.925,0.067,0.379,-6.702,-80.509,75.495,Roll
0.859,0.085,0.516,21.114,117.031,14.341,Roll
0.650,-0.069,0.928,-30.677,286.580,-70.919,Roll
0.461,-0.075,1.171,-87.448,286.685,-118.589,Roll
-0.033,-0.252,0.899,-95.200,286.685,-118.711,Roll
-0.249,-0.128,1.187,30.074,286.265,-99.033,Roll
-0.314,0.114,1.530,82.416,232.654,-92.881,Roll
-0.334,0.235,1.593,72.677,229.477,-99.645,Roll
-0.426,0.230,1.426,31.990,198.826,-111.484,Roll
-0.410,0.107,1.234,77.639,114.459,-61.801,Roll
-0.424,0.117,1.112,118.615,67.926,12.950,Roll
-0.529,0.092,0.856,126.507,22.024,33.548,Roll
-0.477,0.059,0.700,111.589,-94.596,24.745,Roll
-0.149,0.099,0.770,95.331,-267.776,75.005,Roll
-0.085,-0.061,0.543,46.454,-286.685,136.098,Roll
-0.019,-0.135,0.558,-1.111,-286.685,176.383,Roll
0.253,0.056,0.263,-40.504,-286.685,156.441,Roll
0.570,0.285,-0.095,-20.930,-286.685,78.522,Roll
0.854,0.349,0.117,8.278,-86.993,58.126,Roll
0.875,0.322,0.483,5.880,89.539,96.591,Roll
0.660,0.196,0.623,-24.308,232.496,49.184,Roll
0.371,0.310,1.286,-78.304,283.054,-43.750,Roll
0.339,0.158,1.544,-110.408,286.344,-85.925,Roll
-0.019,0.029,1.669,-112.341,286.685,-106.103,Roll
-0.314,0.133,1.645,19.600,233.161,-143.036,Roll
-0.104,0.096,1.315,41.737,162.400,-125.510,Roll
-0.085,0.108,1.207,40.451,184.643,-91.700,Roll
-0.187,0.099,1.136,6.562,252.402,-70.910,Roll
-0.487,0.121,1.016,16.179,248.719,-38.412,Roll
-0.646,0.158,1.106,56.201,169.776,-10.089,Roll
-0.617,0.067,0.963,59.124,119.595,2.424,Roll
-0.597,0.239,0.484,68.040,58.100,15.033,Roll
-0.509,0.075,0.290,62.256,-107.118,50.085,Roll
-0.434,0.176,0.576,69.930,-283.824,96.101,Roll
-0.211,-0.073,0.787,23.013,-286.685,126.070,Roll
-0.063,-0.086,0.925,-40.022,-286.685,215.652,Roll
0.141,-0.183,0.802,-125.930,-286.685,211.829,Roll
0.623,0.160,0.613,-79.511,-286.685,159.836,Roll
0.776,0.292,0.292,-6.554,-285.416,104.536,Roll
1.054,0.386,0.233,104.116,-72.791,46.305,Roll
0.981,0.312,0.414,57.286,205.651,40.504,Roll
0.550,0.389,1.095,-25.077,286.685,-39.322,Roll
0.126,-0.208,1.025,-114.817,286.685,-133.936,Roll
-0.311,-0.270,1.277,-96.723,286.685,-162.732,Roll
-0.397,0.097,1.526,19.775,286.685,-133.525,Roll
-0.599,0.212,1.248,75.469,285.880,-102.121,Roll
-0.711,0.241,1.206,56.647,237.886,-92.382,Roll
-0.769,0.472,1.316,42.044,144.559,-86.021,Roll
-0.562,0.240,0.862,65.126,46.690,-44.844,Roll
-0.529,-0.094,0.414,93.196,-57.592,-2.126,Roll
-0.507,-0.061,0.404,118.886,-163.791,47.731,Roll
-0.132,0.105,0.890,103.976,-286.685,126.385,Roll
-0.142,-0.031,1.125,0.026,-286.685,245.298,Roll
-0.135,-0.334,0.950,-125.353,-286.685,259.604,Roll
0.279,-0.117,0.507,-105.376,-286.685,200.305,Roll
0.769,0.365,0.351,-4.270,-286.685,127.575,Roll
0.811,0.340,0.094,69.046,-170.923,83.169,Roll
0.926,0.424,0.110,66.719,58.529,67.480,Roll
0.815,0.259,0.286,35.289,260.829,19.661,Roll
0.047,0.390,1.350,1.549,286.685,-108.421,Roll
-0.149,-0.303,1.461,-163.923,286.685,-195.458,Roll
-0.193,-0.117,1.371,-88.882,286.685,-152.495,Roll
-0.314,-0.015,1.301,72.415,279.422,-115.412,Roll
-0.418,0.226,1.354,95.611,229.731,-97.003,Roll
-0.560,0.416,1.455,44.153,124.154,-46.235,Roll
-0.621,0.250,1.208,19.040,10.701,-17.246,Roll
-0.650,0.047,1.014,33.268,-58.704,-5.180,Roll
-0.449,0.014,0.994,97.396,-224.455,79.467,Roll
-0.322,-0.177,0.819,115.920,-286.685,174.764,Roll
-0.231,-0.229,0.702,60.865,-286.685,210.788,Roll
-0.102,-0.221,0.557,3.132,-286.685,208.652,Roll
0.331,-0.073,0.209,-34.370,-286.685,174.773,Roll
0.855,0.202,0.125,12.267,-285.451,111.650,Roll
0.948,0.194,0.088,66.395,-90.860,56.735,Roll
0.989,0.144,0.173,43.347,64.199,34.615,Roll
0.850,0.204,0.478,2.047,265.983,-32.891,Roll
0.448,0.297,1.299,-73.080,286.685,-148.741,Roll
0.044,-0.106,1.186,-171.622,286.685,-219.494,Roll
-0.196,-0.100,1.071,-103.600,286.685,-200.489,Roll
-0.169,-0.018,1.145,-14.814,246.908,-148.076,Roll
-0.456,0.319,1.428,61.906,201.661,-108.421,Roll
-0.635,0.454,1.771,37.214,95.541,-68.049,Roll
-0.560,0.319,1.633,42.394,-10.106,-23.695,Roll
-0.494,0.126,1.261,61.941,-36.908,4.874,Roll
-0.339,-0.016,1.103,98.919,-71.741,33.731,Roll
-0.135,0.134,1.131,90.423,-116.594,71.435,Roll
-0.037,0.093,0.951,62.326,-158.357,109.830,Roll
0.064,-0.124,0.416,29.802,-227.911,136.587,Roll
0.229,-0.021,0.250,38.553,-275.721,115.876,Roll
0.352,0.125,0.276,30.529,-267.234,84.341,Roll
0.370,0.076,0.085,28.105,-221.646,81.016,Roll
0.456,0.091,0.414,37.704,-149.520,94.132,Roll
0.542,0.278,0.747,-9.389,-147.420,105.849,Roll
0.535,0.281,0.756,-17.290,-163.030,84.254,Roll
0.583,0.182,0.670,-9.398,-161.691,68.521,Roll
0.825,0.317,0.714,-8.566,-91.131,36.304,Roll
0.994,0.449,0.865,-17.771,59.972,-37.144,Roll
0.984,0.337,1.114,-28.595,191.879,-111.527,Roll
0.609,0.361,1.386,-39.410,286.685,-156.844,Roll
0.100,-0.043,0.899,-54.889,286.685,-246.925,Roll
-0.188,0.079,0.960,17.885,286.685,-250.232,Roll
-0.173,0.276,1.253,35.761,286.221,-200.594,Roll
-0.370,0.596,1.370,-3.264,267.444,-63.385,Roll
-0.702,0.463,1.137,-3.027,265.055,-84.945,Roll
-0.674,0.467,1.027,47.197,180.950,-95.130,Roll
-0.634,0.326,0.911,42.184,116.156,-64.680,Roll
-0.529,0.146,0.698,39.917,-5.154,-5.346,Roll
-0.245,0.278,0.760,45.377,-143.561,91.324,Roll
-0.285,0.171,0.748,10.885,-263.751,183.916,Roll
-0.281,-0.130,0.790,-36.610,-286.685,205.546,Roll
-0.081,0.018,0.797,-45.588,-286.685,188.799,Roll
0.184,0.039,0.409,-55.143,-286.685,148.601,Roll
0.538,0.113,0.325,-27.431,-286.685,125.554,Roll
0.753,0.273,0.445,8.260,-199.045,133.954,Roll
0.550,0.386,0.337,73.850,10.754,98.009,Roll
0.605,0.267,0.339,76.300,202.773,-3.203,Roll
0.345,0.396,0.999,43.155,286.685,-76.414,Roll
0.057,0.065,1.527,-176.304,286.685,-165.051,Roll
-0.351,0.023,1.418,-171.089,286.685,-163.818,Roll
-0.500,0.118,1.488,-9.459,232.356,-63.604,Roll
-0.697,0.206,1.570,66.981,190.339,-55.650,Roll
-0.743,0.616,1.634,91.604,116.279,-91.131,Roll
-0.524,0.321,1.096,82.810,-70.866,-40.688,Roll
-0.053,-0.063,0.854,108.036,-274.802,74.323,Roll
0.023,-0.036,1.003,111.624,-286.685,156.091,Roll
-0.056,-0.147,0.621,25.725,-286.685,257.399,Roll
0.071,-0.161,0.432,-66.754,-286.685,242.489,Roll
0.467,0.030,0.497,-74.331,-286.685,181.860,Roll
0.527,0.240,0.262,5.023,-232.864,138.232,Roll
0.634,0.299,-0.005,99.260,-84.175,59.500,Roll
0.864,0.400,0.250,43.960,67.821,0.814,Roll
0.854,0.146,0.508,-5.827,284.690,-95.699,Roll
0.412,0.231,1.182,-63.595,286.685,-166.574,Roll
0.052,-0.067,1.287,-99.811,286.685,-213.684,Roll
-0.107,-0.113,1.141,-11.060,286.685,-191.275,Roll
-0.084,-0.057,1.052,37.153,275.196,-161.726,Roll
-0.317,0.350,1.191,74.690,285.530,-149.651,Roll
-0.586,0.705,1.563,58.879,216.099,-146.326,Roll
-0.508,0.467,1.259,24.815,65.844,-73.010,Roll
-0.380,0.144,1.003,33.057,-30.599,3.211,Roll
-0.374,0.098,0.832,74.541,-156.529,117.731,Roll
-0.258,0.310,1.040,65.275,-286.685,212.905,Roll
-0.148,-0.037,0.961,-25.095,-286.685,259.709,Roll
0.073,-0.071,0.754,-61.688,-286.685,239.864,Roll
0.472,0.051,0.562,-13.283,-286.685,173.337,Roll
0.593,0.199,0.424,79.651,-261.992,123.952,Roll
0.779,0.357,0.276,67.637,-144.681,66.150,Roll
0.902,0.374,0.189,40.792,-18.865,-19.583,Roll
0.803,0.158,0.266,-10.491,252.569,-79.511,Roll
0.266,0.137,0.933,-64.715,286.685,-202.580,Roll
0.015,-0.099,1.059,-129.833,286.685,-260.890,Roll
-0.082,-0.047,0.928,-89.565,286.685,-201.696,Roll
-0.332,0.132,1.136,-21.096,286.685,-178.351,Roll
-0.680,0.530,1.615,2.249,284.830,-163.004,Roll
-0.719,0.505,1.514,17.325,170.327,-144.086,Roll
-0.599,0.371,1.319,61.197,24.343,-54.180,Roll
-0.449,0.057,0.879,58.345,-56.639,3.211,Roll
-0.372,0.117,0.791,59.465,-188.221,120.531,Roll
-0.137,0.140,0.953,62.046,-286.685,212.538,Roll
-0.100,-0.149,0.949,18.427,-286.685,257.110,Roll
0.131,-0.257,0.672,-65.336,-286.685,257.740,Roll
0.430,0.186,0.397,-27.720,-286.685,174.423,Roll
0.541,0.281,0.269,44.354,-154.149,95.576,Roll
0.629,0.171,0.061,34.178,-78.199,83.799,Roll
0.770,0.317,0.042,6.204,64.461,82.757,Roll
0.581,0.117,0.623,-37.599,285.355,-1.015,Roll
0.239,0.138,1.291,-101.990,286.685,-107.048,Roll
-0.063,-0.112,1.447,-115.806,286.685,-157.430,Roll
-0.205,-0.201,1.308,-16.879,286.685,-168.805,Roll
-0.397,0.365,1.600,37.695,260.522,-120.741,Roll
-0.788,0.442,1.730,33.364,227.622,-136.351,Roll
-0.750,0.333,1.659,47.583,159.854,-148.864,Roll
-0.607,-0.014,1.224,88.856,38.202,-56.577,Roll
-0.395,-0.082,0.856,135.949,-87.290,48.956,Roll
-0.206,0.057,0.743,132.807,-241.693,162.488,Roll
0.027,-0.052,0.721,108.666,-286.685,231.087,Roll
-0.030,-0.467,0.586,32.200,-286.685,286.685,Roll
0.232,-0.039,0.608,6.790,-286.685,282.432,Roll
0.334,0.048,0.614,18.462,-286.685,241.413,Roll
0.640,0.192,0.424,-25.996,-286.659,221.734,Roll
0.800,0.208,-0.103,0.306,-207.664,138.854,Roll
0.969,0.237,-0.074,17.369,-13.667,58.389,Roll
0.868,0.178,0.201,-19.635,158.322,-10.587,Roll
0.664,0.116,0.836,-82.232,286.685,-137.174,Roll
0.250,-0.229,1.083,-105.411,286.685,-230.344,Roll
-0.062,-0.206,1.063,-54.889,286.685,-203.700,Roll
-0.110,-0.010,1.088,14.403,286.685,-155.724,Roll
-0.316,0.317,1.423,47.722,268.328,-139.090,Roll
-0.464,0.775,1.999,40.836,223.116,-142.992,Roll
-0.365,0.320,1.741,20.247,106.951,-121.949,Roll
-0.346,-0.003,1.224,46.104,38.728,-59.447,Roll
-0.069,-0.022,0.735,109.095,-91.717,26.731,Roll
-0.033,0.164,0.955,115.649,-237.676,164.027,Roll
-0.165,0.038,0.953,28.472,-286.685,220.106,Roll
-0.013,-0.157,0.694,-17.649,-286.685,220.990,Roll
0.292,-0.146,0.503,2.651,-286.685,231.919,Roll
0.565,0.266,0.401,62.545,-284.961,166.066,Roll
0.792,0.221,0.279,5.609,-190.741,102.331,Roll
0.949,0.275,0.237,-35.201,-120.802,90.195,Roll
1.007,0.244,0.079,-20.571,89.320,29.111,Roll
0.584,-0.030,0.556,-10.001,286.685,-99.173,Roll
0.089,0.109,0.960,-20.247,286.685,-189.210,Roll
-0.255,0.027,1.266,-27.326,286.685,-222.399,Roll
-0.328,-0.068,1.427,-42.840,286.685,-230.545,Roll
-0.562,0.180,1.314,-5.539,286.685,-166.941,Roll
-0.743,0.322,1.301,78.662,286.685,-133.989,Roll
-0.823,0.505,1.299,75.408,264.084,-115.771,Roll
-0.722,0.415,0.931,48.230,80.798,-10.386,Roll
-0.620,-0.050,0.604,60.664,-84.026,85.531,Roll
-0.589,0.072,0.553,84.577,-210.604,159.337,Roll
-0.532,0.199,0.791,70.525,-283.728,169.557,Roll
-0.423,0.105,0.958,-25.165,-286.685,204.164,Roll
-0.135,-0.132,0.786,-122.378,-286.685,182.096,Roll
0.157,-0.071,0.191,-90.423,-286.685,133.997,Roll
0.576,0.326,0.239,-20.300,-286.685,95.436,Roll
0.749,0.217,0.345,21.052,-247.371,107.345,Roll
0.747,0.309,0.315,15.347,-95.104,96.591,Roll
0.714,0.312,0.250,4.629,17.045,15.540,Roll
0.683,-0.034,0.539,-24.745,222.775,-60.506,Roll
0.254,-0.011,1.237,-62.002,286.685,-118.878,Roll
-0.041,0.004,1.628,-116.253,286.685,-182.333,Roll
-0.068,-0.029,1.553,-108.981,286.685,-194.110,Roll
-0.221,-0.153,1.468,-44.748,286.685,-179.848,Roll
-0.447,0.109,1.383,31.036,237.974,-122.675,Roll
-0.508,0.487,1.438,82.897,199.036,-114.126,Roll
-0.485,0.355,0.811,97.134,119.341,-34.326,Roll
-0.416,0.282,0.584,113.076,9.887,47.661,Roll
-0.425,0.056,0.681,88.979,-152.469,148.741,Roll
-0.344,0.046,0.873,50.339,-286.685,225.934,Roll
-0.042,-0.089,0.927,1.663,-286.685,286.659,Roll
0.066,-0.194,1.028,-68.128,-286.685,286.685,Roll
0.455,0.314,0.950,-85.829,-286.685,215.005,Roll
0.554,-0.015,0.305,6.983,-286.580,131.023,Roll
0.807,0.159,0.185,59.150,-258.116,114.607,Roll
1.086,0.273,0.221,51.809,-148.759,79.581,Roll
1.031,0.198,0.353,17.159,62.116,14.744,Roll
0.682,0.020,0.559,3.439,284.296,-113.951,Roll
0.446,0.016,1.116,-20.615,286.685,-219.590,Roll
0.120,-0.178,1.082,-79.826,286.685,-270.629,Roll
0.142,0.037,0.765,0.901,286.685,-209.440,Roll
0.084,0.066,0.629,48.720,286.633,-172.051,Roll
-0.277,0.246,1.125,27.843,286.685,-143.246,Roll
-0.396,0.467,1.512,-61.416,275.179,-99.199,Roll
-0.685,0.379,1.400,-51.564,232.768,-89.364,Roll
-0.814,0.233,1.357,13.825,184.503,-116.007,Roll
-0.639,0.364,1.325,70.402,56.726,-67.891,Roll
-0.428,0.137,0.824,77.717,-101.124,69.029,Roll
-0.014,0.201,0.731,100.301,-281.540,167.869,Roll
0.036,0.101,0.853,74.410,-286.685,243.959,Roll
-0.132,-0.223,0.835,2.993,-286.685,286.685,Roll
0.216,-0.186,0.449,-35.044,-286.685,252.726,Roll
0.526,0.254,0.420,-4.086,-286.685,197.251,Roll
0.666,0.404,0.377,42.577,-266.735,133.516,Roll
0.792,0.355,0.197,67.515,-55.283,35.324,Roll
0.721,0.309,0.081,12.644,191.188,-39.436,Roll
0.588,0.109,0.510,-25.358,286.685,-179.288,Roll
-0.028,0.194,1.438,-142.144,286.685,-240.887,Roll
-0.104,-0.163,1.111,-185.229,286.685,-189.499,Roll
-0.075,-0.023,1.098,-116.646,237.886,-149.188,Roll
-0.198,0.181,1.385,-36.339,209.300,-76.886,Roll
-0.431,0.408,1.727,56.096,176.216,-49.787,Roll
-0.386,0.372,1.609,78.908,100.266,-51.502,Roll
-0.306,0.070,1.156,55.046,71.452,-31.308,Roll
-0.292,0.187,0.959,71.435,16.966,45.701,Roll
-0.276,0.332,0.971,81.016,-59.045,114.266,Roll
-0.266,-0.002,0.812,102.594,-228.034,179.051,Roll
-0.080,0.024,0.917,88.611,-286.685,206.395,Roll
-0.071,-0.056,0.818,1.234,-286.685,265.834,Roll
0.123,0.017,0.644,-56.350,-286.685,264.871,Roll
0.564,0.153,0.155,-57.776,-286.685,174.799,Roll
0.894,0.236,0.271,35.079,-199.745,82.285,Roll
0.852,0.219,0.083,29.417,-28.105,55.221,Roll
0.861,0.311,0.037,26.084,73.902,8.269,Roll
0.593,0.105,0.579,11.471,282.625,-146.379,Roll
0.416,0.104,1.403,-108.955,286.685,-285.688,Roll
0.097,-0.114,0.916,-156.459,286.685,-281.654,Roll
0.039,-0.037,0.919,-103.136,286.685,-223.309,Roll
-0.158,0.175,1.144,-60.629,273.000,-163.870,Roll
-0.383,0.314,1.557,-16.791,224.919,-99.969,Roll
-0.610,0.488,1.780,18.323,153.720,-38.255,Roll
-0.621,0.302,1.478,29.759,68.014,10.062,Roll
-0.369,0.085,0.974,58.529,-84.306,88.147,Roll
-0.171,0.273,0.891,87.964,-219.686,158.410,Roll
-0.039,0.229,1.052,74.637,-286.685,212.966,Roll
0.015,-0.097,0.908,12.040,-286.685,229.574,Roll
0.200,-0.337,0.530,-61.626,-286.685,225.977,Roll
0.495,0.084,0.153,-10.351,-286.685,169.768,Roll
0.651,0.182,0.229,47.311,-223.878,102.323,Roll
0.726,0.300,0.285,46.174,-113.365,70.254,Roll
0.695,0.246,0.129,6.554,89.434,2.625,Roll
0.450,0.044,0.508,1.260,286.598,-151.637,Roll
0.483,0.106,1.061,-42.656,286.685,-282.922,Roll
0.053,-0.236,1.154,-159.163,286.685,-275.161,Roll
-0.076,-0.068,1.169,-140.324,286.685,-181.265,Roll
-0.402,0.258,1.373,-41.178,271.259,-76.291,Roll
-0.659,0.268,1.753,48.405,160.143,-62.143,Roll
-0.702,0.320,1.727,41.974,83.878,-45.430,Roll
-0.611,0.163,1.542,37.853,-6.554,-3.378,Roll
-0.527,0.165,1.393,78.181,-45.588,45.124,Roll
-0.510,0.191,1.256,109.471,-105.271,85.216,Roll
-0.268,-0.031,0.973,98.201,-157.946,80.868,Roll
0.042,-0.021,0.700,88.174,-156.555,56.184,Roll
0.198,0.046,0.342,75.582,-48.904,22.382,Roll
0.302,0.048,0.105,66.124,53.970,-15.531,Roll
0.301,-0.070,0.057,76.143,250.871,-59.876,Roll
-0.069,0.149,0.483,18.147,286.685,-105.525,Roll
-0.449,0.371,0.392,-23.861,286.685,-118.930,Roll
-0.759,0.609,0.736,-20.003,234.500,-115.194,Roll
-1.074,0.691,1.022,-26.022,67.034,-97.562,Roll
-0.982,0.464,0.736,0.262,-117.504,-51.406,Roll
-0.895,0.312,0.780,11.349,-284.296,32.410,Roll
-0.569,0.315,1.313,-45.938,-286.685,105.840,Roll
-0.433,0.067,0.987,-70.787,-286.685,191.599,Roll
-0.109,-0.351,0.553,-23.555,-286.685,201.346,Roll
0.224,-0.120,0.444,41.834,-286.685,183.969,Roll
0.765,0.226,0.734,40.994,-286.685,237.562,Roll
0.686,0.164,0.533,78.199,-280.122,218.102,Roll
0.895,0.358,0.581,75.206,-137.209,149.669,Roll
0.977,0.378,0.464,40.259,-24.859,8.391,Roll
0.917,0.169,0.440,15.619,244.387,-79.021,Roll
0.476,0.097,0.826,-7.613,286.685,-193.113,Roll
0.154,-0.092,1.371,-151.533,286.685,-198.091,Roll
-0.015,-0.231,1.134,-193.874,286.685,-90.834,Roll
-0.444,-0.006,1.207,-58.249,279.921,-85.496,Roll
-0.323,0.196,1.734,19.110,153.904,-100.520,Roll
-0.317,0.218,1.684,24.535,162.304,-51.686,Roll
-0.483,0.277,1.255,83.939,42.035,2.266,Roll
-0.449,0.205,0.980,116.200,-82.994,56.954,Roll
-0.463,0.133,0.780,127.908,-248.211,85.662,Roll
-0.118,0.196,0.660,54.775,-286.685,46.891,Roll
0.072,-0.003,0.522,4.454,-286.685,90.650,Roll
0.122,-0.228,0.509,-19.416,-286.685,172.209,Roll
0.514,0.081,0.181,-5.215,-286.685,136.859,Roll
0.985,0.253,0.029,46.970,-269.990,78.881,Roll
1.264,0.478,0.221,44.345,-108.675,51.161,Roll
1.192,0.246,0.455,-11.821,241.439,-13.983,Roll
0.508,-0.138,0.875,-45.097,286.685,-147.691,Roll
0.134,-0.446,0.894,-126.787,286.685,-210.945,Roll
-0.084,-0.070,0.866,-66.762,286.685,-169.829,Roll
-0.448,-0.002,1.004,-22.724,286.685,-166.023,Roll
-0.743,0.131,1.508,-4.436,286.685,-163.712,Roll
-0.880,0.575,1.646,29.558,286.466,-168.534,Roll
-0.890,0.812,1.411,78.776,135.223,-85.759,Roll
-0.575,0.065,0.779,112.332,17.255,-35.621,Roll
-0.433,-0.039,0.593,109.384,-102.900,74.217,Roll
-0.420,0.253,0.735,101.412,-263.279,182.131,Roll
-0.340,0.251,1.004,57.015,-286.685,235.331,Roll
-0.250,-0.366,1.032,-51.695,-286.685,286.685,Roll
0.052,-0.457,0.380,-107.214,-286.685,264.688,Roll
0.524,0.429,0.065,10.789,-286.685,169.330,Roll
0.651,0.426,0.234,83.414,-183.663,132.423,Roll
0.722,0.341,0.275,52.859,-49.674,123.086,Roll
0.664,0.257,0.038,-29.470,144.489,90.475,Roll
0.426,0.169,0.751,-53.270,285.959,-26.688,Roll
0.155,0.233,1.541,-73.999,286.685,-124.092,Roll
0.097,-0.118,1.847,-208.215,286.685,-157.640,Roll
-0.214,-0.179,1.505,-91.770,155.444,-47.915,Roll
-0.130,-0.113,1.579,72.257,-152.443,-31.185,Roll
0.131,-0.090,1.445,130.349,-285.530,46.743,Roll
0.397,-0.008,1.239,96.897,-286.685,96.618,Roll
0.545,0.179,0.609,2.398,-286.685,90.317,Roll
0.601,0.148,0.385,1.312,-233.634,63.245,Roll
0.654,0.118,0.320,24.211,-166.443,34.379,Roll
0.728,0.256,0.343,55.624,-23.441,-27.020,Roll
0.656,0.120,0.435,58.319,171.946,-111.177,Roll
0.553,-0.090,0.719,33.276,286.685,-205.686,Roll
0.472,-0.111,0.795,4.148,286.685,-240.371,Roll
0.155,0.173,1.306,-73.010,286.685,-249.708,Roll
0.020,0.071,1.321,-112.166,286.685,-232.488,Roll
-0.378,-0.003,1.268,-92.321,286.685,-153.974,Roll
-0.656,0.249,1.238,-24.605,285.897,-111.046,Roll
-0.744,0.280,1.113,58.397,214.226,-92.908,Roll
-0.584,0.275,0.759,98.122,97.834,-70.341,Roll
-0.519,0.226,0.670,81.069,-45.885,44.170,Roll
-0.452,0.164,0.653,56.542,-120.514,103.836,Roll
-0.325,0.171,0.668,51.520,-274.820,171.570,Roll
-0.131,-0.123,0.838,-4.113,-286.685,233.415,Roll
-0.035,-0.002,1.103,-36.496,-286.685,266.604,Roll
0.102,-0.083,0.860,-76.449,-286.685,256.349,Roll
0.469,0.099,0.485,-55.720,-286.685,191.476,Roll
0.656,0.284,0.490,1.374,-232.636,167.423,Roll
0.672,0.194,0.467,13.764,-115.850,111.799,Roll
0.563,0.177,0.223,27.108,36.584,58.678,Roll
0.497,0.070,0.571,-12.530,203.271,-47.486,Roll
0.493,0.043,1.269,-65.152,286.003,-135.870,Roll
0.344,0.139,1.610,-92.243,277.147,-143.421,Roll
0.298,-0.088,1.209,-50.645,253.837,-140.394,Roll
0.102,-0.043,1.141,8.636,266.473,-143.482,Roll
-0.074,0.054,1.515,2.091,230.659,-116.506,Roll
-0.132,0.248,1.594,-9.100,229.827,-74.497,Roll
-0.366,0.114,1.123,6.545,271.731,-29.304,Roll
-0.550,0.006,0.797,71.444,228.602,-27.431,Roll
-0.580,0.140,0.904,97.965,140.534,-5.968,Roll
-0.587,0.364,0.890,68.723,73.027,24.106,Roll
-0.543,0.179,0.659,44.774,-84.315,52.736,Roll
-0.278,0.117,0.700,62.991,-274.575,115.894,Roll
-0.166,0.078,0.899,43.916,-286.685,187.696,Roll
-0.213,-0.179,0.906,-47.548,-286.685,255.990,Roll
0.240,-0.136,0.513,-112.306,-286.685,216.046,Roll
0.757,0.262,0.587,-52.806,-286.545,136.736,Roll
0.745,0.354,0.609,30.109,-115.246,53.165,Roll
0.643,0.147,0.332,68.215,-26.005,-12.688,Roll
0.808,0.269,0.431,52.001,114.065,-91.298,Roll
0.623,0.225,1.141,-17.745,286.510,-208.688,Roll
0.321,0.316,1.437,-69.370,286.685,-253.050,Roll
0.025,0.017,1.101,-100.494,286.685,-236.994,Roll
-0.132,0.094,1.185,-34.589,244.930,-202.318,Roll
-0.233,0.250,1.287,-1.671,214.445,-162.741,Roll
-0.401,0.325,1.348,4.856,182.298,-126.919,Roll
-0.512,0.386,1.333,8.584,79.030,-73.185,Roll
-0.291,0.152,1.125,42.429,-46.086,17.535,Roll
-0.181,0.077,1.013,68.285,-172.235,146.055,Roll
-0.113,0.089,1.071,60.480,-270.883,216.300,Roll
-0.190,-0.031,0.911,-4.270,-286.685,273.166,Roll
0.169,-0.120,0.615,-90.440,-286.685,183.479,Roll
0.566,0.006,0.440,-75.740,-279.659,104.956,Roll
0.774,0.333,0.584,28.411,-121.861,42.674,Roll
0.631,0.120,0.301,105.158,108.168,-4.331,Roll
0.474,0.071,0.186,118.755,282.301,-33.294,Roll
0.301,-0.047,0.351,98.744,286.685,-75.950,Roll
-0.102,-0.071,0.617,-41.886,286.527,-145.854,Roll
-0.137,0.122,1.031,-95.909,159.967,-94.124,Roll
-0.190,0.238,1.393,-117.644,169.496,-73.771,Roll
-0.362,0.294,1.715,-97.283,162.400,-83.361,Roll
-0.412,0.400,1.894,-64.488,136.675,-57.724,Roll
-0.668,0.380,1.725,53.095,110.933,-5.784,Roll
-0.493,0.317,1.327,94.386,79.791,4.270,Roll
-0.427,0.200,1.008,94.911,79.660,10.421,Roll
-0.268,0.028,0.670,68.198,100.266,14.989,Roll
-0.100,-0.095,0.537,21.420,152.232,-21.376,Roll
-0.074,-0.177,0.363,10.894,168.341,-48.151,Roll
-0.086,0.091,0.297,19.372,125.510,-44.222,Roll
-0.272,0.313,0.491,6.221,37.704,-22.680,Roll
-0.593,0.219,0.805,-43.260,-87.089,20.772,Roll
-0.755,0.296,0.937,-49.018,-168.997,24.990,Roll
-0.588,0.510,1.326,-36.881,-263.848,24.798,Roll
-0.450,0.167,1.358,-49.534,-286.685,82.058,Roll
-0.062,-0.011,1.073,-20.212,-286.685,90.930,Roll
0.130,-0.162,1.000,16.975,-286.685,148.890,Roll
0.209,-0.152,0.947,1.024,-286.685,213.666,Roll
0.502,-0.228,0.682,-3.544,-286.685,178.001,Roll
0.690,-0.149,0.718,-3.710,-286.685,213.719,Roll
0.629,0.045,0.607,13.370,-215.250,194.976,Roll
0.626,0.102,0.358,33.285,-40.346,71.855,Roll
0.659,0.108,0.283,22.855,157.544,-82.198,Roll
0.611,0.035,0.602,-11.305,286.685,-229.740,Roll
0.323,0.011,1.280,-104.239,286.685,-262.955,Roll
0.105,-0.145,0.984,-88.777,286.685,-222.443,Roll
0.036,-0.117,0.970,7.131,254.826,-126.665,Roll
-0.066,0.029,1.134,37.424,223.606,-86.520,Roll
-0.355,0.459,1.663,-7.438,193.148,-39.629,Roll
-0.511,0.400,1.789,-13.781,106.916,-33.504,Roll
-0.428,0.089,1.551,41.046,-22.872,41.370,Roll
-0.372,-0.092,1.307,91.201,-59.972,72.817,Roll
-0.206,0.147,1.062,100.231,-60.716,59.386,Roll
-0.051,0.193,0.942,70.997,-59.167,54.250,Roll
0.033,0.064,0.802,22.479,0.840,23.590,Roll
0.133,-0.171,0.505,20.956,106.234,-27.458,Roll
0.190,-0.084,0.360,36.908,228.734,-58.380,Roll
-0.015,0.017,0.314,-0.262,232.208,-42.639,Roll
-0.203,0.168,0.441,-7.989,204.452,-40.862,Roll
-0.478,0.401,0.780,0.901,161.026,-61.976,Roll
-0.760,0.588,1.165,-15.225,16.126,-39.463,Roll
-0.749,0.306,1.234,-24.614,-180.530,4.445,Roll
-0.592,0.211,1.283,-21.236,-265.414,47.154,Roll
-0.422,0.097,1.065,-11.655,-286.685,95.743,Roll
-0.162,0.027,0.917,-38.028,-286.685,124.206,Roll
-0.056,-0.038,0.692,-44.896,-286.685,129.036,Roll
0.213,0.059,0.446,-21.665,-286.685,103.530,Roll
0.648,0.029,0.605,18.340,-286.685,121.940,Roll
0.679,0.133,0.681,51.249,-257.049,142.992,Roll
0.774,0.222,0.624,45.290,-103.854,64.120,Roll
0.884,0.130,0.610,28.779,41.151,-13.475,Roll
0.713,-0.053,0.740,-12.320,274.802,-126.315,Roll
0.295,-0.007,1.229,-51.581,286.685,-195.694,Roll
-0.056,-0.130,1.143,-75.994,286.685,-169.426,Roll
-0.108,0.128,0.983,-5.994,239.820,-154.455,Roll
-0.050,0.112,1.092,36.225,211.969,-173.539,Roll
-0.226,0.328,1.266,0.683,186.760,-136.929,Roll
-0.290,0.472,1.318,-48.764,123.725,-53.042,Roll
-0.411,0.346,1.301,-42.070,102.419,-30.144,Roll
-0.438,0.208,1.288,13.877,110.119,-40.224,Roll
-0.448,0.185,1.160,52.553,80.552,-10.719,Roll
-0.410,0.083,0.973,60.007,37.537,25.594,Roll
-0.260,0.078,0.807,73.360,-73.824,89.994,Roll
-0.110,0.120,0.840,73.579,-185.089,164.150,Roll
-0.058,-0.057,0.735,38.999,-260.724,200.900,Roll
0.046,-0.069,0.651,28.228,-286.685,216.519,Roll
0.259,-0.012,0.738,-4.366,-286.685,234.640,Roll
0.446,0.217,0.723,-26.968,-284.944,174.387,Roll
0.539,0.090,0.626,-31.972,-208.827,145.819,Roll
0.577,0.130,0.431,-21.298,-145.232,124.723,Roll
0.666,0.266,0.457,-9.914,5.302,29.925,Roll
0.616,0.214,0.729,-40.049,152.792,-69.720,Roll
0.598,0.188,0.933,-78.706,264.530,-138.836,Roll
-0.050,0.038,1.159,-84.411,286.685,-216.125,Roll
-0.140,-0.035,1.207,-20.632,281.995,-221.148,Roll
-0.168,0.211,1.292,40.591,211.855,-191.223,Roll
-0.171,0.286,1.264,20.344,182.665,-146.440,Roll
-0.298,0.387,1.325,-24.972,174.352,-89.390,Roll
-0.394,0.287,1.329,-11.069,175.980,-81.454,Roll
-0.401,0.103,1.068,34.143,168.779,-65.791,Roll
-0.439,0.099,0.980,50.610,133.849,-36.409,Roll
-0.507,0.159,1.060,38.911,56.245,35.980,Roll
-0.482,0.167,0.897,36.085,-33.521,92.759,Roll
-0.435,0.123,0.647,39.856,-159.600,128.450,Roll
-0.301,0.082,0.614,45.999,-252.122,137.322,Roll
-0.122,0.116,0.736,7.884,-286.685,144.917,Roll
0.172,-0.045,0.651,-53.987,-286.685,177.467,Roll
0.333,-0.167,0.634,-83.510,-286.685,187.924,Roll
0.519,0.117,0.703,-91.341,-281.487,161.595,Roll
0.568,0.108,0.661,-79.249,-179.865,96.941,Roll
0.741,0.108,0.567,-61.653,-67.051,48.440,Roll
0.782,0.084,0.577,-55.309,25.480,44.599,Roll
0.590,-0.068,0.718,-63.429,130.734,56.901,Roll
0.334,-0.084,1.114,-40.521,137.497,-11.305,Roll
0.332,-0.028,1.463,33.959,101.299,-74.410,Roll
0.357,0.084,1.405,57.829,92.951,-83.204,Roll
0.317,0.115,1.088,51.205,98.989,-81.401,Roll
0.303,0.152,1.061,47.591,86.301,-82.618,Roll
0.295,0.206,1.134,33.057,57.400,-49.893,Roll
0.194,0.198,1.063,21.490,38.185,-24.561,Roll
0.178,0.081,1.004,23.450,12.898,-39.244,Roll
0.243,0.032,0.981,17.325,5.154,-16.634,Roll
0.170,0.098,1.047,15.671,-1.864,-5.250,Roll
0.192,0.094,0.928,8.059,-3.526,-0.892,Roll
0.238,0.068,0.902,4.532,4.795,-0.516,Roll
0.239,0.092,0.986,7.341,26.661,1.041,Roll
0.224,0.109,0.956,9.065,39.445,5.434,Roll
0.194,0.097,0.992,5.932,32.156,12.477,Roll
0.180,0.151,1.034,-0.849,12.163,21.927,Roll
0.174,0.178,1.008,3.841,-0.411,30.581,Roll
0.183,0.048,0.968,6.860,-17.868,35.744,Roll
0.212,0.051,1.019,36.671,-48.737,42.682,Roll
0.237,0.177,0.980,56.647,-31.806,35.368,Roll
0.262,0.178,0.841,39.603,-23.065,25.856,Roll
0.208,0.111,0.807,39.226,-9.704,21.954,Roll
0.163,0.213,0.933,28.726,37.056,-2.739,Roll
0.173,0.307,1.040,26.180,28.052,-0.788,Roll
0.153,0.238,1.102,26.985,15.164,6.685,Roll
0.147,0.219,0.957,6.615,10.491,-5.119,Roll
0.122,0.140,0.887,-3.640,8.671,-42.271,Roll
0.219,0.271,0.955,13.177,-3.955,-31.587,Roll
0.170,0.290,1.008,5.845,-2.599,-19.976,Roll
0.190,0.256,0.947,-9.091,22.409,-23.433,Roll
0.135,0.279,0.998,-32.611,26.731,-24.526,Roll
0.113,0.253,0.982,-36.969,18.944,-25.270,Roll
0.074,0.210,0.969,-15.269,-0.079,-35.455,Roll
0.117,0.287,0.980,-2.555,-8.960,-46.506,Roll
0.111,0.259,0.933,-20.764,-10.605,-54.189,Roll
0.110,0.243,0.978,-26.539,-21.569,-48.370,Roll
0.111,0.056,0.995,-23.756,-25.996,-19.924,Roll
0.117,0.094,0.967,-8.829,-13.676,-25.996,Roll
0.098,0.148,0.948,8.575,-24.439,-27.020,Roll
0.160,0.219,1.089,6.099,-19.355,-2.293,Roll
0.142,0.111,0.993,-2.328,30.319,-9.791,Roll
0.156,0.191,0.930,18.226,22.951,-11.340,Roll
0.284,0.301,1.078,23.511,51.327,-16.459,Roll
0.227,0.275,1.070,13.221,191.511,-43.671,Roll
-0.180,0.120,1.075,-11.795,286.685,-80.071,Roll
-0.607,0.123,1.194,-27.405,286.685,-131.303,Roll
-0.730,-0.002,0.938,-17.596,286.685,-133.096,Roll
-0.749,0.258,0.583,30.809,162.925,-42.175,Roll
-0.888,0.346,0.744,48.055,-20.781,9.581,Roll
-0.433,0.371,0.784,28.376,-279.948,50.129,Roll
-0.035,-0.073,0.754,-4.244,-286.685,124.880,Roll
-0.036,-0.401,0.870,8.356,-286.685,253.724,Roll
0.311,-0.137,0.890,14.464,-286.685,232.102,Roll
0.862,0.379,0.806,29.225,-286.685,209.020,Roll
0.669,0.519,0.419,42.236,-275.240,183.811,Roll
0.947,0.518,-0.007,37.975,-93.476,102.664,Roll
0.897,0.116,0.357,7.814,205.826,23.704,Roll
0.381,-0.137,0.641,3.981,286.685,-78.103,Roll
-0.037,-0.253,1.022,-1.067,286.685,-160.886,Roll
0.022,0.234,1.514,64.339,286.685,-224.875,Roll
-0.238,0.401,1.791,12.040,286.685,-221.804,Roll
-0.529,0.365,1.376,-23.809,286.685,-139.107,Roll
-0.797,0.466,1.166,14.271,218.444,-67.366,Roll
-0.660,0.514,1.188,97.956,-16.503,-1.969,Roll
-0.245,0.156,1.177,119.070,-175.402,101.981,Roll
-0.316,-0.012,1.065,84.359,-223.239,187.049,Roll
-0.310,-0.008,0.540,21.709,-268.503,185.841,Roll
0.208,0.095,0.168,-23.161,-177.756,49.201,Roll
0.516,0.080,0.037,2.966,173.521,-46.182,Roll
0.306,-0.015,0.302,49.919,286.685,-70.114,Roll
-0.287,0.283,1.132,38.307,286.685,-144.296,Roll
-0.769,0.217,0.431,-114.188,286.685,-129.561,Roll
-0.996,0.684,0.656,-0.989,195.939,-114.179,Roll
-1.058,0.832,0.898,18.830,63.936,-78.304,Roll
-0.924,0.358,0.565,-1.129,-178.727,-26.469,Roll
-0.667,0.250,0.817,-11.856,-286.685,72.275,Roll
-0.351,-0.122,0.989,-22.776,-286.685,135.459,Roll
-0.198,-0.023,0.792,23.091,-286.685,148.304,Roll
0.329,0.126,1.104,43.409,-286.685,217.166,Roll
0.204,0.322,1.314,-50.855,-286.685,279.108,Roll
0.300,0.503,1.089,-92.628,-286.685,163.643,Roll
0.890,0.017,0.317,-53.944,-279.475,112.997,Roll
0.960,0.166,0.275,24.325,-21.551,91.464,Roll
0.632,0.016,0.746,-8.382,201.924,-12.460,Roll
0.425,-0.206,0.409,-6.344,286.073,-91.184,Roll
-0.031,-0.121,0.510,25.375,286.685,-198.520,Roll
-0.330,-0.047,1.633,26.189,286.685,-284.253,Roll
-0.547,0.360,1.724,-29.951,286.685,-205.170,Roll
-0.713,0.518,1.179,-32.725,286.685,-114.048,Roll
-0.830,0.518,1.006,65.380,240.503,-98.166,Roll
-0.879,0.742,1.095,72.144,42.166,-17.325,Roll
-0.758,0.294,0.949,71.811,-245.534,87.106,Roll
-0.456,-0.114,0.709,71.461,-286.685,154.385,Roll
-0.352,-0.389,0.452,39.357,-286.685,178.273,Roll
0.319,-0.271,0.331,-45.859,-286.685,130.331,Roll
0.697,0.156,0.350,-47.154,-286.685,117.871,Roll
0.856,0.540,0.222,-13.554,-286.685,105.131,Roll
1.116,0.553,0.232,-8.636,-124.784,55.169,Roll
1.057,0.023,0.408,-13.807,278.696,23.896,Roll
0.348,-0.320,1.032,62.947,286.685,-53.550,Roll
-0.644,0.038,1.619,-7.359,286.685,-157.360,Roll
-0.446,0.257,1.441,-46.961,286.685,-165.944,Roll
-0.556,0.360,1.233,-43.540,286.685,-102.865,Roll
-0.933,0.527,1.080,49.595,256.839,-80.841,Roll
-0.896,0.520,1.338,66.728,66.299,-27.493,Roll
-0.733,0.091,0.900,51.713,-176.102,58.100,Roll
-0.403,-0.012,0.497,62.930,-286.633,132.580,Roll
-0.158,-0.073,0.645,100.319,-286.685,175.227,Roll
-0.055,-0.014,0.644,50.295,-286.685,170.223,Roll
0.495,-0.134,0.300,-34.982,-286.685,179.191,Roll
0.655,0.118,0.169,-57.321,-283.561,186.839,Roll
0.764,0.601,0.025,-8.627,-124.591,125.974,Roll
0.841,0.148,0.409,27.729,175.271,15.033,Roll
0.376,0.015,0.896,26.145,286.685,-56.928,Roll
-0.094,0.226,1.553,-47.670,286.685,-130.909,Roll
-0.421,-0.096,1.451,-110.714,286.685,-219.643,Roll
-0.643,0.170,1.711,-22.225,286.685,-163.354,Roll
-0.772,0.305,0.988,-3.544,275.511,-103.836,Roll
-0.861,0.692,1.186,88.760,158.384,-57.103,Roll
-0.982,0.413,1.300,101.395,-60.410,-11.288,Roll
-0.533,-0.001,0.988,98.683,-205.196,37.634,Roll
-0.353,-0.164,0.435,84.114,-286.685,120.505,Roll
-0.235,-0.064,0.704,107.345,-286.685,151.900,Roll
-0.283,-0.030,1.002,22.864,-286.685,169.234,Roll
-0.181,-0.074,0.076,-144.462,-286.685,90.449,Roll
0.431,0.190,-0.411,-88.489,-286.685,29.138,Roll
0.650,0.417,-0.105,-2.354,-272.020,8.356,Roll
1.084,0.587,0.232,8.706,5.259,27.239,Roll
0.720,0.076,0.518,7.210,286.685,47.792,Roll
-0.467,0.035,1.378,32.865,286.685,-80.448,Roll
-0.461,0.180,1.769,-35.333,286.685,-156.336,Roll
-0.291,0.336,1.761,-55.116,286.685,-140.735,Roll
-0.825,0.071,1.349,-63.184,285.836,-88.314,Roll
-0.974,0.231,1.402,58.389,127.015,-61.320,Roll
-0.706,0.360,1.452,119.927,29.365,-9.546,Roll
-0.601,0.242,1.087,121.783,-67.375,62.423,Roll
-0.341,-0.019,0.491,84.936,-184.555,121.713,Roll
-0.177,0.033,0.434,74.174,-258.720,140.971,Roll
-0.112,-0.041,0.495,70.884,-286.685,153.309,Roll
-0.113,-0.006,0.675,12.644,-286.685,192.447,Roll
0.166,0.257,0.309,-100.074,-286.685,149.634,Roll
0.397,0.200,0.032,-102.646,-286.685,114.144,Roll
0.944,0.330,0.174,-46.384,-184.660,90.011,Roll
0.740,0.304,0.654,29.278,89.154,63.516,Roll
0.467,0.268,0.882,-20.702,225.654,-14.656,Roll
0.520,0.052,0.942,-79.774,286.466,-78.409,Roll
-0.008,-0.159,1.586,-138.696,286.685,-175.525,Roll
-0.375,-0.204,1.363,-69.387,286.685,-192.133,Roll
-0.432,0.156,1.324,22.006,286.685,-125.895,Roll
-0.619,0.337,1.140,54.618,281.811,-22.435,Roll
-0.845,0.660,1.180,51.091,131.416,-15.111,Roll
-0.661,0.493,1.027,54.303,-172.288,38.649,Roll
-0.345,-0.100,0.880,71.076,-286.685,115.141,Roll
-0.270,-0.401,0.663,45.159,-286.685,131.224,Roll
0.017,-0.198,0.743,1.715,-286.685,171.054,Roll
0.573,0.029,0.730,-88.034,-286.685,182.901,Roll
0.746,0.351,0.305,-74.856,-286.685,161.464,Roll
0.870,0.275,0.058,1.505,-197.102,123.620,Roll
0.721,0.250,-0.039,82.626,80.141,86.931,Roll
0.360,0.481,0.775,47.268,282.196,-0.298,Roll
0.286,-0.034,0.925,-30.590,286.685,-137.314,Roll
0.120,-0.187,1.224,-25.174,286.685,-202.309,Roll
0.027,-0.234,1.593,-7.997,286.685,-242.497,Roll
-0.132,0.064,1.365,14.551,286.685,-169.041,Roll
-0.211,0.400,1.401,18.725,263.585,-85.916,Roll
-0.398,0.297,1.288,4.375,131.880,-27.860,Roll
-0.522,0.444,1.232,50.960,-29.041,11.042,Roll
-0.283,0.186,1.098,104.213,-242.375,90.493,Roll
-0.287,0.007,0.993,88.821,-286.685,107.310,Roll
-0.023,-0.029,0.937,33.757,-286.685,123.086,Roll
0.228,-0.076,0.788,-33.618,-286.685,183.671,Roll
0.427,-0.084,0.673,-44.275,-286.685,188.667,Roll
0.612,0.104,0.333,-11.882,-285.443,158.322,Roll
0.747,0.220,0.167,27.090,-131.057,105.910,Roll
0.644,0.304,0.331,41.781,133.429,24.999,Roll
0.418,0.095,0.521,6.764,273.901,-44.301,Roll
0.288,0.007,0.914,-6.904,286.685,-191.030,Roll
0.192,-0.425,0.879,-78.540,286.685,-234.579,Roll
-0.143,-0.121,1.017,-35.542,286.685,-153.125,Roll
-0.361,0.239,1.311,15.540,286.685,-59.754,Roll
-0.778,0.243,1.484,25.366,227.789,-50.155,Roll
-0.839,0.410,1.685,36.680,82.084,-31.596,Roll
-0.690,0.175,1.197,52.640,-6.781,2.818,Roll
-0.614,0.138,0.995,75.119,-50.059,34.729,Roll
-0.512,0.125,0.739,103.530,-123.069,94.202,Roll
-0.297,0.155,0.739,109.533,-273.796,116.804,Roll
-0.065,0.066,0.890,47.871,-286.685,147.490,Roll
-0.097,-0.130,0.557,-34.353,-286.685,171.202,Roll
0.081,-0.267,-0.064,-97.799,-286.685,125.353,Roll
0.684,0.321,0.109,-31.885,-286.685,90.414,Roll
1.066,0.466,0.257,25.051,-165.349,65.695,Roll
1.063,0.336,0.221,8.584,79.021,44.975,Roll
0.242,0.229,0.911,21.376,286.685,-16.371,Roll
-0.057,-0.108,1.305,-47.775,286.685,-221.760,Roll
-0.332,-0.149,1.378,-99.698,286.685,-284.786,Roll
-0.573,0.406,1.344,-48.370,286.685,-146.711,Roll
-0.652,0.199,1.238,-39.786,286.422,-104.029,Roll
-0.989,0.551,1.705,57.085,142.546,-75.329,Roll
-0.601,0.235,1.195,64.496,-83.772,2.888,Roll
-0.298,-0.041,0.817,124.381,-282.354,132.562,Roll
-0.128,-0.054,0.786,139.484,-286.685,195.991,Roll
-0.125,-0.074,0.887,37.048,-286.685,213.745,Roll
0.119,-0.266,0.747,-76.116,-286.685,222.871,Roll
0.464,0.233,0.371,-79.074,-286.685,140.140,Roll
0.613,0.355,0.152,-20.169,-283.509,73.325,Roll
0.957,0.390,0.060,32.340,-76.344,5.381,Roll
0.786,0.258,0.043,39.926,281.304,-10.448,Roll
0.401,-0.090,0.982,43.697,286.685,-111.939,Roll
-0.236,-0.120,1.251,-97.011,286.685,-177.503,Roll
-0.216,-0.072,1.365,-90.799,286.685,-170.520,Roll
-0.333,0.160,1.434,-8.680,285.355,-108.089,Roll
-0.588,0.435,1.609,61.031,147.805,-52.430,Roll
-0.760,0.442,1.703,53.086,11.366,-15.304,Roll
-0.399,0.111,1.287,81.165,-236.985,67.226,Roll
-0.282,0.014,0.919,107.118,-286.685,156.730,Roll
-0.030,-0.184,0.593,50.479,-286.685,161.534,Roll
0.303,-0.043,0.700,-11.847,-286.685,158.524,Roll
0.465,0.266,0.468,-43.094,-286.685,145.224,Roll
0.691,0.333,0.062,30.135,-114.503,70.166,Roll
0.678,0.285,0.005,54.390,156.634,1.977,Roll
0.471,0.061,0.307,41.851,284.506,-64.846,Roll
0.098,-0.007,0.980,-48.632,286.685,-149.914,Roll
-0.106,-0.119,1.456,-111.326,286.685,-243.128,Roll
-0.193,-0.078,1.645,-102.200,286.685,-168.919,Roll
-0.395,0.029,1.334,-41.169,286.685,-103.241,Roll
-0.780,0.350,1.380,26.968,253.803,-78.698,Roll
-0.844,0.500,1.511,44.686,128.275,-49.954,Roll
-0.712,0.327,1.052,49.105,26.722,17.325,Roll
-0.552,0.081,0.643,59.377,-40.066,37.135,Roll
-0.369,-0.095,0.380,90.685,-137.655,74.121,Roll
-0.260,0.074,0.756,112.665,-187.994,80.238,Roll
-0.102,0.118,0.777,65.896,-176.899,65.853,Roll
0.063,-0.064,0.146,-32.708,-151.541,54.495,Roll
0.102,-0.026,0.274,-35.166,-53.042,38.325,Roll
-0.073,0.324,0.931,1.759,98.534,38.789,Roll
-0.450,0.464,1.197,-26.302,80.369,61.591,Roll
-0.519,0.330,1.462,-53.987,-106.234,44.091,Roll
-0.210,0.377,1.290,-58.380,-280.420,70.114,Roll
-0.085,-0.019,1.248,-72.529,-286.685,149.739,Roll
0.127,0.117,1.323,-62.886,-286.685,149.949,Roll
0.480,0.052,0.689,-96.434,-286.685,89.425,Roll
0.917,0.095,0.320,-25.603,-286.685,59.062,Roll
1.095,0.338,0.339,33.635,-138.451,52.089,Roll
1.055,0.273,0.275,26.486,19.154,43.776,Roll
0.612,-0.023,0.467,-29.864,248.439,-1.925,Roll
0.224,-0.203,0.533,-34.685,286.685,-109.165,Roll
0.019,-0.236,0.846,16.538,286.685,-202.178,Roll
0.028,-0.206,1.462,40.451,286.685,-208.784,Roll
-0.165,0.172,1.763,0.087,286.685,-158.533,Roll
-0.600,0.288,1.248,-47.784,286.685,-56.507,Roll
-0.885,0.356,1.205,34.370,264.793,-55.195,Roll
-0.607,0.286,1.154,88.961,121.660,-94.806,Roll
-0.442,0.229,0.760,68.128,-8.785,7.359,Roll
-0.323,-0.027,0.462,103.162,-240.984,108.325,Roll
-0.162,-0.164,0.802,89.889,-286.685,149.730,Roll
-0.083,-0.228,0.941,23.800,-286.685,196.149,Roll
-0.031,-0.292,0.558,-43.969,-286.685,195.659,Roll
0.379,0.059,0.205,-59.570,-286.685,139.405,Roll
0.717,0.530,0.126,-10.456,-247.774,80.168,Roll
0.946,0.442,0.237,7.157,-51.494,65.931,Roll
0.737,0.396,0.562,-6.099,285.110,14.079,Roll
-0.161,0.066,1.581,-37.056,286.685,-162.426,Roll
-0.429,-0.562,1.249,-133.499,286.685,-260.111,Roll
-0.544,0.018,1.458,-30.222,286.685,-203.105,Roll
-0.913,0.403,1.418,92.260,286.685,-83.387,Roll
-0.882,0.270,1.059,93.459,206.518,-110.933,Roll
-1.076,0.476,1.214,59.894,94.666,-96.058,Roll
-0.800,0.141,0.988,74.585,-122.911,-3.920,Roll
-0.257,-0.118,0.639,102.051,-282.389,102.419,Roll
-0.316,-0.317,0.742,93.363,-286.685,172.034,Roll
-0.172,-0.114,0.618,47.591,-286.685,173.320,Roll
0.144,-0.122,0.490,-26.084,-286.685,168.674,Roll
0.257,0.257,0.160,-15.479,-286.685,139.239,Roll
0.546,0.234,0.261,19.285,-235.182,86.704,Roll
0.602,0.149,0.412,-6.991,-110.819,142.398,Roll
0.454,0.290,0.390,-36.339,29.724,166.364,Roll
0.418,0.055,0.637,-29.155,136.833,42.910,Roll
0.382,-0.094,1.517,-60.533,89.714,-1.216,Roll
0.434,0.330,1.896,-48.414,132.055,-24.675,Roll
0.244,0.042,1.424,-2.013,273.709,-105.341,Roll
-0.042,0.008,1.468,39.384,286.685,-178.150,Roll
-0.122,0.097,1.704,0.525,286.685,-163.511,Roll
-0.221,0.174,1.135,-25.576,231.490,-110.924,Roll
-0.126,-0.010,0.577,68.066,59.815,-43.356,Roll
-0.187,0.233,0.959,138.810,58.249,-24.640,Roll
-0.339,0.445,1.198,91.884,88.060,-35.507,Roll
-0.292,0.281,0.899,-2.362,58.056,-29.208,Roll
-0.297,-0.171,0.621,-18.288,26.425,-14.210,Roll
-0.326,0.062,1.133,56.018,87.045,-13.913,Roll
-0.479,0.296,1.194,36.479,176.855,-33.548,Roll
-0.693,0.191,0.739,-25.069,207.191,-30.599,Roll
-0.821,0.221,0.859,8.164,186.883,-71.925,Roll
-0.820,0.252,0.947,10.859,171.596,-79.634,Roll
-0.723,0.290,0.822,21.324,124.329,-53.506,Roll
-0.629,0.117,0.440,29.173,37.118,0.105,Roll
-0.634,0.033,0.296,22.487,-76.046,41.037,Roll
-0.619,0.139,0.523,31.640,-148.339,68.827,Roll
-0.612,0.222,0.586,33.399,-279.825,114.205,Roll
-0.586,-0.038,0.968,5.101,-286.685,166.530,Roll
-0.100,-0.012,0.773,-50.881,-286.685,186.454,Roll
0.003,-0.177,0.707,-74.471,-286.685,223.659,Roll
0.563,0.033,0.565,-91.368,-286.685,225.068,Roll
1.014,0.329,0.687,-18.226,-285.994,178.071,Roll
0.926,0.303,0.820,2.196,-108.579,152.189,Roll
0.847,0.261,0.412,-35.516,-4.874,125.580,Roll
0.415,0.116,0.654,-10.281,252.271,4.113,Roll
0.118,-0.329,1.017,-4.314,286.685,-150.124,Roll
0.047,-0.292,1.181,56.857,286.685,-202.641,Roll
-0.125,-0.023,1.344,47.810,286.685,-166.390,Roll
-0.364,0.211,1.428,29.479,286.685,-163.144,Roll
-0.389,0.369,1.318,23.450,286.685,-143.701,Roll
-0.568,0.532,1.246,39.839,286.685,-109.655,Roll
-0.790,0.162,0.877,53.979,255.010,-91.210,Roll
-0.683,0.228,0.746,49.691,101.404,-31.885,Roll
-0.634,0.129,0.524,46.664,-67.427,79.721,Roll
-0.603,-0.026,0.459,64.759,-190.251,121.179,Roll
-0.417,0.056,0.816,79.293,-286.685,143.299,Roll
-0.223,-0.049,0.868,20.423,-286.685,192.561,Roll
-0.048,-0.019,0.805,-34.037,-286.685,227.447,Roll
0.365,-0.167,0.805,-59.526,-286.685,236.232,Roll
0.792,0.367,0.521,-57.934,-286.685,195.081,Roll
0.882,0.227,0.049,-25.786,-128.651,95.051,Roll
0.909,0.206,0.479,20.484,107.450,65.109,Roll
0.516,0.531,0.933,27.510,273.980,16.354,Roll
-0.026,0.051,1.117,-54.740,286.685,-134.260,Roll
-0.373,-0.191,1.180,-86.853,286.685,-225.610,Roll
-0.566,-0.032,1.404,44.257,286.685,-195.545,Roll
-0.602,0.141,1.329,81.183,286.685,-138.644,Roll
-0.757,0.483,1.241,92.015,246.934,-57.286,Roll
-0.731,0.627,1.258,76.265,170.004,-74.279,Roll
-0.646,0.411,0.973,47.084,87.588,-36.382,Roll
-0.515,-0.004,0.488,50.374,2.599,12.119,Roll
-0.479,-0.103,0.534,63.105,-124.390,113.190,Roll
-0.490,0.233,0.624,67.769,-274.531,163.599,Roll
-0.391,0.147,0.558,64.680,-286.685,173.985,Roll
0.064,-0.165,0.847,-2.966,-286.685,198.739,Roll
0.102,-0.017,0.936,-82.005,-286.685,249.086,Roll
0.397,0.614,0.464,-107.607,-286.685,154.490,Roll
0.733,0.186,0.235,-69.143,-286.685,97.300,Roll
0.977,0.217,0.341,20.536,-90.878,89.933,Roll
0.638,0.484,0.817,19.959,227.640,20.825,Roll
0.352,0.200,1.172,-55.720,286.685,-125.580,Roll
-0.054,-0.100,1.282,-90.046,286.685,-185.404,Roll
-0.354,-0.295,1.220,-82.136,286.685,-222.950,Roll
-0.366,0.123,1.344,31.517,286.685,-177.012,Roll
-0.721,0.416,1.341,34.160,269.850,-96.600,Roll
-0.869,0.641,1.536,31.229,154.306,-81.585,Roll
-0.665,0.378,1.365,32.830,-38.202,-60.112,Roll
-0.246,-0.065,0.798,86.669,-244.589,48.151,Roll
-0.142,-0.280,0.531,139.895,-286.685,183.242,Roll
-0.123,-0.040,0.638,107.879,-286.685,214.121,Roll
0.179,-0.329,0.692,-43.076,-286.685,215.128,Roll
0.524,0.184,0.212,-66.588,-286.685,190.908,Roll
0.948,0.565,0.026,68.469,-174.501,87.902,Roll
1.017,0.362,0.215,79.739,48.781,80.701,Roll
0.637,0.105,0.477,39.445,276.054,46.734,Roll
0.086,0.182,0.878,21.989,286.685,-90.738,Roll
-0.083,-0.002,1.251,-42.893,286.685,-233.266,Roll
-0.239,0.017,1.513,-59.054,286.685,-214.576,Roll
-0.453,-0.120,1.399,-12.696,286.685,-194.084,Roll
-0.588,0.183,1.161,44.424,286.685,-138.994,Roll
-0.877,0.660,1.342,45.062,198.135,-56.560,Roll
-0.984,0.587,1.372,34.370,28.709,-57.199,Roll
-0.770,0.159,0.858,60.279,-79.021,-37.153,Roll
-0.364,-0.007,0.620,105.105,-207.314,51.791,Roll
-0.183,0.019,0.670,129.290,-286.685,152.390,Roll
-0.182,-0.093,0.658,90.160,-286.685,172.244,Roll
-0.007,-0.197,0.763,2.293,-286.685,196.140,Roll
0.206,0.048,0.330,-50.619,-286.685,174.003,Roll
0.525,0.394,0.086,-16.459,-214.349,92.356,Roll
0.568,0.421,0.122,-9.188,-79.450,69.309,Roll
0.633,0.241,0.217,-9.887,132.746,32.856,Roll
0.381,-0.037,0.877,-18.165,286.685,-54.408,Roll
-0.014,0.178,1.474,-110.276,286.685,-119.473,Roll
-0.386,-0.044,1.741,-161.280,286.685,-175.971,Roll
-0.729,0.089,1.368,-82.897,286.685,-123.629,Roll
-1.072,0.120,1.235,75.574,258.055,-88.253,Roll
-1.110,0.472,1.352,99.461,136.255,-84.490,Roll
-1.089,0.520,1.205,53.454,44.292,-58.240,Roll
-0.697,0.043,0.650,41.650,-111.921,-13.318,Roll
-0.443,-0.058,0.537,110.600,-262.220,87.176,Roll
-0.200,-0.137,0.761,124.723,-286.685,186.139,Roll
-0.128,-0.160,0.747,79.363,-286.685,267.584,Roll
0.119,-0.244,0.559,-10.246,-286.685,286.685,Roll
0.661,0.063,0.601,-38.990,-286.685,275.712,Roll
0.791,0.493,0.398,20.353,-255.815,154.114,Roll
0.881,0.350,0.160,29.374,-101.019,80.395,Roll
0.874,0.332,0.132,2.494,110.460,31.106,Roll
0.571,0.061,0.949,-44.021,286.571,-80.342,Roll
0.177,-0.058,1.162,-87.491,286.685,-181.598,Roll
-0.243,-0.293,1.027,-63.490,286.685,-213.736,Roll
-0.370,0.034,1.329,13.142,286.685,-212.992,Roll
-0.502,0.271,1.576,36.785,286.685,-111.729,Roll
-0.570,0.296,1.398,12.722,286.064,-109.357,Roll
-0.780,0.510,1.315,28.472,228.891,-117.285,Roll
-0.650,0.305,1.050,63.341,95.445,-68.084,Roll
-0.561,-0.098,0.635,82.346,-38.316,1.916,Roll
-0.406,-0.007,0.491,123.305,-171.719,64.689,Roll
-0.099,0.017,0.885,101.509,-286.685,133.018,Roll
-0.092,-0.206,0.872,50.426,-286.685,264.154,Roll
-0.042,-0.344,0.575,-11.358,-286.685,286.685,Roll
0.278,-0.126,0.331,-33.792,-286.685,263.716,Roll
0.747,0.481,0.250,-16.581,-286.685,209.326,Roll
0.863,0.395,0.165,37.013,-119.473,123.795,Roll
0.880,0.385,0.265,40.976,164.141,39.366,Roll
0.698,0.182,0.505,-15.601,286.318,-26.705,Roll
0.157,0.108,1.290,-128.432,286.685,-150.570,Roll
-0.216,-0.257,1.236,-148.444,286.685,-233.538,Roll
-0.253,-0.106,1.397,-7.927,286.685,-164.658,Roll
-0.465,0.148,1.513,74.279,286.668,-144.786,Roll
-0.710,0.319,1.714,53.760,255.307,-144.891,Roll
-0.692,0.309,1.458,-5.005,139.807,-128.896,Roll
-0.460,0.136,0.978,62.501,47.224,-72.284,Roll
-0.433,0.027,0.773,102.821,34.606,-28.394,Roll
-0.470,-0.054,0.666,136.920,-13.746,21.639,Roll
-0.362,0.115,0.856,146.274,-173.092,93.721,Roll
-0.224,-0.031,0.882,71.243,-285.547,185.456,Roll
-0.088,-0.137,0.487,35.368,-286.685,236.696,Roll
0.229,-0.156,0.532,8.523,-286.685,274.995,Roll
0.512,0.092,0.349,-20.554,-286.685,259.691,Roll
0.650,0.367,0.220,13.834,-246.033,197.111,Roll
0.766,0.351,0.317,60.235,42.210,83.020,Roll
0.683,0.348,0.633,-42.394,116.664,44.100,Roll
0.674,0.363,1.124,-91.656,285.906,-89.434,Roll
0.352,0.048,1.192,-119.114,286.685,-163.599,Roll
-0.270,-0.213,0.916,-41.309,286.685,-186.130,Roll
-0.505,-0.011,1.491,17.159,286.685,-174.046,Roll
-0.654,0.146,1.274,-2.152,286.685,-109.410,Roll
-0.933,0.410,1.193,44.083,286.431,-123.209,Roll
-1.049,0.521,1.509,71.321,183.654,-166.425,Roll
-0.706,-0.104,1.207,74.007,109.384,-113.330,Roll
-0.400,-0.128,0.453,112.385,35.682,-1.540,Roll
-0.355,0.124,0.299,129.902,-66.832,80.710,Roll
-0.429,0.299,0.653,123.594,-235.812,185.316,Roll
-0.234,0.137,0.816,56.674,-286.685,216.930,Roll
-0.003,-0.140,0.475,-8.488,-286.685,283.255,Roll
0.175,-0.187,0.677,-28.464,-286.685,286.685,Roll
0.371,0.190,0.821,-56.464,-286.685,286.685,Roll
0.508,0.414,0.468,-2.424,-261.564,251.204,Roll
0.644,0.404,0.393,18.051,-59.255,98.026,Roll
0.738,0.388,0.417,-29.339,57.636,14.875,Roll
0.661,0.446,0.741,-64.488,263.769,-108.106,Roll
0.293,0.072,1.037,-101.649,286.685,-240.117,Roll
-0.019,-0.275,1.325,-137.944,286.685,-277.506,Roll
-0.389,-0.111,1.333,-118.536,286.685,-213.281,Roll
-0.702,0.185,1.478,-2.879,286.685,-164.544,Roll
-0.779,0.168,1.467,90.116,244.247,-156.870,Roll
-0.856,0.258,1.366,35.210,168.053,-98.324,Roll
-0.799,0.056,0.977,30.301,101.229,-65.826,Roll
-0.578,-0.103,0.552,82.198,-20.396,-29.391,Roll
-0.511,-0.030,0.566,113.654,-141.452,83.379,Roll
-0.464,0.081,0.792,125.632,-283.964,154.122,Roll
-0.310,-0.115,0.719,76.029,-286.685,180.696,Roll
-0.146,-0.199,0.629,33.784,-286.685,207.217,Roll
0.266,-0.308,0.353,-20.090,-286.685,215.259,Roll
0.531,0.253,0.343,-15.382,-286.685,191.336,Roll
0.825,0.590,0.191,26.442,-205.564,118.475,Roll
0.927,0.366,0.399,61.959,98.245,73.448,Roll
0.534,0.210,0.728,-19.862,286.685,1.260,Roll
0.202,0.294,1.078,-53.620,286.685,-63.140,Roll
-0.215,-0.187,0.991,-135.931,286.685,-154.175,Roll
-0.707,0.005,1.689,-46.401,286.685,-158.489,Roll
-0.750,0.262,1.901,45.124,285.696,-108.658,Roll
-0.747,0.190,1.472,30.896,243.040,-71.645,Roll
-0.808,0.272,1.232,49.945,113.452,-61.180,Roll
-0.652,0.310,1.056,84.009,-9.555,-1.312,Roll
-0.600,-0.061,0.799,104.107,-136.106,73.640,Roll
-0.450,-0.183,0.585,136.920,-230.965,115.159,Roll
-0.159,-0.033,0.690,139.930,-286.685,161.945,Roll
-0.196,-0.153,0.443,24.343,-286.685,226.625,Roll
0.198,-0.085,0.250,-21.595,-286.685,238.289,Roll
0.559,0.112,0.115,-8.155,-286.685,199.780,Roll
0.841,0.468,0.232,51.826,-153.379,126.289,Roll
0.780,0.492,0.400,8.330,108.255,58.888,Roll
0.511,0.257,0.655,-31.141,286.011,-30.109,Roll
0.196,0.121,0.891,-88.270,286.685,-110.416,Roll
-0.269,0.083,1.343,-99.365,286.685,-245.490,Roll
-0.624,0.132,1.530,-62.029,286.685,-224.298,Roll
-0.844,0.032,1.485,9.231,282.266,-179.515,Roll
-0.780,0.094,1.174,20.125,254.441,-161.289,Roll
-0.946,0.726,1.416,68.600,162.785,-124.285,Roll
-0.758,0.150,1.005,68.276,29.925,-71.015,Roll
-0.551,-0.188,0.649,80.920,-52.938,8.733,Roll
-0.296,-0.131,0.518,137.253,-155.286,101.649,Roll
-0.424,0.235,0.817,120.181,-260.698,190.295,Roll
-0.278,-0.009,0.883,52.456,-286.685,259.044,Roll
-0.202,-0.191,0.736,-17.754,-286.685,286.685,Roll
0.265,-0.061,0.512,-58.476,-286.685,278.906,Roll
0.687,0.228,0.404,-56.682,-286.685,234.745,Roll
0.831,0.395,0.330,38.237,-131.495,145.583,Roll
0.858,0.444,0.413,38.334,97.431,55.309,Roll
0.672,0.229,0.441,-8.855,246.365,-21.604,Roll
0.210,0.077,1.030,-57.295,286.685,-155.663,Roll
-0.097,0.014,1.136,-91.018,286.685,-220.062,Roll
-0.288,-0.087,1.317,-76.143,286.685,-183.164,Roll
-0.577,0.145,1.349,-18.952,286.685,-177.021,Roll
-0.686,0.301,1.482,50.531,249.742,-137.637,Roll
-0.817,0.430,1.466,39.410,188.781,-112.009,Roll
-0.831,0.343,1.172,53.182,48.186,-69.020,Roll
-0.616,-0.036,0.798,89.434,-58.004,-18.734,Roll
-0.264,-0.230,0.628,146.624,-203.367,111.107,Roll
-0.192,0.088,0.629,134.610,-286.685,226.887,Roll
0.110,0.194,0.737,76.116,-286.685,283.806,Roll
0.191,-0.090,0.922,11.034,-286.685,286.685,Roll
0.441,-0.043,0.683,-48.475,-286.685,286.685,Roll
0.642,0.416,0.362,-5.189,-202.107,190.286,Roll
0.700,0.397,0.315,23.450,-70.919,85.662,Roll
0.773,0.360,0.288,-3.736,48.466,20.212,Roll
0.450,0.114,0.641,-30.573,281.207,-140.376,Roll
0.075,0.123,1.255,-84.140,286.685,-282.188,Roll
-0.099,0.041,1.388,-87.692,286.685,-286.685,Roll
-0.112,0.223,1.363,-37.048,269.465,-256.305,Roll
-0.118,0.217,1.054,-13.186,263.909,-234.491,Roll
-0.461,0.248,1.355,19.049,273.297,-187.425,Roll
-0.697,0.400,1.544,3.649,225.365,-169.155,Roll
-0.626,0.161,1.311,11.760,140.184,-112.394,Roll
-0.522,-0.011,0.879,46.690,48.046,-9.380,Roll
-0.627,0.081,0.906,95.121,-94.561,87.150,Roll
-0.632,0.091,1.096,86.993,-189.910,126.787,Roll
-0.461,-0.152,0.763,61.224,-286.685,138.215,Roll
0.110,-0.308,0.448,60.410,-286.685,147.105,Roll
0.217,-0.112,0.460,37.467,-286.685,190.592,Roll
0.388,0.369,-0.176,21.219,-286.457,119.586,Roll
0.855,0.655,0.084,5.880,-87.850,51.004,Roll
0.617,0.230,0.486,-16.459,244.947,118.107,Roll
0.220,-0.009,0.560,16.590,286.685,68.084,Roll
-0.512,0.385,1.222,71.995,286.685,-85.925,Roll
-0.636,0.503,1.746,-47.232,286.685,-131.626,Roll
-1.124,0.310,1.495,-63.289,286.685,-91.166,Roll
-1.087,0.218,1.289,17.343,272.974,-136.342,Roll
-0.719,0.329,1.001,81.287,128.503,-81.401,Roll
-0.611,0.492,0.882,106.312,12.521,35.149,Roll
-0.503,0.312,0.734,73.876,-69.878,85.076,Roll
-0.464,0.237,0.468,45.509,-99.575,115.973,Roll
-0.610,0.200,0.461,47.040,-209.405,127.356,Roll
-0.372,0.161,0.642,20.536,-286.108,129.596,Roll
-0.292,0.509,0.714,-21.490,-286.685,151.944,Roll
0.123,0.128,0.644,-92.680,-286.685,230.860,Roll
0.169,-0.006,0.971,-141.435,-286.685,286.650,Roll
0.481,0.286,0.743,-115.535,-286.685,261.021,Roll
0.608,0.211,0.620,-40.714,-286.440,211.120,Roll
0.870,0.147,0.391,-36.452,-182.333,124.311,Roll
1.137,0.055,0.517,-59.089,4.095,65.564,Roll
0.857,-0.146,0.660,-49.105,241.229,-51.748,Roll
0.620,-0.295,0.736,-28.201,286.685,-138.994,Roll
0.183,-0.133,0.959,37.179,286.685,-211.881,Roll
0.089,-0.062,0.770,36.943,286.685,-249.279,Roll
0.018,-0.008,1.181,9.091,286.685,-199.570,Roll
-0.347,0.448,1.532,2.616,286.685,-141.059,Roll
-0.462,0.343,1.521,-29.085,286.685,-125.064,Roll
-0.802,-0.030,1.034,-17.824,286.353,-102.016,Roll
-0.794,0.287,0.773,71.348,194.906,-27.501,Roll
-0.828,0.492,0.762,76.694,131.110,19.819,Roll
-1.000,0.179,0.530,57.732,-8.444,53.139,Roll
-0.752,0.216,0.624,80.115,-209.326,56.542,Roll
-0.476,0.193,0.797,27.353,-286.685,85.514,Roll
-0.518,0.104,0.836,-22.907,-286.685,118.186,Roll
-0.156,-0.070,0.673,-66.762,-286.685,93.336,Roll
0.345,0.079,0.598,-84.700,-286.685,85.496,Roll
0.447,0.007,0.323,-71.794,-286.685,83.493,Roll
0.765,0.092,0.654,-2.774,-286.685,100.056,Roll
0.948,0.423,0.767,-1.811,-250.504,101.719,Roll
0.856,0.186,0.423,-13.379,-49.534,72.686,Roll
0.787,0.078,0.424,11.568,92.645,26.504,Roll
0.708,-0.088,0.780,7.280,286.204,-27.195,Roll
0.134,-0.020,1.260,-127.592,286.685,-53.533,Roll
-0.014,-0.109,1.229,-182.481,274.960,-47.364,Roll
-0.145,-0.201,1.070,-122.465,89.766,-27.702,Roll
-0.084,-0.335,1.215,76.457,-251.361,-51.467,Roll
0.322,-0.094,1.085,212.275,-286.685,17.141,Roll
0.700,0.396,0.786,84.726,-286.685,70.192,Roll
0.888,0.317,0.569,-9.844,-284.279,88.016,Roll
0.889,0.159,0.388,22.750,-120.103,80.062,Roll
0.724,0.209,0.598,65.100,77.070,36.820,Roll
0.621,0.106,0.450,42.044,201.827,-51.870,Roll
0.497,-0.187,0.694,25.392,286.685,-89.959,Roll
0.264,-0.244,0.643,6.948,286.685,-111.256,Roll
0.116,0.052,1.000,29.715,286.685,-132.230,Roll
-0.056,0.262,1.381,5.968,286.685,-133.044,Roll
-0.343,0.178,1.412,-58.931,286.685,-89.985,Roll
-0.653,0.044,1.185,-44.345,286.685,-58.266,Roll
-0.778,0.345,1.023,33.862,200.541,-30.923,Roll
-0.835,0.446,0.963,60.769,86.266,-15.286,Roll
-0.823,0.258,0.819,97.659,-107.887,25.480,Roll
-0.474,0.029,0.645,113.794,-275.485,46.305,Roll
-0.191,-0.080,0.770,87.071,-286.685,70.245,Roll
-0.094,-0.071,0.826,43.243,-286.685,139.536,Roll
0.167,0.054,0.544,15.969,-286.685,187.119,Roll
0.410,-0.049,0.539,-32.987,-286.685,193.322,Roll
0.504,0.113,0.510,-71.418,-286.685,185.833,Roll
0.704,0.339,0.255,-25.524,-240.730,138.197,Roll
0.817,0.240,0.064,30.214,-81.235,75.451,Roll
0.959,0.142,0.415,-51.765,134.391,5.241,Roll
0.827,0.014,0.949,-90.562,230.020,-21.980,Roll
0.559,-0.038,1.223,-68.031,286.212,-56.744,Roll
0.206,-0.205,1.264,-8.724,286.685,-138.819,Roll
-0.021,-0.149,1.234,39.708,286.685,-180.548,Roll
-0.272,0.185,1.298,69.431,286.685,-165.366,Roll
-0.496,0.492,1.744,47.355,286.685,-121.634,Roll
-0.706,0.196,1.392,-30.879,286.685,-103.731,Roll
-0.785,0.088,1.031,-34.659,285.871,-84.919,Roll
-0.794,0.128,0.960,34.650,178.622,-19.591,Roll
-0.661,0.142,0.698,55.484,74.795,45.062,Roll
-0.555,0.141,0.352,47.827,-44.345,93.467,Roll
-0.572,0.165,0.466,67.497,-162.820,117.582,Roll
-0.411,0.200,0.766,70.350,-286.554,99.916,Roll
-0.290,-0.157,0.572,-20.519,-286.685,130.664,Roll
0.020,-0.033,0.457,-63.647,-286.685,147.962,Roll
0.212,0.085,0.655,-60.541,-286.685,144.777,Roll
0.711,0.106,0.464,-48.353,-286.685,112.595,Roll
0.976,0.227,0.396,6.816,-286.466,131.574,Roll
1.100,0.427,0.643,13.834,-126.971,93.756,Roll
1.013,0.403,0.513,-2.879,20.475,39.629,Roll
0.912,0.049,0.414,-29.452,256.419,-41.002,Roll
0.408,-0.068,1.061,-79.887,286.685,-101.710,Roll
0.193,-0.170,0.981,-115.640,286.685,-59.701,Roll
-0.087,-0.147,0.738,-28.306,286.685,-47.022,Roll
-0.368,0.173,1.152,101.902,286.685,-130.130,Roll
-0.335,0.176,1.554,30.608,286.685,-126.683,Roll
-0.442,0.206,1.478,-17.325,286.685,-82.442,Roll
-0.704,0.226,1.335,-3.500,223.773,-34.974,Roll
-0.847,0.169,1.337,28.061,129.167,-1.628,Roll
-0.732,0.047,1.032,53.130,21.149,29.452,Roll
-0.540,0.143,0.726,72.389,-105.665,60.646,Roll
-0.201,0.332,0.753,111.606,-274.829,88.830,Roll
-0.226,0.020,0.693,47.171,-286.685,72.030,Roll
0.035,0.012,0.598,7.298,-286.685,97.177,Roll
0.161,-0.101,0.455,8.794,-286.685,116.113,Roll
0.337,-0.069,0.376,1.566,-286.685,127.671,Roll
0.666,0.313,0.223,21.017,-286.685,129.342,Roll
0.811,0.493,0.119,36.811,-239.426,110.933,Roll
0.911,0.535,0.167,35.385,-2.476,34.143,Roll
0.798,0.194,0.849,-11.988,281.461,-59.447,Roll
0.427,-0.120,1.369,-168.289,286.685,-108.132,Roll
0.194,-0.201,1.172,-177.170,286.685,-115.692,Roll
-0.125,-0.173,0.924,-74.463,286.685,-68.670,Roll
-0.447,0.252,1.334,27.851,286.685,-90.361,Roll
-0.698,0.213,1.678,14.403,286.142,-104.904,Roll
-0.602,0.138,1.531,-27.388,237.720,-59.482,Roll
-0.562,0.089,1.112,-23.188,183.654,-19.696,Roll
-0.507,0.211,0.830,35.971,133.061,23.573,Roll
-0.628,0.316,0.707,43.978,21.542,52.167,Roll
-0.758,0.051,0.643,67.034,-79.319,48.143,Roll
-0.590,0.158,0.769,117.434,-232.566,13.773,Roll
-0.266,-0.055,0.938,55.125,-286.685,35.639,Roll
-0.250,-0.197,0.693,21.683,-286.685,113.978,Roll
-0.080,-0.133,0.555,19.801,-286.685,115.692,Roll
0.302,-0.089,0.408,-19.504,-286.685,120.418,Roll
0.766,0.337,0.284,-23.966,-286.685,96.311,Roll
1.037,0.486,0.243,31.938,-208.285,50.549,Roll
1.206,0.534,0.284,56.499,33.399,24.176,Roll
0.756,0.186,0.451,56.910,286.685,-17.080,Roll
0.126,0.121,1.283,-60.804,286.685,-113.978,Roll
-0.032,-0.283,0.778,-173.189,286.685,-164.693,Roll
-0.189,-0.028,1.133,-100.721,286.685,-98.376,Roll
-0.643,0.194,1.503,-8.873,286.685,-86.713,Roll
-0.829,0.110,1.429,-30.739,286.685,-90.011,Roll
-0.910,0.236,1.491,13.729,149.205,-38.202,Roll
-0.688,0.151,1.107,39.112,-8.488,-6.869,Roll
-0.406,-0.096,0.623,135.529,-179.454,86.494,Roll
-0.213,0.044,0.610,166.057,-286.038,154.219,Roll
-0.034,0.189,0.800,139.300,-286.685,189.630,Roll
0.001,-0.037,0.826,30.546,-286.685,218.496,Roll
0.194,-0.025,0.425,-64.146,-286.685,206.124,Roll
0.556,0.308,0.215,-1.102,-269.010,116.594,Roll
0.612,0.392,0.268,38.868,-117.180,77.543,Roll
0.630,0.397,0.208,17.587,139.650,7.455,Roll
0.179,0.400,0.843,-6.939,286.685,-97.816,Roll
0.072,0.113,1.378,-137.069,286.685,-215.880,Roll
-0.174,0.105,1.463,-187.723,286.685,-229.128,Roll
-0.545,0.015,1.275,-94.771,286.685,-90.562,Roll
-0.851,0.005,1.382,-0.087,266.892,-76.571,Roll
-0.920,0.254,1.682,27.099,155.348,-81.489,Roll
-0.845,0.207,1.538,-2.100,53.944,-49.245,Roll
-0.449,-0.042,0.835,42.647,-38.754,8.890,Roll
-0.451,0.014,0.504,91.131,-67.253,64.225,Roll
-0.505,0.156,0.639,103.548,-170.292,86.004,Roll
-0.365,0.175,0.787,123.594,-279.825,80.001,Roll
-0.090,-0.089,0.889,67.139,-286.685,91.753,Roll
-0.029,-0.205,0.680,-9.389,-286.685,149.074,Roll
0.145,0.036,0.506,-20.011,-286.685,151.883,Roll
0.429,0.275,0.517,2.380,-286.685,130.182,Roll
0.688,0.204,0.404,-1.356,-286.685,147.280,Roll
0.967,0.573,0.264,54.425,-131.661,106.522,Roll
0.985,0.545,0.286,55.781,72.809,16.459,Roll
0.624,0.242,0.897,-13.230,286.685,-116.970,Roll
0.364,-0.091,1.188,-132.667,286.685,-156.100,Roll
-0.054,-0.187,0.783,-173.189,286.685,-154.989,Roll
-0.229,0.029,0.890,-73.745,286.685,-100.301,Roll
-0.647,0.246,1.403,18.778,286.685,-91.262,Roll
-0.986,0.153,1.887,-14.761,245.158,-126.849,Roll
-0.720,0.193,1.641,-39.454,114.161,-73.894,Roll
-0.481,0.093,1.062,-14.114,34.974,-4.235,Roll
-0.438,-0.068,0.619,86.354,-102.384,81.769,Roll
-0.406,-0.022,0.719,145.434,-242.760,116.279,Roll
-0.158,0.095,0.942,128.030,-286.685,135.012,Roll
-0.115,-0.082,0.631,47.556,-286.685,154.481,Roll
-0.000,-0.085,0.473,-25.253,-286.685,155.549,Roll
0.463,0.129,0.396,-1.732,-286.685,130.961,Roll
0.754,0.178,0.214,48.737,-222.609,106.785,Roll
0.813,0.328,0.410,44.144,-54.127,76.895,Roll
0.651,0.345,0.585,18.926,202.038,-1.216,Roll
0.232,0.186,1.087,-26.407,286.685,-125.090,Roll
0.041,-0.020,1.069,-120.234,286.685,-205.747,Roll
-0.164,0.078,1.110,-120.103,286.685,-176.059,Roll
-0.438,0.079,1.262,-34.746,286.685,-145.092,Roll
-0.720,0.028,1.500,14.070,242.935,-125.143,Roll
-0.743,0.204,1.498,12.224,153.247,-75.101,Roll
-0.697,0.319,1.360,32.603,47.399,9.940,Roll
-0.679,0.124,0.950,50.006,-27.064,46.366,Roll
-0.511,-0.043,0.630,81.777,-129.789,92.628,Roll
-0.420,0.061,0.717,117.049,-242.113,134.855,Roll
-0.281,0.141,0.743,123.445,-286.685,158.585,Roll
-0.114,0.089,0.766,65.713,-286.685,194.530,Roll
0.153,-0.214,0.285,-17.999,-286.685,197.514,Roll
0.585,0.294,0.319,18.401,-286.589,187.714,Roll
0.664,0.505,0.346,58.153,-245.971,161.700,Roll
0.791,0.428,0.441,70.052,-110.994,85.146,Roll
0.882,0.343,0.466,-5.049,128.791,-5.863,Roll
0.596,0.301,0.798,-88.961,286.685,-153.318,Roll
0.284,0.189,1.231,-117.232,286.685,-236.959,Roll
-0.115,-0.042,1.071,-118.457,286.685,-231.709,Roll
-0.294,0.042,1.054,-102.375,286.685,-163.923,Roll
-0.699,0.220,1.432,-72.065,286.685,-178.159,Roll
-0.717,0.264,1.538,-54.320,284.060,-157.675,Roll
-0.746,0.245,1.504,23.756,176.277,-75.110,Roll
-0.722,-0.065,0.971,25.130,71.269,-2.100,Roll
-0.696,0.034,0.792,44.301,-24.920,38.518,Roll
-0.703,0.092,0.818,51.835,-97.466,71.785,Roll
-0.511,-0.049,0.734,103.075,-259.297,114.126,Roll
-0.214,-0.098,0.803,112.245,-286.685,128.021,Roll
-0.062,-0.071,0.616,37.721,-286.685,155.925,Roll
0.071,0.043,0.411,-0.507,-286.685,155.479,Roll
0.359,0.132,0.196,22.269,-286.685,140.201,Roll
0.535,0.274,0.141,63.061,-199.159,100.835,Roll
0.563,0.334,0.154,51.774,2.380,60.428,Roll
0.533,0.299,0.411,4.489,98.691,33.871,Roll
0.348,0.278,0.864,-57.785,165.340,6.904,Roll
0.125,0.016,1.492,-147.053,125.475,-30.266,Roll
0.102,-0.035,1.752,-121.152,11.462,-7.761,Roll
0.126,0.043,1.728,-77.481,-107.914,24.570,Roll
0.299,0.210,1.402,58.835,-272.405,66.544,Roll
0.687,0.335,1.020,52.911,-264.775,76.659,Roll
0.831,0.340,0.790,19.539,-165.576,31.421,Roll
0.777,0.330,0.849,-7.516,38.465,-12.959,Roll
0.533,0.095,1.036,-20.169,197.750,-46.979,Roll
0.219,0.025,0.779,-3.062,286.685,-92.715,Roll
-0.038,-0.045,0.909,3.622,286.685,-141.768,Roll
-0.238,0.037,1.009,31.850,286.685,-168.035,Roll
-0.308,0.161,1.300,-45.447,286.685,-173.556,Roll
-0.498,0.040,1.029,-42.866,286.685,-111.326,Roll
-0.638,0.188,1.018,23.161,286.685,-39.979,Roll
-0.699,0.407,0.993,52.360,198.485,5.416,Roll
-0.710,0.262,0.678,44.739,66.938,4.104,Roll
-0.638,0.216,0.473,47.801,-83.449,14.525,Roll
-0.520,0.081,0.571,67.821,-187.294,54.679,Roll
-0.501,0.059,0.809,60.812,-284.314,89.469,Roll
-0.338,-0.125,0.633,31.570,-286.685,91.665,Roll
-0.112,-0.035,0.547,25.769,-286.685,107.336,Roll
0.094,0.170,0.664,19.784,-286.685,139.991,Roll
0.396,0.130,0.320,1.663,-286.685,121.021,Roll
0.656,0.065,0.379,16.966,-284.664,140.035,Roll
0.671,0.223,0.818,42.376,-208.574,166.924,Roll
0.661,0.537,1.101,20.589,-96.565,135.327,Roll
0.629,0.363,0.669,-37.153,49.647,6.195,Roll
0.672,0.132,0.810,-86.993,231.875,-77.061,Roll
0.462,0.228,1.073,-81.935,286.668,-84.044,Roll
-0.015,0.003,1.040,-97.624,286.685,-146.991,Roll
-0.328,-0.011,1.211,-54.801,286.685,-180.635,Roll
-0.439,0.070,1.445,-14.875,286.685,-127.137,Roll
-0.740,0.091,1.442,-27.702,286.685,-87.001,Roll
-0.902,0.256,1.176,3.622,285.416,-46.025,Roll
-0.912,0.309,1.083,32.743,163.345,-24.885,Roll
-0.696,0.155,0.852,47.460,58.153,12.259,Roll
-0.518,-0.036,0.504,67.629,-90.055,66.771,Roll
-0.443,0.044,0.516,79.713,-216.151,135.284,Roll
-0.374,0.210,0.754,60.568,-286.685,154.140,Roll
-0.360,0.037,0.857,39.375,-286.685,172.244,Roll
-0.160,-0.150,0.854,-42.166,-286.685,160.029,Roll
0.186,-0.024,0.643,-98.315,-286.685,142.835,Roll
0.595,0.071,0.411,-65.196,-286.685,144.226,Roll
0.729,0.146,0.251,-1.496,-286.685,154.280,Roll
0.932,0.473,0.081,95.786,-111.606,100.336,Roll
0.972,0.323,0.221,9.118,90.519,26.215,Roll
0.693,0.022,0.785,-38.377,278.259,-46.217,Roll
0.388,-0.002,1.352,-40.119,286.685,-102.445,Roll
0.161,-0.108,1.152,-13.895,286.685,-147.551,Roll
-0.181,-0.020,1.221,-28.542,286.685,-183.339,Roll
-0.331,0.129,1.326,-31.290,286.685,-179.629,Roll
-0.534,0.207,1.341,-28.490,286.685,-157.229,Roll
-0.685,0.166,1.408,-13.983,286.685,-109.305,Roll
-0.764,0.154,1.178,8.584,209.580,-50.452,Roll
-0.668,0.207,1.000,42.149,54.197,23.564,Roll
-0.645,0.021,0.802,71.146,-49.647,67.839,Roll
-0.475,0.015,0.563,80.500,-176.348,110.136,Roll
-0.350,0.122,0.632,97.606,-284.051,169.286,Roll
-0.315,0.057,0.651,82.381,-286.685,176.234,Roll
-0.115,-0.112,0.523,37.345,-286.685,153.947,Roll
0.295,0.171,0.559,18.559,-286.685,148.934,Roll
0.444,0.207,0.566,1.750,-285.451,161.542,Roll
0.495,0.136,0.496,8.269,-220.553,139.956,Roll
0.513,0.194,0.420,10.981,-82.574,84.534,Roll
0.603,0.254,0.253,-31.308,81.156,6.624,Roll
0.624,0.277,0.539,-54.583,250.057,-75.661,Roll
0.143,0.292,1.142,-56.368,286.685,-135.424,Roll
-0.087,0.200,1.840,-122.859,286.685,-199.351,Roll
-0.344,0.120,1.725,-165.690,286.685,-202.387,Roll
-0.556,0.220,1.352,-32.952,281.041,-111.598,Roll
-0.677,0.094,1.334,31.526,239.076,-85.540,Roll
-0.693,0.058,1.418,21.438,193.594,-57.138,Roll
-0.671,0.234,1.171,-9.800,152.276,-15.479,Roll
-0.546,0.085,0.752,13.799,72.756,10.010,Roll
-0.514,-0.108,0.654,50.908,10.045,32.524,Roll
-0.444,-0.003,0.692,69.457,-76.221,90.956,Roll
-0.328,0.213,0.802,66.859,-183.671,130.812,Roll
-0.375,0.126,0.820,44.222,-278.276,124.801,Roll
-0.302,-0.003,0.842,10.999,-286.685,105.236,Roll
-0.153,-0.012,0.637,0.157,-286.685,97.396,Roll
0.089,0.167,0.631,19.320,-286.685,82.889,Roll
0.184,-0.034,0.579,23.441,-286.685,94.176,Roll
0.432,-0.046,0.648,-9.783,-286.685,110.084,Roll
0.767,0.117,0.506,-36.986,-286.685,95.856,Roll
1.061,0.388,0.400,4.576,-195.956,39.314,Roll
1.174,0.397,0.446,21.840,-74.952,11.830,Roll
1.000,0.271,0.449,27.659,136.754,-14.000,Roll
0.735,0.086,0.748,30.354,286.685,-85.129,Roll
0.491,0.176,1.068,-85.724,286.685,-132.755,Roll
0.196,-0.074,0.845,-144.428,286.685,-148.820,Roll
-0.024,-0.019,0.899,-69.221,286.685,-124.442,Roll
-0.179,0.147,1.139,24.378,286.685,-116.497,Roll
-0.277,0.212,1.299,-14.534,276.290,-104.825,Roll
-0.398,0.198,1.381,-55.746,271.731,-95.506,Roll
-0.536,0.245,1.217,-66.080,202.458,-61.871,Roll
-0.601,0.235,1.121,-26.014,100.993,-0.543,Roll
-0.636,0.121,0.978,52.264,-48.641,72.275,Roll
-0.566,0.077,0.875,83.720,-144.594,100.231,Roll
-0.243,0.190,0.778,88.077,-254.861,121.459,Roll
-0.021,0.286,0.925,68.136,-286.685,138.014,Roll
0.025,0.057,0.909,18.804,-286.685,139.869,Roll
0.244,-0.155,0.754,1.881,-286.685,143.841,Roll
0.480,-0.057,0.653,0.639,-286.685,164.395,Roll
0.646,0.177,0.510,14.752,-286.388,153.265,Roll
0.722,0.269,0.358,25.340,-225.829,130.848,Roll
0.767,0.353,0.142,36.566,-33.854,52.500,Roll
0.616,0.268,0.266,40.722,230.834,-64.409,Roll
0.344,0.245,1.087,-24.833,286.685,-199.491,Roll
0.139,-0.072,1.221,-153.247,286.685,-270.104,Roll
-0.038,-0.146,1.117,-210.630,286.685,-234.159,Roll
-0.120,-0.049,1.129,-84.044,286.685,-125.011,Roll
-0.501,-0.177,1.218,31.264,286.676,-87.106,Roll
-0.760,0.217,1.586,22.304,221.497,-62.002,Roll
-0.718,0.450,1.578,21.577,127.619,-41.991,Roll
-0.593,0.190,1.220,26.478,29.829,-5.171,Roll
-0.495,-0.046,0.836,30.905,-24.972,29.199,Roll
-0.501,-0.062,0.746,47.731,-96.276,100.931,Roll
-0.456,0.064,0.828,72.345,-175.411,144.952,Roll
-0.306,0.145,0.869,72.179,-286.685,151.961,Roll
-0.113,-0.008,0.594,56.682,-286.685,129.526,Roll
0.012,-0.048,0.480,45.719,-286.685,138.119,Roll
0.304,-0.032,0.292,28.263,-286.685,165.314,Roll
0.626,0.279,0.389,39.874,-286.685,199.544,Roll
0.712,0.269,0.193,64.689,-277.427,172.217,Roll
0.925,0.302,0.325,62.606,-167.046,130.751,Roll
0.961,0.225,0.387,22.173,58.835,42.928,Roll
0.717,0.292,0.731,14.245,284.760,-131.040,Roll
0.553,0.344,1.384,-83.580,286.685,-284.541,Roll
0.066,0.114,1.401,-167.982,286.685,-286.685,Roll
-0.070,-0.010,1.027,-189.928,286.685,-263.419,Roll
-0.114,0.023,0.889,-85.277,234.404,-153.064,Roll
-0.212,-0.057,1.225,56.936,177.861,-62.939,Roll
-0.445,0.229,1.401,42.691,150.850,-23.397,Roll
-0.516,0.403,1.270,15.619,66.745,-2.467,Roll
-0.507,0.343,1.251,35.333,34.484,-14.569,Roll
-0.485,0.096,1.153,27.729,32.673,-2.074,Roll
-0.411,-0.061,1.094,22.829,29.645,53.331,Roll
-0.458,0.126,0.961,21.927,50.417,83.475,Roll
-0.333,0.306,0.789,14.333,17.255,94.360,Roll
-0.242,0.262,0.705,23.083,-54.609,107.319,Roll
-0.209,0.070,0.637,87.675,-208.574,133.219,Roll
-0.061,0.162,0.658,82.302,-286.685,116.016,Roll
0.011,0.213,0.472,17.631,-286.685,114.354,Roll
0.252,0.060,0.338,1.846,-286.685,125.650,Roll
0.446,0.192,0.517,53.069,-286.685,134.137,Roll
0.513,0.051,0.673,48.186,-286.685,130.095,Roll
0.693,0.171,0.614,35.403,-266.586,140.429,Roll
1.034,0.561,0.489,1.680,-135.809,113.243,Roll
0.956,0.462,0.356,10.701,65.695,14.017,Roll
0.705,0.200,0.732,5.346,261.371,-114.074,Roll
0.483,0.300,1.120,-10.115,286.685,-178.526,Roll
0.385,0.299,1.148,-90.738,286.685,-222.031,Roll
0.097,0.096,0.674,-108.124,286.685,-212.564,Roll
-0.094,0.133,0.747,-86.109,278.381,-146.921,Roll
-0.154,0.383,1.174,-59.701,245.840,-138.539,Roll
-0.323,0.609,1.601,-20.571,206.421,-115.045,Roll
-0.524,0.521,1.560,-35.700,163.188,-70.936,Roll
-0.631,0.327,1.388,-25.865,107.651,-40.320,Roll
-0.639,0.277,1.246,-34.755,59.176,-10.421,Roll
-0.537,0.162,1.154,-33.915,-2.695,39.568,Roll
-0.322,0.012,0.895,-15.094,4.340,40.731,Roll
-0.298,-0.046,0.842,-6.825,37.739,34.519,Roll
-0.162,0.020,0.672,14.639,52.806,40.749,Roll
-0.057,0.061,0.508,7.656,105.368,7.114,Roll
-0.077,0.218,0.331,2.730,111.361,26.311,Roll
-0.191,0.379,0.415,24.798,66.141,52.465,Roll
-0.592,0.337,0.762,52.815,-52.071,54.521,Roll
-0.512,0.201,0.968,46.296,-213.421,21.945,Roll
-0.383,0.125,0.834,37.310,-286.685,72.511,Roll
-0.230,0.027,0.693,55.335,-286.685,100.511,Roll
0.184,0.240,0.788,81.043,-286.685,125.396,Roll
0.224,0.111,0.739,68.714,-286.685,171.929,Roll
0.338,0.062,0.636,54.294,-286.685,187.110,Roll
0.626,0.503,0.293,58.537,-286.685,133.254,Roll
1.081,0.425,0.318,-8.741,-193.506,56.446,Roll
1.194,0.392,0.454,-27.431,148.531,2.214,Roll
0.711,0.583,0.973,-16.958,286.685,-82.976,Roll
0.295,0.221,1.379,-161.245,286.685,-223.729,Roll
0.071,-0.078,1.134,-189.324,286.685,-202.510,Roll
-0.349,0.252,1.049,-100.397,286.685,-107.012,Roll
-0.517,0.384,1.223,-58.441,286.685,-124.854,Roll
-0.797,0.309,1.489,-37.153,286.685,-124.425,Roll
-0.928,0.333,1.535,23.214,261.765,-129.176,Roll
-0.814,0.256,1.158,-0.779,174.773,-98.114,Roll
-0.630,0.192,0.683,-11.489,82.819,-36.269,Roll
-0.438,-0.112,0.233,38.150,-79.826,76.930,Roll
-0.350,-0.035,0.569,129.465,-211.024,133.901,Roll
-0.277,0.070,0.767,74.393,-285.425,152.863,Roll
-0.252,-0.105,0.745,32.769,-286.685,195.834,Roll
-0.159,-0.118,0.612,56.560,-286.685,221.865,Roll
0.352,0.122,0.496,38.351,-286.685,185.202,Roll
0.763,0.369,0.372,-7.840,-282.310,134.426,Roll
0.832,0.378,0.317,-29.767,-164.771,127.838,Roll
0.801,0.441,0.208,-1.461,-0.245,82.022,Roll
0.714,0.254,0.513,4.629,164.159,-20.466,Roll
0.432,0.197,1.379,-62.405,286.431,-94.736,Roll
0.177,0.119,1.550,-117.381,286.685,-125.808,Roll
-0.135,0.113,1.400,-113.680,286.685,-165.042,Roll
