2026-08-27 16:00:43,764 [INFO] Activator:176 - 


2026-08-27 16:00:43,764 [INFO] Activator:177 - !SESSION log4j initialized
2026-08-27 16:00:45,896 [INFO] LogOutputStream:77 - [STDOUT_REDIRECT] 
2026-08-27 16:00:47,675 [INFO] ApplicationProperties:184 - Using Application install path: C:\ST\STM32CubeIDE_1.19.0\STM32CubeIDE\plugins\com.st.stm32cube.common.mx_6.15.0.202507011659
2026-08-27 16:00:47,685 [INFO] DbMcusXml:78 - Set database path to: C:\ST\STM32CubeIDE_1.19.0\STM32CubeIDE\plugins\com.st.stm32cube.common.mx_6.15.0.202507011659\\db\/mcu/
2026-08-27 16:00:47,685 [INFO] ApiDb:274 - Set plugin database path to: C:\ST\STM32CubeIDE_1.19.0\STM32CubeIDE\plugins\com.st.stm32cube.common.mx_6.15.0.202507011659\\db\/plugins/boardmanager/
2026-08-27 16:00:47,686 [WARN] ApiDb:259 - Overriding images path with different value:  => C:\ST\STM32CubeIDE_1.19.0\STM32CubeIDE\plugins\com.st.stm32cube.common.mx_6.15.0.202507011659\\db\/plugins/mcufinder/images/
2026-08-27 16:00:48,552 [WARN] ApiFinderProperties:113 - C:\Users\student\.stmcufinder\plugins\mcufinder\mcu\mcuFinder.mfd doesn't exist
2026-08-27 16:00:48,553 [INFO] ApiDb:250 - Set database path to: C:\Users\student\.stmcufinder\plugins\mcufinder//mcu/
2026-08-27 16:00:48,554 [INFO] DbMcusAds:125 - Set database path to: C:\Users\student\.stmcufinder\plugins\mcufinder//mcu/
2026-08-27 16:00:48,555 [INFO] CrossReferenceDbSqlite:203 - Set database path to: C:\Users\student\.stmcufinder\plugins\mcufinder//mcu/cs/
2026-08-27 16:00:48,628 [INFO] RulesReader:64 - Compatibility file has been processed (317 Rules)
2026-08-27 16:00:48,685 [INFO] DbMcusXml:78 - Set database path to: C:\ST\STM32CubeIDE_1.19.0\STM32CubeIDE\plugins\com.st.stm32cube.common.mx_6.15.0.202507011659\\db\/mcu/
2026-08-27 16:00:48,685 [INFO] ApiDb:274 - Set plugin database path to: C:\ST\STM32CubeIDE_1.19.0\STM32CubeIDE\plugins\com.st.stm32cube.common.mx_6.15.0.202507011659\\db\/plugins/boardmanager/
2026-08-27 16:00:48,685 [INFO] ApiDb:261 - Set plugin images path to: C:\ST\STM32CubeIDE_1.19.0\STM32CubeIDE\plugins\com.st.stm32cube.common.mx_6.15.0.202507011659\\db\/plugins/mcufinder/images/
2026-08-27 16:00:48,685 [WARN] DbFile:41 - Overriding database path with different value: C:\Users\student\.stmcufinder\plugins\mcufinder/ => C:\Users\student\.stmcufinder\plugins\mcufinder
2026-08-27 16:00:48,685 [INFO] ApiDb:250 - Set database path to: C:\Users\student\.stmcufinder\plugins\mcufinder//mcu/
2026-08-27 16:00:48,685 [WARN] DbFile:41 - Overriding database path with different value: C:\Users\student\.stmcufinder\plugins\mcufinder/ => C:\Users\student\.stmcufinder\plugins\mcufinder
2026-08-27 16:00:48,685 [INFO] DbMcusAds:125 - Set database path to: C:\Users\student\.stmcufinder\plugins\mcufinder//mcu/
2026-08-27 16:00:48,686 [WARN] DbFile:41 - Overriding database path with different value: C:\Users\student\.stmcufinder\plugins\mcufinder/ => C:\Users\student\.stmcufinder\plugins\mcufinder
2026-08-27 16:00:48,686 [WARN] DbFile:41 - Overriding database path with different value: C:\Users\student\.stmcufinder\plugins\mcufinder/ => C:\Users\student\.stmcufinder\plugins\mcufinder
2026-08-27 16:00:48,686 [INFO] CrossReferenceDbSqlite:203 - Set database path to: C:\Users\student\.stmcufinder\plugins\mcufinder//mcu/cs/
2026-08-27 16:00:48,730 [INFO] MainPanel:274 - HeapMemory: 268435456
2026-08-27 16:00:48,779 [INFO] DbMcusXml:78 - Set database path to: C:\ST\STM32CubeIDE_1.19.0\STM32CubeIDE\plugins\com.st.stm32cube.common.mx_6.15.0.202507011659\\db\/mcu/
2026-08-27 16:00:48,779 [INFO] ApiDb:274 - Set plugin database path to: C:\ST\STM32CubeIDE_1.19.0\STM32CubeIDE\plugins\com.st.stm32cube.common.mx_6.15.0.202507011659\\db\/plugins/boardmanager/
2026-08-27 16:00:48,779 [INFO] ApiDb:261 - Set plugin images path to: C:\ST\STM32CubeIDE_1.19.0\STM32CubeIDE\plugins\com.st.stm32cube.common.mx_6.15.0.202507011659\\db\/plugins/mcufinder/images/
2026-08-27 16:00:48,779 [WARN] DbFile:41 - Overriding database path with different value: C:\Users\student\.stmcufinder\plugins\mcufinder/ => C:\Users\student\.stmcufinder\plugins\mcufinder
2026-08-27 16:00:48,780 [INFO] ApiDb:250 - Set database path to: C:\Users\student\.stmcufinder\plugins\mcufinder//mcu/
2026-08-27 16:00:48,780 [WARN] DbFile:41 - Overriding database path with different value: C:\Users\student\.stmcufinder\plugins\mcufinder/ => C:\Users\student\.stmcufinder\plugins\mcufinder
2026-08-27 16:00:48,780 [INFO] DbMcusAds:125 - Set database path to: C:\Users\student\.stmcufinder\plugins\mcufinder//mcu/
2026-08-27 16:00:48,780 [WARN] DbFile:41 - Overriding database path with different value: C:\Users\student\.stmcufinder\plugins\mcufinder/ => C:\Users\student\.stmcufinder\plugins\mcufinder
2026-08-27 16:00:48,780 [WARN] DbFile:41 - Overriding database path with different value: C:\Users\student\.stmcufinder\plugins\mcufinder/ => C:\Users\student\.stmcufinder\plugins\mcufinder
2026-08-27 16:00:48,780 [INFO] CrossReferenceDbSqlite:203 - Set database path to: C:\Users\student\.stmcufinder\plugins\mcufinder//mcu/cs/
2026-08-27 16:00:48,792 [INFO] ApplicationProperties:184 - Using Application install path: C:\ST\STM32CubeIDE_1.19.0\STM32CubeIDE\plugins\com.st.stm32cube.common.mx_6.15.0.202507011659
2026-08-27 16:00:48,793 [INFO] PluginManage:196 - Search for loadable plugins [exclusion list=, ]
2026-08-27 16:00:48,794 [INFO] PluginManage:310 - Check plugin analytics
2026-08-27 16:00:48,931 [INFO] AnalyticsPlugin:253 - Accepted Software Licenses: 
2026-08-27 16:00:48,931 [INFO] AnalyticsPlugin:255 - Accepted CMSIS Pack Licenses: 
2026-08-27 16:00:48,931 [INFO] AnalyticsPlugin:257 - Accepted Firmware Licenses: 
2026-08-27 16:00:48,934 [INFO] PluginManage:359 - Loaded plugin analytics (category:tool,tabindex:-1)
2026-08-27 16:00:48,934 [INFO] PluginManage:310 - Check plugin cadmodel
2026-08-27 16:00:48,937 [INFO] CADModel:105 - Init CAD model plugin
2026-08-27 16:00:48,937 [INFO] PluginManage:359 - Loaded plugin cadmodel (category:power,tabindex:5)
2026-08-27 16:00:48,938 [INFO] PluginManage:310 - Check plugin clock
2026-08-27 16:00:48,950 [INFO] PluginManage:359 - Loaded plugin clock (category:base,tabindex:2)
2026-08-27 16:00:48,951 [INFO] PluginManage:310 - Check plugin ddr
2026-08-27 16:00:48,952 [INFO] PluginManage:359 - Loaded plugin ddr (category:tool,tabindex:6)
2026-08-27 16:00:48,953 [INFO] PluginManage:310 - Check plugin filemanager
2026-08-27 16:00:49,075 [INFO] PluginManage:359 - Loaded plugin filemanager (category:base,tabindex:10)
2026-08-27 16:00:49,075 [INFO] PluginManage:310 - Check plugin ipmanager
2026-08-27 16:00:49,080 [INFO] PluginManage:359 - Loaded plugin ipmanager (category:base,tabindex:5)
2026-08-27 16:00:49,080 [INFO] PluginManage:310 - Check plugin lpbam
2026-08-27 16:00:49,085 [INFO] PluginManage:359 - Loaded plugin lpbam (category:base,tabindex:0)
2026-08-27 16:00:49,085 [INFO] PluginManage:310 - Check plugin memorymap
2026-08-27 16:00:49,093 [INFO] PluginManage:359 - Loaded plugin memorymap (category:base,tabindex:4)
2026-08-27 16:00:49,093 [INFO] PluginManage:310 - Check plugin pinoutandconfiguration
2026-08-27 16:00:49,098 [INFO] PluginManage:359 - Loaded plugin pinoutandconfiguration (category:base,tabindex:1)
2026-08-27 16:00:49,099 [INFO] PluginManage:310 - Check plugin pinoutconfig
2026-08-27 16:00:49,156 [WARN] SupportedApi:132 - Cannot load RTOS API schema: s4s-elt-must-match.1: The content of 'definitions' must match (annotation?, (simpleType | complexType)?, (unique | key | keyref)*)). A problem was found starting at: attribute.
2026-08-27 16:00:49,246 [INFO] PluginManage:359 - Loaded plugin pinoutconfig (category:base,tabindex:0)
2026-08-27 16:00:49,246 [INFO] PluginManage:310 - Check plugin power
2026-08-27 16:00:49,251 [INFO] PluginManage:359 - Loaded plugin power (category:power,tabindex:4)
2026-08-27 16:00:49,251 [INFO] PluginManage:310 - Check plugin projectmanager
2026-08-27 16:00:49,262 [INFO] PluginManage:359 - Loaded plugin projectmanager (category:projectmanager,tabindex:4)
2026-08-27 16:00:49,262 [INFO] PluginManage:310 - Check plugin rif
2026-08-27 16:00:49,267 [INFO] PluginManage:359 - Loaded plugin rif (category:base,tabindex:3)
2026-08-27 16:00:49,267 [INFO] PluginManage:310 - Check plugin thirdparty
2026-08-27 16:00:49,340 [INFO] PluginManage:359 - Loaded plugin thirdparty (category:base,tabindex:-1)
2026-08-27 16:00:49,340 [WARN] IntegrityCheckThread:84 - waiting for thirdparty lock release [integrity check]
2026-08-27 16:00:49,341 [INFO] IntegrityCheckThread:86 - entering critical section [integrity check]
2026-08-27 16:00:49,341 [INFO] PluginManage:310 - Check plugin tools
2026-08-27 16:00:49,341 [INFO] ThirdPartyUpdaterWithRetryManager:70 - Updater plugin not ready yet. [1/15]
2026-08-27 16:00:49,343 [INFO] PluginManage:359 - Loaded plugin tools (category:base,tabindex:7)
2026-08-27 16:00:49,343 [INFO] PluginManage:310 - Check plugin tutovideos
2026-08-27 16:00:49,459 [INFO] PluginManage:359 - Loaded plugin tutovideos (category:base,tabindex:-1)
2026-08-27 16:00:49,459 [INFO] PluginManage:310 - Check plugin updater
2026-08-27 16:00:49,473 [INFO] PluginManage:359 - Loaded plugin updater (category:base,tabindex:12)
2026-08-27 16:00:49,473 [INFO] PluginManage:310 - Check plugin userauth
2026-08-27 16:00:49,475 [INFO] UserAuth:118 - Init User Auth plugin
2026-08-27 16:00:49,475 [INFO] PluginManage:359 - Loaded plugin userauth (category:base,tabindex:14)
2026-08-27 16:00:49,476 [INFO] PluginManage:283 - PluginManage : Loaded plugins [18]
2026-08-27 16:00:49,600 [INFO] PinOutPanel:1589 - setPackage(No Configuration,No Configuration)
2026-08-27 16:00:49,668 [INFO] CADModel:165 - CPN selected for project level
2026-08-27 16:00:49,669 [INFO] CADModel:114 - Register for checkConnection events
2026-08-27 16:00:49,681 [INFO] IPUIPlugin:80 - create IPUIPlugin
2026-08-27 16:00:49,681 [INFO] PluginManager:220 - loadIPPluginJar : add adc
2026-08-27 16:00:49,683 [INFO] IPUIPlugin:80 - create IPUIPlugin
2026-08-27 16:00:49,684 [INFO] PluginManager:220 - loadIPPluginJar : add aes
2026-08-27 16:00:49,686 [INFO] IPUIPlugin:80 - create IPUIPlugin
2026-08-27 16:00:49,686 [INFO] PluginManager:220 - loadIPPluginJar : add can
2026-08-27 16:00:49,687 [INFO] IPUIPlugin:80 - create IPUIPlugin
2026-08-27 16:00:49,687 [INFO] PluginManager:220 - loadIPPluginJar : add comp
2026-08-27 16:00:49,688 [INFO] IPUIPlugin:80 - create IPUIPlugin
2026-08-27 16:00:49,688 [INFO] PluginManager:220 - loadIPPluginJar : add cryp
2026-08-27 16:00:49,690 [INFO] IPUIPlugin:80 - create IPUIPlugin
2026-08-27 16:00:49,690 [INFO] PluginManager:220 - loadIPPluginJar : add ddr_ctrl_phy
2026-08-27 16:00:49,692 [INFO] IPUIPlugin:80 - create IPUIPlugin
2026-08-27 16:00:49,692 [INFO] PluginManager:220 - loadIPPluginJar : add dfsdm
2026-08-27 16:00:49,695 [INFO] IPUIPlugin:80 - create IPUIPlugin
2026-08-27 16:00:49,695 [INFO] PluginManager:220 - loadIPPluginJar : add dma
2026-08-27 16:00:49,697 [INFO] IPUIPlugin:80 - create IPUIPlugin
2026-08-27 16:00:49,697 [INFO] PluginManager:220 - loadIPPluginJar : add dma3
2026-08-27 16:00:49,699 [INFO] IPUIPlugin:80 - create IPUIPlugin
2026-08-27 16:00:49,699 [INFO] PluginManager:220 - loadIPPluginJar : add extmemmanager
2026-08-27 16:00:49,701 [INFO] IPUIPlugin:80 - create IPUIPlugin
2026-08-27 16:00:49,701 [INFO] PluginManager:220 - loadIPPluginJar : add fatfs
2026-08-27 16:00:49,704 [INFO] IPUIPlugin:80 - create IPUIPlugin
2026-08-27 16:00:49,704 [INFO] PluginManager:220 - loadIPPluginJar : add fmc
2026-08-27 16:00:49,709 [INFO] IPUIPlugin:80 - create IPUIPlugin
2026-08-27 16:00:49,709 [INFO] PluginManager:220 - loadIPPluginJar : add freertos
2026-08-27 16:00:49,711 [INFO] IPUIPlugin:80 - create IPUIPlugin
2026-08-27 16:00:49,711 [INFO] PluginManager:220 - loadIPPluginJar : add genericplugin
2026-08-27 16:00:49,712 [INFO] IPUIPlugin:80 - create IPUIPlugin
2026-08-27 16:00:49,712 [INFO] PluginManager:220 - loadIPPluginJar : add gfxmmu
2026-08-27 16:00:49,716 [INFO] IPUIPlugin:80 - create IPUIPlugin
2026-08-27 16:00:49,716 [INFO] PluginManager:220 - loadIPPluginJar : add gic
2026-08-27 16:00:49,719 [INFO] IPUIPlugin:80 - create IPUIPlugin
2026-08-27 16:00:49,719 [INFO] PluginManager:220 - loadIPPluginJar : add gpio
2026-08-27 16:00:49,721 [INFO] IPUIPlugin:80 - create IPUIPlugin
2026-08-27 16:00:49,721 [INFO] PluginManager:220 - loadIPPluginJar : add gtzc
2026-08-27 16:00:49,723 [INFO] IPUIPlugin:80 - create IPUIPlugin
2026-08-27 16:00:49,723 [INFO] PluginManager:220 - loadIPPluginJar : add hash
2026-08-27 16:00:49,725 [INFO] IPUIPlugin:80 - create IPUIPlugin
2026-08-27 16:00:49,725 [INFO] PluginManager:220 - loadIPPluginJar : add i2c
2026-08-27 16:00:49,727 [INFO] IPUIPlugin:80 - create IPUIPlugin
2026-08-27 16:00:49,727 [INFO] PluginManager:220 - loadIPPluginJar : add i2s
2026-08-27 16:00:49,728 [INFO] IPUIPlugin:80 - create IPUIPlugin
2026-08-27 16:00:49,729 [INFO] PluginManager:220 - loadIPPluginJar : add i3c
2026-08-27 16:00:49,731 [INFO] IPUIPlugin:80 - create IPUIPlugin
2026-08-27 16:00:49,731 [INFO] PluginManager:220 - loadIPPluginJar : add ipddr
2026-08-27 16:00:49,737 [INFO] IPUIPlugin:80 - create IPUIPlugin
2026-08-27 16:00:49,737 [INFO] PluginManager:220 - loadIPPluginJar : add linkedlist
2026-08-27 16:00:49,739 [INFO] IPUIPlugin:80 - create IPUIPlugin
2026-08-27 16:00:49,739 [INFO] PluginManager:220 - loadIPPluginJar : add lorawan
2026-08-27 16:00:49,740 [INFO] IPUIPlugin:80 - create IPUIPlugin
2026-08-27 16:00:49,740 [INFO] PluginManager:220 - loadIPPluginJar : add ltdc
2026-08-27 16:00:49,742 [INFO] IPUIPlugin:80 - create IPUIPlugin
2026-08-27 16:00:49,743 [INFO] PluginManager:220 - loadIPPluginJar : add mdma
2026-08-27 16:00:49,744 [INFO] IPUIPlugin:80 - create IPUIPlugin
2026-08-27 16:00:49,745 [INFO] PluginManager:220 - loadIPPluginJar : add nvic
2026-08-27 16:00:49,746 [INFO] IPUIPlugin:80 - create IPUIPlugin
2026-08-27 16:00:49,746 [INFO] PluginManager:220 - loadIPPluginJar : add opamp
2026-08-27 16:00:49,749 [INFO] IPUIPlugin:80 - create IPUIPlugin
2026-08-27 16:00:49,749 [INFO] PluginManager:220 - loadIPPluginJar : add openamp
2026-08-27 16:00:49,751 [INFO] IPUIPlugin:80 - create IPUIPlugin
2026-08-27 16:00:49,752 [INFO] PluginManager:220 - loadIPPluginJar : add pdm2pcm
2026-08-27 16:00:49,755 [INFO] IPUIPlugin:80 - create IPUIPlugin
2026-08-27 16:00:49,757 [INFO] PluginManager:220 - loadIPPluginJar : add plateformsettings
2026-08-27 16:00:49,758 [INFO] IPUIPlugin:80 - create IPUIPlugin
2026-08-27 16:00:49,759 [INFO] PluginManager:220 - loadIPPluginJar : add quadspi
2026-08-27 16:00:49,759 [INFO] IPUIPlugin:80 - create IPUIPlugin
2026-08-27 16:00:49,760 [INFO] PluginManager:220 - loadIPPluginJar : add radio
2026-08-27 16:00:49,761 [INFO] IPUIPlugin:80 - create IPUIPlugin
2026-08-27 16:00:49,761 [INFO] PluginManager:220 - loadIPPluginJar : add resmgrutility
2026-08-27 16:00:49,763 [INFO] IPUIPlugin:80 - create IPUIPlugin
2026-08-27 16:00:49,763 [INFO] PluginManager:220 - loadIPPluginJar : add sai
2026-08-27 16:00:49,765 [INFO] IPUIPlugin:80 - create IPUIPlugin
2026-08-27 16:00:49,765 [INFO] PluginManager:220 - loadIPPluginJar : add spi
2026-08-27 16:00:49,770 [INFO] IPUIPlugin:80 - create IPUIPlugin
2026-08-27 16:00:49,770 [INFO] PluginManager:220 - loadIPPluginJar : add stm32_wpan
2026-08-27 16:00:49,771 [INFO] IPUIPlugin:80 - create IPUIPlugin
2026-08-27 16:00:49,771 [INFO] PluginManager:220 - loadIPPluginJar : add tim
2026-08-27 16:00:49,773 [INFO] IPUIPlugin:80 - create IPUIPlugin
2026-08-27 16:00:49,773 [INFO] PluginManager:220 - loadIPPluginJar : add touchsensing
2026-08-27 16:00:49,774 [INFO] IPUIPlugin:80 - create IPUIPlugin
2026-08-27 16:00:49,774 [INFO] PluginManager:220 - loadIPPluginJar : add tracer_emb
2026-08-27 16:00:49,775 [INFO] IPUIPlugin:80 - create IPUIPlugin
2026-08-27 16:00:49,775 [INFO] PluginManager:220 - loadIPPluginJar : add ts
2026-08-27 16:00:49,776 [INFO] IPUIPlugin:80 - create IPUIPlugin
2026-08-27 16:00:49,776 [INFO] PluginManager:220 - loadIPPluginJar : add tsc
2026-08-27 16:00:49,777 [INFO] IPUIPlugin:80 - create IPUIPlugin
2026-08-27 16:00:49,777 [INFO] PluginManager:220 - loadIPPluginJar : add ucpd
2026-08-27 16:00:49,779 [INFO] IPUIPlugin:80 - create IPUIPlugin
2026-08-27 16:00:49,779 [INFO] PluginManager:220 - loadIPPluginJar : add usart
2026-08-27 16:00:49,781 [INFO] IPUIPlugin:80 - create IPUIPlugin
2026-08-27 16:00:49,781 [INFO] PluginManager:220 - loadIPPluginJar : add usbx
2026-08-27 16:00:49,901 [FATAL] Updater:351 - Updater called before beeing initialized
2026-08-27 16:00:49,920 [INFO] RulesReader:64 - Compatibility file has been processed (317 Rules)
2026-08-27 16:00:49,931 [INFO] RulesReader:64 - Compatibility file has been processed (317 Rules)
2026-08-27 16:00:49,938 [INFO] CADModel:165 - CPN selected for project level
2026-08-27 16:00:49,938 [INFO] CADModel:114 - Register for checkConnection events
2026-08-27 16:00:49,938 [FATAL] Updater:351 - Updater called before beeing initialized
2026-08-27 16:00:49,938 [ERROR] CADModel:125 - Updater not yet initialized, retry later 
2026-08-27 16:00:50,045 [FATAL] Updater:351 - Updater called before beeing initialized
2026-08-27 16:00:50,046 [INFO] CADModel:165 - CPN selected for project level
2026-08-27 16:00:50,046 [INFO] CADModel:114 - Register for checkConnection events
2026-08-27 16:00:50,046 [FATAL] Updater:351 - Updater called before beeing initialized
2026-08-27 16:00:50,046 [ERROR] CADModel:125 - Updater not yet initialized, retry later 
2026-08-27 16:00:50,047 [FATAL] Updater:351 - Updater called before beeing initialized
2026-08-27 16:00:50,129 [FATAL] Updater:351 - Updater called before beeing initialized
2026-08-27 16:00:50,133 [INFO] DbMcusAds:53 - JSON generation date=Thu Sep 30 12:25:09 IST 2021 (1632984909247)
2026-08-27 16:00:50,133 [FATAL] Updater:351 - Updater called before beeing initialized
2026-08-27 16:00:50,217 [WARN] DetailPanel:346 - Failed to get advertising image, set to default
2026-08-27 16:00:50,282 [FATAL] Updater:351 - Updater called before beeing initialized
2026-08-27 16:00:50,283 [FATAL] Updater:351 - Updater called before beeing initialized
2026-08-27 16:00:50,284 [FATAL] Updater:351 - Updater called before beeing initialized
2026-08-27 16:00:50,284 [WARN] DetailPanel:346 - Failed to get advertising image, set to default
2026-08-27 16:00:50,284 [FATAL] Updater:351 - Updater called before beeing initialized
2026-08-27 16:00:50,322 [ERROR] Updater:1198 - MainUpdater not yet initialized. External WinMGr cannot be set.
2026-08-27 16:00:50,323 [INFO] Updater:1134 - Updater Version found : 6.15.0
2026-08-27 16:00:50,335 [INFO] ApplicationProperties:184 - Using Application install path: C:\ST\STM32CubeIDE_1.19.0\STM32CubeIDE\plugins\com.st.stm32cube.common.mx_6.15.0.202507011659
2026-08-27 16:00:51,904 [ERROR] LogOutputStream:75 - [STDERR_REDIRECT] Aug 27, 2026 4:00:51 PM java.util.prefs.WindowsPreferences <init>
2026-08-27 16:00:51,905 [ERROR] LogOutputStream:75 - [STDERR_REDIRECT] WARNING: Could not open/create prefs root node Software\JavaSoft\Prefs at root 0xffffffff80000002. Windows RegCreateKeyEx(...) returned error code 5.
2026-08-27 16:00:51,905 [ERROR] LogOutputStream:75 - [STDERR_REDIRECT] 
2026-08-27 16:00:51,917 [INFO] MainUpdater:525 - Copy updater definitions from MX database
2026-08-27 16:00:51,940 [INFO] MainUpdater:558 - Copy flag file definitions from MX database
2026-08-27 16:00:51,942 [INFO] MainUpdater:574 - Copy thirdparty index definitions from MX database
2026-08-27 16:00:51,943 [INFO] MainUpdater:593 - Copy default thirdparty db definitions from MX database
2026-08-27 16:00:52,224 [INFO] MainUpdater:2872 - connection check result : 10
2026-08-27 16:00:52,224 [INFO] MainUpdater:3604 - Updater definition file requires update
2026-08-27 16:00:52,225 [INFO] MainUpdater:289 - Updater Check For Update Now.
2026-08-27 16:00:52,225 [INFO] MicroXplorer:498 - Change Database Version : DB.6.0.150
2026-08-27 16:00:52,229 [INFO] McuFinderGlobals:63 - Set McuFinder mode to 2 (CubeIDE integrated)
2026-08-27 16:00:52,229 [INFO] UserAuth:171 - activating auth plugin
2026-08-27 16:00:52,231 [INFO] UserAuth:487 - Internet connection configuration mode: 1
2026-08-27 16:00:52,240 [INFO] JxBrowserEngine:152 - Initiate JxBrowser Engine with user profile folder
2026-08-27 16:00:52,343 [WARN] MainUpdater:1193 - Updater busy. Cannot search thirdparties
2026-08-27 16:00:52,343 [INFO] ThirdPartyUpdaterWithRetryManager:96 - Updater plugin is busy. [1/15]
2026-08-27 16:00:52,374 [INFO] ServerAccessManage:452 - Complete download http(s) 200
2026-08-27 16:00:52,375 [INFO] ServerAccessManage:509 - Download File updaters.zip
2026-08-27 16:00:53,119 [INFO] FileExtend:248 - Unzip File : updaters.zip
2026-08-27 16:00:53,119 [INFO] FileExtend:263 - Standard Zip Deflate
2026-08-27 16:00:53,433 [INFO] ServerAccessManage:452 - Complete download http(s) 200
2026-08-27 16:00:53,433 [INFO] ServerAccessManage:509 - Download File PacksControlFlags.xml
2026-08-27 16:00:53,626 [INFO] ServerAccessManage:452 - Complete download http(s) 200
2026-08-27 16:00:53,626 [INFO] ServerAccessManage:509 - Download File cubemx.pidx
2026-08-27 16:00:53,764 [INFO] ServerAccessManage:452 - Complete download http(s) 200
2026-08-27 16:00:53,764 [INFO] ServerAccessManage:509 - Download File STMicroelectronics.FP-ATR-ASTRA1.pdsc
2026-08-27 16:00:54,231 [INFO] ServerAccessManage:452 - Complete download http(s) 200
2026-08-27 16:00:54,231 [INFO] ServerAccessManage:509 - Download File STMicroelectronics.FP-ATR-SIGFOX1.pdsc
2026-08-27 16:00:54,395 [INFO] ServerAccessManage:452 - Complete download http(s) 200
2026-08-27 16:00:54,395 [INFO] ServerAccessManage:509 - Download File STMicroelectronics.FP-SNS-STBOX1.pdsc
2026-08-27 16:00:54,651 [INFO] ServerAccessManage:452 - Complete download http(s) 200
2026-08-27 16:00:54,651 [INFO] ServerAccessManage:509 - Download File STMicroelectronics.FP-SNS-FLIGHT1.pdsc
2026-08-27 16:00:55,010 [INFO] ServerAccessManage:452 - Complete download http(s) 200
2026-08-27 16:00:55,010 [INFO] ServerAccessManage:509 - Download File STMicroelectronics.FP-SNS-MOTENV1.pdsc
2026-08-27 16:00:55,344 [WARN] MainUpdater:1193 - Updater busy. Cannot search thirdparties
2026-08-27 16:00:55,344 [INFO] ThirdPartyUpdaterWithRetryManager:96 - Updater plugin is busy. [2/15]
2026-08-27 16:00:55,400 [INFO] ServerAccessManage:452 - Complete download http(s) 200
2026-08-27 16:00:55,401 [INFO] ServerAccessManage:509 - Download File STMicroelectronics.FP-SNS-MOTENVWB1.pdsc
2026-08-27 16:00:55,736 [INFO] ServerAccessManage:452 - Complete download http(s) 200
2026-08-27 16:00:55,736 [INFO] ServerAccessManage:509 - Download File STMicroelectronics.FP-SNS-SMARTAG2.pdsc
2026-08-27 16:00:55,896 [INFO] ServerAccessManage:452 - Complete download http(s) 200
2026-08-27 16:00:55,896 [INFO] ServerAccessManage:509 - Download File STMicroelectronics.FP-SNS-STAIOTCFT.pdsc
2026-08-27 16:00:56,113 [INFO] ServerAccessManage:452 - Complete download http(s) 200
2026-08-27 16:00:56,113 [INFO] ServerAccessManage:509 - Download File STMicroelectronics.X-CUBE-AI.pdsc
2026-08-27 16:00:56,251 [INFO] WebApp:169 - Instantiating new browser for Auth
2026-08-27 16:00:56,801 [INFO] WebApp:463 - Apply proxy settings
2026-08-27 16:00:56,801 [INFO] WebApp:548 - Chromium requires no authentication
2026-08-27 16:00:56,810 [INFO] WebApp:491 - Direct internet connection detected
2026-08-27 16:00:56,831 [INFO] WebApp:900 - Register for checkConnection events
2026-08-27 16:00:56,831 [INFO] WebApp:463 - Apply proxy settings
2026-08-27 16:00:56,831 [INFO] WebApp:548 - Chromium requires no authentication
2026-08-27 16:00:56,832 [INFO] WebApp:491 - Direct internet connection detected
2026-08-27 16:00:56,978 [INFO] WebApp:225 - Starting web application
2026-08-27 16:00:56,978 [INFO] WebApp:593 - Web application path used C:\ST\STM32CubeIDE_1.19.0\STM32CubeIDE\plugins\com.st.stm32cube.common.mx_6.15.0.202507011659\db\plugins\mcufinder\reactClient1\index.html
2026-08-27 16:00:57,262 [INFO] WebApp:191 - Connection restablished
2026-08-27 16:00:57,351 [ERROR] LogOutputStream:75 - [STDERR_REDIRECT] [Fatal Error] :1:1: Premature end of file.
2026-08-27 16:00:57,352 [ERROR] LogOutputStream:75 - [STDERR_REDIRECT] 
2026-08-27 16:00:57,643 [INFO] ServerAccessManage:452 - Complete download http(s) 200
2026-08-27 16:00:57,643 [INFO] ServerAccessManage:509 - Download File STMicroelectronics.X-CUBE-ALS.pdsc
2026-08-27 16:00:58,078 [INFO] ServerAccessManage:452 - Complete download http(s) 200
2026-08-27 16:00:58,078 [INFO] ServerAccessManage:509 - Download File STMicroelectronics.X-CUBE-BLE1.pdsc
2026-08-27 16:00:58,279 [ERROR] LogOutputStream:75 - [STDERR_REDIRECT] [Fatal Error] :1:1: Premature end of file.
2026-08-27 16:00:58,279 [ERROR] LogOutputStream:75 - [STDERR_REDIRECT] 
2026-08-27 16:00:58,346 [WARN] MainUpdater:1193 - Updater busy. Cannot search thirdparties
2026-08-27 16:00:58,346 [INFO] ThirdPartyUpdaterWithRetryManager:96 - Updater plugin is busy. [3/15]
2026-08-27 16:00:59,279 [ERROR] LogOutputStream:75 - [STDERR_REDIRECT] [Fatal Error] :1:1: Premature end of file.
2026-08-27 16:00:59,279 [ERROR] LogOutputStream:75 - [STDERR_REDIRECT] 
2026-08-27 16:00:59,546 [ERROR] ServerAccessManage:1212 - Problem, file not found on Server
2026-08-27 16:00:59,678 [INFO] ServerAccessManage:452 - Complete download http(s) 200
2026-08-27 16:00:59,679 [INFO] ServerAccessManage:509 - Download File STMicroelectronics.X-CUBE-BLE2.pdsc
2026-08-27 16:01:00,280 [INFO] ServerAccessManage:452 - Complete download http(s) 200
2026-08-27 16:01:00,280 [INFO] ServerAccessManage:509 - Download File STMicroelectronics.X-CUBE-BLEMGR.pdsc
2026-08-27 16:01:00,281 [ERROR] LogOutputStream:75 - [STDERR_REDIRECT] [Fatal Error] :1:1: Premature end of file.
2026-08-27 16:01:00,281 [ERROR] LogOutputStream:75 - [STDERR_REDIRECT] 
2026-08-27 16:01:01,140 [ERROR] ServerAccessManage:1212 - Problem, file not found on Server
2026-08-27 16:01:01,283 [ERROR] LogOutputStream:75 - [STDERR_REDIRECT] [Fatal Error] :1:1: Premature end of file.
2026-08-27 16:01:01,283 [ERROR] LogOutputStream:75 - [STDERR_REDIRECT] 
2026-08-27 16:01:01,349 [WARN] MainUpdater:1193 - Updater busy. Cannot search thirdparties
2026-08-27 16:01:01,349 [INFO] ThirdPartyUpdaterWithRetryManager:96 - Updater plugin is busy. [4/15]
2026-08-27 16:01:01,846 [INFO] ServerAccessManage:452 - Complete download http(s) 200
2026-08-27 16:01:01,847 [INFO] ServerAccessManage:509 - Download File STMicroelectronics.X-CUBE-DISPLAY.pdsc
2026-08-27 16:01:02,282 [ERROR] LogOutputStream:75 - [STDERR_REDIRECT] [Fatal Error] :1:1: Premature end of file.
2026-08-27 16:01:02,282 [ERROR] LogOutputStream:75 - [STDERR_REDIRECT] 
2026-08-27 16:01:02,377 [INFO] ServerAccessManage:452 - Complete download http(s) 200
2026-08-27 16:01:02,377 [INFO] ServerAccessManage:509 - Download File STMicroelectronics.X-CUBE-DPOWER.pdsc
2026-08-27 16:01:03,047 [ERROR] ServerAccessManage:1212 - Problem, file not found on Server
2026-08-27 16:01:03,279 [ERROR] LogOutputStream:75 - [STDERR_REDIRECT] [Fatal Error] :1:1: Premature end of file.
2026-08-27 16:01:03,279 [ERROR] LogOutputStream:75 - [STDERR_REDIRECT] 
2026-08-27 16:01:03,591 [ERROR] ServerAccessManage:1212 - Problem, file not found on Server
2026-08-27 16:01:04,141 [ERROR] ServerAccessManage:1212 - Problem, file not found on Server
2026-08-27 16:01:04,282 [ERROR] LogOutputStream:75 - [STDERR_REDIRECT] [Fatal Error] :1:1: Premature end of file.
2026-08-27 16:01:04,283 [ERROR] LogOutputStream:75 - [STDERR_REDIRECT] 
2026-08-27 16:01:04,349 [WARN] MainUpdater:1193 - Updater busy. Cannot search thirdparties
2026-08-27 16:01:04,349 [INFO] ThirdPartyUpdaterWithRetryManager:96 - Updater plugin is busy. [5/15]
2026-08-27 16:01:04,436 [ERROR] ServerAccessManage:1212 - Problem, file not found on Server
2026-08-27 16:01:04,940 [ERROR] ServerAccessManage:1212 - Problem, file not found on Server
2026-08-27 16:01:05,207 [ERROR] ServerAccessManage:1212 - Problem, file not found on Server
2026-08-27 16:01:05,280 [ERROR] LogOutputStream:75 - [STDERR_REDIRECT] [Fatal Error] :1:1: Premature end of file.
2026-08-27 16:01:05,280 [ERROR] LogOutputStream:75 - [STDERR_REDIRECT] 
2026-08-27 16:01:05,438 [ERROR] ServerAccessManage:1212 - Problem, file not found on Server
2026-08-27 16:01:05,951 [ERROR] ServerAccessManage:1212 - Problem, file not found on Server
2026-08-27 16:01:06,171 [ERROR] ServerAccessManage:1212 - Problem, file not found on Server
2026-08-27 16:01:06,278 [ERROR] LogOutputStream:75 - [STDERR_REDIRECT] [Fatal Error] :1:1: Premature end of file.
2026-08-27 16:01:06,278 [ERROR] LogOutputStream:75 - [STDERR_REDIRECT] 
2026-08-27 16:01:06,690 [ERROR] ServerAccessManage:1212 - Problem, file not found on Server
2026-08-27 16:01:06,950 [ERROR] ServerAccessManage:1212 - Problem, file not found on Server
2026-08-27 16:01:07,044 [INFO] ServerAccessManage:452 - Complete download http(s) 200
2026-08-27 16:01:07,045 [INFO] ServerAccessManage:509 - Download File STMicroelectronics.X-CUBE-EEPRMA1.pdsc
2026-08-27 16:01:07,281 [ERROR] LogOutputStream:75 - [STDERR_REDIRECT] [Fatal Error] :1:1: Premature end of file.
2026-08-27 16:01:07,281 [ERROR] LogOutputStream:75 - [STDERR_REDIRECT] 
2026-08-27 16:01:07,350 [WARN] MainUpdater:1193 - Updater busy. Cannot search thirdparties
2026-08-27 16:01:07,350 [INFO] ThirdPartyUpdaterWithRetryManager:96 - Updater plugin is busy. [6/15]
2026-08-27 16:01:07,664 [ERROR] ServerAccessManage:1212 - Problem, file not found on Server
2026-08-27 16:01:08,279 [ERROR] LogOutputStream:75 - [STDERR_REDIRECT] [Fatal Error] :1:1: Premature end of file.
2026-08-27 16:01:08,279 [ERROR] LogOutputStream:75 - [STDERR_REDIRECT] 
2026-08-27 16:01:08,292 [ERROR] ServerAccessManage:1212 - Problem, file not found on Server
2026-08-27 16:01:08,567 [INFO] ServerAccessManage:452 - Complete download http(s) 200
2026-08-27 16:01:08,567 [INFO] ServerAccessManage:509 - Download File STMicroelectronics.X-CUBE-FREERTOS.pdsc
2026-08-27 16:01:09,233 [INFO] ServerAccessManage:452 - Complete download http(s) 200
2026-08-27 16:01:09,233 [INFO] ServerAccessManage:509 - Download File STMicroelectronics.X-CUBE-GNSS1.pdsc
2026-08-27 16:01:09,279 [ERROR] LogOutputStream:75 - [STDERR_REDIRECT] [Fatal Error] :1:1: Premature end of file.
2026-08-27 16:01:09,279 [ERROR] LogOutputStream:75 - [STDERR_REDIRECT] 
2026-08-27 16:01:10,130 [ERROR] ServerAccessManage:1212 - Problem, file not found on Server
2026-08-27 16:01:10,279 [ERROR] LogOutputStream:75 - [STDERR_REDIRECT] [Fatal Error] :1:1: Premature end of file.
2026-08-27 16:01:10,280 [ERROR] LogOutputStream:75 - [STDERR_REDIRECT] 
2026-08-27 16:01:10,351 [WARN] MainUpdater:1193 - Updater busy. Cannot search thirdparties
2026-08-27 16:01:10,351 [INFO] ThirdPartyUpdaterWithRetryManager:96 - Updater plugin is busy. [7/15]
2026-08-27 16:01:10,714 [ERROR] ServerAccessManage:1212 - Problem, file not found on Server
2026-08-27 16:01:11,000 [ERROR] ServerAccessManage:1212 - Problem, file not found on Server
2026-08-27 16:01:11,278 [ERROR] LogOutputStream:75 - [STDERR_REDIRECT] [Fatal Error] :1:1: Premature end of file.
2026-08-27 16:01:11,278 [ERROR] LogOutputStream:75 - [STDERR_REDIRECT] 
2026-08-27 16:01:11,522 [ERROR] ServerAccessManage:1212 - Problem, file not found on Server
2026-08-27 16:01:12,016 [ERROR] ServerAccessManage:1212 - Problem, file not found on Server
2026-08-27 16:01:12,239 [ERROR] ServerAccessManage:1212 - Problem, file not found on Server
2026-08-27 16:01:12,282 [ERROR] LogOutputStream:75 - [STDERR_REDIRECT] [Fatal Error] :1:1: Premature end of file.
2026-08-27 16:01:12,282 [ERROR] LogOutputStream:75 - [STDERR_REDIRECT] 
2026-08-27 16:01:12,318 [INFO] ServerAccessManage:452 - Complete download http(s) 200
2026-08-27 16:01:12,319 [INFO] ServerAccessManage:509 - Download File STMicroelectronics.X-CUBE-ISPU.pdsc
2026-08-27 16:01:12,669 [INFO] ServerAccessManage:452 - Complete download http(s) 200
2026-08-27 16:01:12,669 [INFO] ServerAccessManage:509 - Download File STMicroelectronics.X-CUBE-IPS.pdsc
2026-08-27 16:01:13,137 [INFO] ServerAccessManage:452 - Complete download http(s) 200
2026-08-27 16:01:13,137 [INFO] ServerAccessManage:509 - Download File STMicroelectronics.X-CUBE-MEMS1.pdsc
2026-08-27 16:01:13,279 [ERROR] LogOutputStream:75 - [STDERR_REDIRECT] [Fatal Error] :1:1: Premature end of file.
2026-08-27 16:01:13,280 [ERROR] LogOutputStream:75 - [STDERR_REDIRECT] 
2026-08-27 16:01:13,352 [WARN] MainUpdater:1193 - Updater busy. Cannot search thirdparties
2026-08-27 16:01:13,352 [INFO] ThirdPartyUpdaterWithRetryManager:96 - Updater plugin is busy. [8/15]
2026-08-27 16:01:14,279 [ERROR] LogOutputStream:75 - [STDERR_REDIRECT] [Fatal Error] :1:1: Premature end of file.
2026-08-27 16:01:14,279 [ERROR] LogOutputStream:75 - [STDERR_REDIRECT] 
2026-08-27 16:01:15,280 [ERROR] LogOutputStream:75 - [STDERR_REDIRECT] [Fatal Error] :1:1: Premature end of file.
2026-08-27 16:01:15,281 [ERROR] LogOutputStream:75 - [STDERR_REDIRECT] 
2026-08-27 16:01:15,785 [INFO] ServerAccessManage:452 - Complete download http(s) 200
2026-08-27 16:01:15,786 [INFO] ServerAccessManage:509 - Download File STMicroelectronics.X-CUBE-NFC4.pdsc
2026-08-27 16:01:16,278 [ERROR] LogOutputStream:75 - [STDERR_REDIRECT] [Fatal Error] :1:1: Premature end of file.
2026-08-27 16:01:16,279 [ERROR] LogOutputStream:75 - [STDERR_REDIRECT] 
2026-08-27 16:01:16,354 [WARN] MainUpdater:1193 - Updater busy. Cannot search thirdparties
2026-08-27 16:01:16,354 [INFO] ThirdPartyUpdaterWithRetryManager:96 - Updater plugin is busy. [9/15]
2026-08-27 16:01:16,720 [INFO] ServerAccessManage:452 - Complete download http(s) 200
2026-08-27 16:01:16,720 [INFO] ServerAccessManage:509 - Download File STMicroelectronics.X-CUBE-NFC6.pdsc
2026-08-27 16:01:17,047 [INFO] ServerAccessManage:452 - Complete download http(s) 200
2026-08-27 16:01:17,048 [INFO] ServerAccessManage:509 - Download File STMicroelectronics.X-CUBE-NFC7.pdsc
2026-08-27 16:01:17,282 [ERROR] LogOutputStream:75 - [STDERR_REDIRECT] [Fatal Error] :1:1: Premature end of file.
2026-08-27 16:01:17,282 [ERROR] LogOutputStream:75 - [STDERR_REDIRECT] 
2026-08-27 16:01:17,338 [INFO] ServerAccessManage:452 - Complete download http(s) 200
2026-08-27 16:01:17,338 [INFO] ServerAccessManage:509 - Download File STMicroelectronics.X-CUBE-NFC9.pdsc
2026-08-27 16:01:17,518 [INFO] ServerAccessManage:452 - Complete download http(s) 200
2026-08-27 16:01:17,518 [INFO] ServerAccessManage:509 - Download File STMicroelectronics.X-CUBE-NFC10.pdsc
2026-08-27 16:01:17,697 [INFO] ServerAccessManage:452 - Complete download http(s) 200
2026-08-27 16:01:17,697 [INFO] ServerAccessManage:509 - Download File STMicroelectronics.X-CUBE-NFC12.pdsc
2026-08-27 16:01:17,917 [INFO] ServerAccessManage:452 - Complete download http(s) 200
2026-08-27 16:01:17,918 [INFO] ServerAccessManage:509 - Download File STMicroelectronics.X-CUBE-NFC13.pdsc
2026-08-27 16:01:18,132 [INFO] ServerAccessManage:452 - Complete download http(s) 200
2026-08-27 16:01:18,132 [INFO] ServerAccessManage:509 - Download File STMicroelectronics.X-CUBE-SFXS2LP1.pdsc
2026-08-27 16:01:18,280 [ERROR] LogOutputStream:75 - [STDERR_REDIRECT] [Fatal Error] :1:1: Premature end of file.
2026-08-27 16:01:18,280 [ERROR] LogOutputStream:75 - [STDERR_REDIRECT] 
2026-08-27 16:01:18,614 [INFO] ServerAccessManage:452 - Complete download http(s) 200
2026-08-27 16:01:18,614 [INFO] ServerAccessManage:509 - Download File STMicroelectronics.X-CUBE-SUBG2.pdsc
2026-08-27 16:01:19,285 [ERROR] LogOutputStream:75 - [STDERR_REDIRECT] [Fatal Error] :1:1: Premature end of file.
2026-08-27 16:01:19,285 [ERROR] LogOutputStream:75 - [STDERR_REDIRECT] 
2026-08-27 16:01:19,355 [WARN] MainUpdater:1193 - Updater busy. Cannot search thirdparties
2026-08-27 16:01:19,355 [INFO] ThirdPartyUpdaterWithRetryManager:96 - Updater plugin is busy. [10/15]
2026-08-27 16:01:19,468 [INFO] ServerAccessManage:452 - Complete download http(s) 200
2026-08-27 16:01:19,469 [INFO] ServerAccessManage:509 - Download File STMicroelectronics.X-CUBE-SMBUS.pdsc
2026-08-27 16:01:19,668 [ERROR] ServerAccessManage:1212 - Problem, file not found on Server
2026-08-27 16:01:19,755 [INFO] ServerAccessManage:452 - Complete download http(s) 200
2026-08-27 16:01:19,755 [INFO] ServerAccessManage:509 - Download File STMicroelectronics.X-CUBE-ST60.pdsc
2026-08-27 16:01:19,990 [INFO] ServerAccessManage:452 - Complete download http(s) 200
2026-08-27 16:01:19,991 [INFO] ServerAccessManage:509 - Download File STMicroelectronics.X-CUBE-ST67W61.pdsc
2026-08-27 16:01:20,233 [INFO] ServerAccessManage:452 - Complete download http(s) 200
2026-08-27 16:01:20,234 [INFO] ServerAccessManage:509 - Download File STMicroelectronics.X-CUBE-STSE01.pdsc
2026-08-27 16:01:20,282 [ERROR] LogOutputStream:75 - [STDERR_REDIRECT] [Fatal Error] :1:1: Premature end of file.
2026-08-27 16:01:20,283 [ERROR] LogOutputStream:75 - [STDERR_REDIRECT] 
2026-08-27 16:01:20,523 [INFO] ServerAccessManage:452 - Complete download http(s) 200
2026-08-27 16:01:20,523 [INFO] ServerAccessManage:509 - Download File STMicroelectronics.X-CUBE-PM33A1.pdsc
2026-08-27 16:01:20,680 [INFO] ServerAccessManage:452 - Complete download http(s) 200
2026-08-27 16:01:20,680 [INFO] ServerAccessManage:509 - Download File STMicroelectronics.X-CUBE-TCPP.pdsc
2026-08-27 16:01:20,927 [INFO] ServerAccessManage:452 - Complete download http(s) 200
2026-08-27 16:01:20,928 [INFO] ServerAccessManage:509 - Download File STMicroelectronics.X-CUBE-TOF1.pdsc
2026-08-27 16:01:21,279 [ERROR] LogOutputStream:75 - [STDERR_REDIRECT] [Fatal Error] :1:1: Premature end of file.
2026-08-27 16:01:21,279 [ERROR] LogOutputStream:75 - [STDERR_REDIRECT] 
2026-08-27 16:01:21,861 [ERROR] ServerAccessManage:1212 - Problem, file not found on Server
2026-08-27 16:01:22,014 [INFO] ServerAccessManage:452 - Complete download http(s) 200
2026-08-27 16:01:22,015 [INFO] ServerAccessManage:509 - Download File STMicroelectronics.X-CUBE-TOUCHGFX.pdsc
2026-08-27 16:01:22,280 [ERROR] LogOutputStream:75 - [STDERR_REDIRECT] [Fatal Error] :1:1: Premature end of file.
2026-08-27 16:01:22,280 [ERROR] LogOutputStream:75 - [STDERR_REDIRECT] 
2026-08-27 16:01:22,355 [WARN] MainUpdater:1193 - Updater busy. Cannot search thirdparties
2026-08-27 16:01:22,355 [INFO] ThirdPartyUpdaterWithRetryManager:96 - Updater plugin is busy. [11/15]
2026-08-27 16:01:23,282 [ERROR] LogOutputStream:75 - [STDERR_REDIRECT] [Fatal Error] :1:1: Premature end of file.
2026-08-27 16:01:23,282 [ERROR] LogOutputStream:75 - [STDERR_REDIRECT] 
2026-08-27 16:01:23,855 [INFO] ServerAccessManage:452 - Complete download http(s) 200
2026-08-27 16:01:23,855 [INFO] ServerAccessManage:509 - Download File STMicroelectronics.X-CUBE-ALGOBUILD.pdsc
2026-08-27 16:01:24,279 [ERROR] LogOutputStream:75 - [STDERR_REDIRECT] [Fatal Error] :1:1: Premature end of file.
2026-08-27 16:01:24,279 [ERROR] LogOutputStream:75 - [STDERR_REDIRECT] 
2026-08-27 16:01:24,552 [INFO] ServerAccessManage:452 - Complete download http(s) 200
2026-08-27 16:01:24,552 [INFO] ServerAccessManage:509 - Download File STMicroelectronics.X-CUBE-AZRTOS-H7.pdsc
2026-08-27 16:01:25,280 [ERROR] LogOutputStream:75 - [STDERR_REDIRECT] [Fatal Error] :1:1: Premature end of file.
2026-08-27 16:01:25,280 [ERROR] LogOutputStream:75 - [STDERR_REDIRECT] 
2026-08-27 16:01:25,357 [WARN] MainUpdater:1193 - Updater busy. Cannot search thirdparties
2026-08-27 16:01:25,357 [INFO] ThirdPartyUpdaterWithRetryManager:96 - Updater plugin is busy. [12/15]
2026-08-27 16:01:26,279 [ERROR] LogOutputStream:75 - [STDERR_REDIRECT] [Fatal Error] :1:1: Premature end of file.
2026-08-27 16:01:26,280 [ERROR] LogOutputStream:75 - [STDERR_REDIRECT] 
2026-08-27 16:01:26,853 [INFO] ServerAccessManage:452 - Complete download http(s) 200
2026-08-27 16:01:26,854 [INFO] ServerAccessManage:509 - Download File STMicroelectronics.X-CUBE-AZRTOS-H7RS.pdsc
2026-08-27 16:01:27,280 [ERROR] LogOutputStream:75 - [STDERR_REDIRECT] [Fatal Error] :1:1: Premature end of file.
2026-08-27 16:01:27,280 [ERROR] LogOutputStream:75 - [STDERR_REDIRECT] 
2026-08-27 16:01:27,914 [INFO] ServerAccessManage:452 - Complete download http(s) 200
2026-08-27 16:01:27,914 [INFO] ServerAccessManage:509 - Download File STMicroelectronics.X-CUBE-AZRTOS-F4.pdsc
2026-08-27 16:01:28,280 [ERROR] LogOutputStream:75 - [STDERR_REDIRECT] [Fatal Error] :1:1: Premature end of file.
2026-08-27 16:01:28,280 [ERROR] LogOutputStream:75 - [STDERR_REDIRECT] 
2026-08-27 16:01:28,358 [WARN] MainUpdater:1193 - Updater busy. Cannot search thirdparties
2026-08-27 16:01:28,358 [INFO] ThirdPartyUpdaterWithRetryManager:96 - Updater plugin is busy. [13/15]
2026-08-27 16:01:28,981 [INFO] ServerAccessManage:452 - Complete download http(s) 200
2026-08-27 16:01:28,981 [INFO] ServerAccessManage:509 - Download File STMicroelectronics.X-CUBE-AZRTOS-F7.pdsc
2026-08-27 16:01:29,284 [ERROR] LogOutputStream:75 - [STDERR_REDIRECT] [Fatal Error] :1:1: Premature end of file.
2026-08-27 16:01:29,284 [ERROR] LogOutputStream:75 - [STDERR_REDIRECT] 
2026-08-27 16:01:30,119 [INFO] ServerAccessManage:452 - Complete download http(s) 200
2026-08-27 16:01:30,119 [INFO] ServerAccessManage:509 - Download File STMicroelectronics.X-CUBE-AZRTOS-L4.pdsc
2026-08-27 16:01:30,281 [ERROR] LogOutputStream:75 - [STDERR_REDIRECT] [Fatal Error] :1:1: Premature end of file.
2026-08-27 16:01:30,281 [ERROR] LogOutputStream:75 - [STDERR_REDIRECT] 
2026-08-27 16:01:31,281 [ERROR] LogOutputStream:75 - [STDERR_REDIRECT] [Fatal Error] :1:1: Premature end of file.
2026-08-27 16:01:31,281 [ERROR] LogOutputStream:75 - [STDERR_REDIRECT] 
2026-08-27 16:01:31,289 [INFO] ServerAccessManage:452 - Complete download http(s) 200
2026-08-27 16:01:31,289 [INFO] ServerAccessManage:509 - Download File STMicroelectronics.X-CUBE-AZRTOS-L5.pdsc
2026-08-27 16:01:31,359 [WARN] MainUpdater:1193 - Updater busy. Cannot search thirdparties
2026-08-27 16:01:31,359 [INFO] ThirdPartyUpdaterWithRetryManager:96 - Updater plugin is busy. [14/15]
2026-08-27 16:01:32,280 [ERROR] LogOutputStream:75 - [STDERR_REDIRECT] [Fatal Error] :1:1: Premature end of file.
2026-08-27 16:01:32,280 [ERROR] LogOutputStream:75 - [STDERR_REDIRECT] 
2026-08-27 16:01:32,514 [INFO] ServerAccessManage:452 - Complete download http(s) 200
2026-08-27 16:01:32,514 [INFO] ServerAccessManage:509 - Download File STMicroelectronics.X-CUBE-AZRTOS-G0.pdsc
2026-08-27 16:01:33,281 [ERROR] LogOutputStream:75 - [STDERR_REDIRECT] [Fatal Error] :1:1: Premature end of file.
2026-08-27 16:01:33,281 [ERROR] LogOutputStream:75 - [STDERR_REDIRECT] 
2026-08-27 16:01:33,614 [INFO] ServerAccessManage:452 - Complete download http(s) 200
2026-08-27 16:01:33,614 [INFO] ServerAccessManage:509 - Download File STMicroelectronics.X-CUBE-AZRTOS-G4.pdsc
2026-08-27 16:01:34,282 [ERROR] LogOutputStream:75 - [STDERR_REDIRECT] [Fatal Error] :1:1: Premature end of file.
2026-08-27 16:01:34,282 [ERROR] LogOutputStream:75 - [STDERR_REDIRECT] 
2026-08-27 16:01:34,360 [WARN] MainUpdater:1193 - Updater busy. Cannot search thirdparties
2026-08-27 16:01:34,360 [INFO] ThirdPartyUpdaterWithRetryManager:96 - Updater plugin is busy. [15/15]
2026-08-27 16:01:34,361 [ERROR] IntegrityCheckThread:130 - Cannot retrieve database content from updater: error -1
2026-08-27 16:01:34,361 [INFO] ThirdParty:978 - Integrity check success = false
2026-08-27 16:01:34,361 [INFO] IntegrityCheckThread:100 - exiting critical section [integrity check]
2026-08-27 16:01:34,361 [INFO] IntegrityCheckThread:103 - End integrity checks thread
2026-08-27 16:01:34,673 [INFO] ServerAccessManage:452 - Complete download http(s) 200
2026-08-27 16:01:34,673 [INFO] ServerAccessManage:509 - Download File STMicroelectronics.X-CUBE-AZRTOS-WB.pdsc
2026-08-27 16:01:35,278 [ERROR] LogOutputStream:75 - [STDERR_REDIRECT] [Fatal Error] :1:1: Premature end of file.
2026-08-27 16:01:35,278 [ERROR] LogOutputStream:75 - [STDERR_REDIRECT] 
2026-08-27 16:01:35,716 [INFO] ServerAccessManage:452 - Complete download http(s) 200
2026-08-27 16:01:35,716 [INFO] ServerAccessManage:509 - Download File STMicroelectronics.X-CUBE-AZRTOS-WL.pdsc
2026-08-27 16:01:36,280 [ERROR] LogOutputStream:75 - [STDERR_REDIRECT] [Fatal Error] :1:1: Premature end of file.
2026-08-27 16:01:36,281 [ERROR] LogOutputStream:75 - [STDERR_REDIRECT] 
2026-08-27 16:01:36,524 [INFO] ServerAccessManage:452 - Complete download http(s) 200
2026-08-27 16:01:36,524 [INFO] ServerAccessManage:509 - Download File STMicroelectronics.X-CUBE-WB05N.pdsc
2026-08-27 16:01:36,749 [INFO] ServerAccessManage:452 - Complete download http(s) 200
2026-08-27 16:01:36,749 [INFO] ServerAccessManage:509 - Download File STMicroelectronics.X-CUBE-WBA.pdsc
2026-08-27 16:01:36,928 [INFO] ServerAccessManage:452 - Complete download http(s) 200
2026-08-27 16:01:36,928 [INFO] ServerAccessManage:509 - Download File STMicroelectronics.eDS-WB_DPC_VIENNA.pdsc
2026-08-27 16:01:37,090 [ERROR] ServerAccessManage:1212 - Problem, file not found on Server
2026-08-27 16:01:37,153 [ERROR] ServerAccessManage:1212 - Problem, file not found on Server
2026-08-27 16:01:37,241 [ERROR] ServerAccessManage:1212 - Problem, file not found on Server
2026-08-27 16:01:37,281 [ERROR] LogOutputStream:75 - [STDERR_REDIRECT] [Fatal Error] :1:1: Premature end of file.
2026-08-27 16:01:37,281 [ERROR] LogOutputStream:75 - [STDERR_REDIRECT] 
2026-08-27 16:01:37,327 [ERROR] ServerAccessManage:1212 - Problem, file not found on Server
2026-08-27 16:01:37,390 [ERROR] ServerAccessManage:1212 - Problem, file not found on Server
2026-08-27 16:01:37,478 [INFO] ServerAccessManage:452 - Complete download http(s) 200
2026-08-27 16:01:37,478 [INFO] ServerAccessManage:509 - Download File STMicroelectronics.eDS-WB_DPC_TT-BIDIR.pdsc
2026-08-27 16:01:37,650 [ERROR] ServerAccessManage:1212 - Problem, file not found on Server
2026-08-27 16:01:37,710 [ERROR] ServerAccessManage:1212 - Problem, file not found on Server
2026-08-27 16:01:37,783 [ERROR] ServerAccessManage:1212 - Problem, file not found on Server
2026-08-27 16:01:37,878 [ERROR] ServerAccessManage:1212 - Problem, file not found on Server
2026-08-27 16:01:37,969 [INFO] ServerAccessManage:452 - Complete download http(s) 200
2026-08-27 16:01:37,970 [INFO] ServerAccessManage:509 - Download File STMicroelectronics.eDS-WB_DPC_3PH2L-BIDIR.pdsc
2026-08-27 16:01:38,104 [ERROR] ServerAccessManage:1212 - Problem, file not found on Server
2026-08-27 16:01:38,199 [ERROR] ServerAccessManage:1212 - Problem, file not found on Server
2026-08-27 16:01:38,280 [ERROR] LogOutputStream:75 - [STDERR_REDIRECT] [Fatal Error] :1:1: Premature end of file.
2026-08-27 16:01:38,280 [ERROR] LogOutputStream:75 - [STDERR_REDIRECT] 
2026-08-27 16:01:38,415 [INFO] ServerAccessManage:452 - Complete download http(s) 200
2026-08-27 16:01:38,415 [INFO] ServerAccessManage:509 - Download File wolfSSL.I-CUBE-wolfSSL.pdsc
2026-08-27 16:01:39,280 [ERROR] LogOutputStream:75 - [STDERR_REDIRECT] [Fatal Error] :1:1: Premature end of file.
2026-08-27 16:01:39,280 [ERROR] LogOutputStream:75 - [STDERR_REDIRECT] 
2026-08-27 16:01:40,279 [ERROR] LogOutputStream:75 - [STDERR_REDIRECT] [Fatal Error] :1:1: Premature end of file.
2026-08-27 16:01:40,279 [ERROR] LogOutputStream:75 - [STDERR_REDIRECT] 
2026-08-27 16:01:41,280 [ERROR] LogOutputStream:75 - [STDERR_REDIRECT] [Fatal Error] :1:1: Premature end of file.
2026-08-27 16:01:41,282 [ERROR] LogOutputStream:75 - [STDERR_REDIRECT] 
2026-08-27 16:01:42,281 [ERROR] LogOutputStream:75 - [STDERR_REDIRECT] [Fatal Error] :1:1: Premature end of file.
2026-08-27 16:01:42,281 [ERROR] LogOutputStream:75 - [STDERR_REDIRECT] 
2026-08-27 16:01:42,792 [ERROR] ServerAccessManage:1212 - Problem, file not found on Server
2026-08-27 16:01:42,862 [ERROR] ServerAccessManage:1212 - Problem, file not found on Server
2026-08-27 16:01:42,955 [ERROR] ServerAccessManage:1212 - Problem, file not found on Server
2026-08-27 16:01:42,998 [INFO] ServerAccessManage:452 - Complete download http(s) 200
2026-08-27 16:01:42,998 [INFO] ServerAccessManage:509 - Download File wolfSSL.I-CUBE-wolfMQTT.pdsc
2026-08-27 16:01:43,281 [ERROR] LogOutputStream:75 - [STDERR_REDIRECT] [Fatal Error] :1:1: Premature end of file.
2026-08-27 16:01:43,281 [ERROR] LogOutputStream:75 - [STDERR_REDIRECT] 
2026-08-27 16:01:43,390 [INFO] ServerAccessManage:452 - Complete download http(s) 200
2026-08-27 16:01:43,390 [INFO] ServerAccessManage:509 - Download File wolfSSL.I-CUBE-wolfTPM.pdsc
2026-08-27 16:01:44,285 [ERROR] LogOutputStream:75 - [STDERR_REDIRECT] [Fatal Error] :1:1: Premature end of file.
2026-08-27 16:01:44,286 [ERROR] LogOutputStream:75 - [STDERR_REDIRECT] 
2026-08-27 16:01:44,802 [INFO] ServerAccessManage:452 - Complete download http(s) 200
2026-08-27 16:01:44,802 [INFO] ServerAccessManage:509 - Download File wolfSSL.I-CUBE-wolfSSH.pdsc
2026-08-27 16:01:45,278 [ERROR] LogOutputStream:75 - [STDERR_REDIRECT] [Fatal Error] :1:1: Premature end of file.
2026-08-27 16:01:45,278 [ERROR] LogOutputStream:75 - [STDERR_REDIRECT] 
2026-08-27 16:01:46,279 [ERROR] LogOutputStream:75 - [STDERR_REDIRECT] [Fatal Error] :1:1: Premature end of file.
2026-08-27 16:01:46,279 [ERROR] LogOutputStream:75 - [STDERR_REDIRECT] 
2026-08-27 16:01:46,490 [INFO] ServerAccessManage:452 - Complete download http(s) 200
2026-08-27 16:01:46,490 [INFO] ServerAccessManage:509 - Download File RealThread.X-CUBE-RT-Thread_Nano.pdsc
2026-08-27 16:01:47,279 [ERROR] LogOutputStream:75 - [STDERR_REDIRECT] [Fatal Error] :1:1: Premature end of file.
2026-08-27 16:01:47,280 [ERROR] LogOutputStream:75 - [STDERR_REDIRECT] 
2026-08-27 16:01:47,446 [INFO] ServerAccessManage:452 - Complete download http(s) 200
2026-08-27 16:01:47,446 [INFO] ServerAccessManage:509 - Download File SEGGER.I-CUBE-embOS.pdsc
2026-08-27 16:01:48,280 [ERROR] LogOutputStream:75 - [STDERR_REDIRECT] [Fatal Error] :1:1: Premature end of file.
2026-08-27 16:01:48,280 [ERROR] LogOutputStream:75 - [STDERR_REDIRECT] 
2026-08-27 16:01:49,281 [ERROR] LogOutputStream:75 - [STDERR_REDIRECT] [Fatal Error] :1:1: Premature end of file.
2026-08-27 16:01:49,281 [ERROR] LogOutputStream:75 - [STDERR_REDIRECT] 
2026-08-27 16:01:49,724 [INFO] ServerAccessManage:452 - Complete download http(s) 200
2026-08-27 16:01:49,724 [INFO] ServerAccessManage:509 - Download File emotas.I-CUBE-CANOPEN.pdsc
2026-08-27 16:01:50,279 [ERROR] LogOutputStream:75 - [STDERR_REDIRECT] [Fatal Error] :1:1: Premature end of file.
2026-08-27 16:01:50,279 [ERROR] LogOutputStream:75 - [STDERR_REDIRECT] 
2026-08-27 16:01:51,279 [ERROR] LogOutputStream:75 - [STDERR_REDIRECT] [Fatal Error] :1:1: Premature end of file.
2026-08-27 16:01:51,279 [ERROR] LogOutputStream:75 - [STDERR_REDIRECT] 
2026-08-27 16:01:51,701 [INFO] ServerAccessManage:452 - Complete download http(s) 200
2026-08-27 16:01:51,701 [INFO] ServerAccessManage:509 - Download File WES.I-CUBE-Cesium.pdsc
2026-08-27 16:01:52,278 [ERROR] LogOutputStream:75 - [STDERR_REDIRECT] [Fatal Error] :1:1: Premature end of file.
2026-08-27 16:01:52,278 [ERROR] LogOutputStream:75 - [STDERR_REDIRECT] 
2026-08-27 16:01:52,900 [ERROR] ServerAccessManage:1212 - Problem, file not found on Server
2026-08-27 16:01:53,256 [ERROR] ServerAccessManage:1212 - Problem, file not found on Server
2026-08-27 16:01:53,278 [ERROR] LogOutputStream:75 - [STDERR_REDIRECT] [Fatal Error] :1:1: Premature end of file.
2026-08-27 16:01:53,278 [ERROR] LogOutputStream:75 - [STDERR_REDIRECT] 
2026-08-27 16:01:54,283 [ERROR] LogOutputStream:75 - [STDERR_REDIRECT] [Fatal Error] :1:1: Premature end of file.
2026-08-27 16:01:54,283 [ERROR] LogOutputStream:75 - [STDERR_REDIRECT] 
2026-08-27 16:01:54,357 [INFO] ServerAccessManage:452 - Complete download http(s) 200
2026-08-27 16:01:54,357 [INFO] ServerAccessManage:509 - Download File ITTIA_DB.I-CUBE-ITTIADB.pdsc
2026-08-27 16:01:55,282 [ERROR] LogOutputStream:75 - [STDERR_REDIRECT] [Fatal Error] :1:1: Premature end of file.
2026-08-27 16:01:55,282 [ERROR] LogOutputStream:75 - [STDERR_REDIRECT] 
2026-08-27 16:01:56,280 [ERROR] LogOutputStream:75 - [STDERR_REDIRECT] [Fatal Error] :1:1: Premature end of file.
2026-08-27 16:01:56,280 [ERROR] LogOutputStream:75 - [STDERR_REDIRECT] 
2026-08-27 16:01:57,285 [ERROR] LogOutputStream:75 - [STDERR_REDIRECT] [Fatal Error] :1:1: Premature end of file.
2026-08-27 16:01:57,285 [ERROR] LogOutputStream:75 - [STDERR_REDIRECT] 
2026-08-27 16:01:58,282 [ERROR] LogOutputStream:75 - [STDERR_REDIRECT] [Fatal Error] :1:1: Premature end of file.
2026-08-27 16:01:58,283 [ERROR] LogOutputStream:75 - [STDERR_REDIRECT] 
2026-08-27 16:01:59,284 [ERROR] LogOutputStream:75 - [STDERR_REDIRECT] [Fatal Error] :1:1: Premature end of file.
2026-08-27 16:01:59,284 [ERROR] LogOutputStream:75 - [STDERR_REDIRECT] 
2026-08-27 16:02:00,289 [ERROR] LogOutputStream:75 - [STDERR_REDIRECT] [Fatal Error] :1:1: Premature end of file.
2026-08-27 16:02:00,289 [ERROR] LogOutputStream:75 - [STDERR_REDIRECT] 
2026-08-27 16:02:01,281 [ERROR] LogOutputStream:75 - [STDERR_REDIRECT] [Fatal Error] :1:1: Premature end of file.
2026-08-27 16:02:01,281 [ERROR] LogOutputStream:75 - [STDERR_REDIRECT] 
2026-08-27 16:02:02,281 [ERROR] LogOutputStream:75 - [STDERR_REDIRECT] [Fatal Error] :1:1: Premature end of file.
2026-08-27 16:02:02,281 [ERROR] LogOutputStream:75 - [STDERR_REDIRECT] 
2026-08-27 16:02:03,283 [ERROR] LogOutputStream:75 - [STDERR_REDIRECT] [Fatal Error] :1:1: Premature end of file.
2026-08-27 16:02:03,283 [ERROR] LogOutputStream:75 - [STDERR_REDIRECT] 
2026-08-27 16:02:04,282 [ERROR] LogOutputStream:75 - [STDERR_REDIRECT] [Fatal Error] :1:1: Premature end of file.
2026-08-27 16:02:04,282 [ERROR] LogOutputStream:75 - [STDERR_REDIRECT] 
2026-08-27 16:02:05,280 [ERROR] LogOutputStream:75 - [STDERR_REDIRECT] [Fatal Error] :1:1: Premature end of file.
2026-08-27 16:02:05,280 [ERROR] LogOutputStream:75 - [STDERR_REDIRECT] 
2026-08-27 16:02:06,283 [ERROR] LogOutputStream:75 - [STDERR_REDIRECT] [Fatal Error] :1:1: Premature end of file.
2026-08-27 16:02:06,283 [ERROR] LogOutputStream:75 - [STDERR_REDIRECT] 
2026-08-27 16:02:07,278 [ERROR] LogOutputStream:75 - [STDERR_REDIRECT] [Fatal Error] :1:1: Premature end of file.
2026-08-27 16:02:07,278 [ERROR] LogOutputStream:75 - [STDERR_REDIRECT] 
2026-08-27 16:02:08,279 [ERROR] LogOutputStream:75 - [STDERR_REDIRECT] [Fatal Error] :1:1: Premature end of file.
2026-08-27 16:02:08,279 [ERROR] LogOutputStream:75 - [STDERR_REDIRECT] 
2026-08-27 16:02:09,280 [ERROR] LogOutputStream:75 - [STDERR_REDIRECT] [Fatal Error] :1:1: Premature end of file.
2026-08-27 16:02:09,280 [ERROR] LogOutputStream:75 - [STDERR_REDIRECT] 
2026-08-27 16:02:10,279 [ERROR] LogOutputStream:75 - [STDERR_REDIRECT] [Fatal Error] :1:1: Premature end of file.
2026-08-27 16:02:10,280 [ERROR] LogOutputStream:75 - [STDERR_REDIRECT] 
2026-08-27 16:02:11,279 [ERROR] LogOutputStream:75 - [STDERR_REDIRECT] [Fatal Error] :1:1: Premature end of file.
2026-08-27 16:02:11,279 [ERROR] LogOutputStream:75 - [STDERR_REDIRECT] 
2026-08-27 16:02:12,279 [ERROR] LogOutputStream:75 - [STDERR_REDIRECT] [Fatal Error] :1:1: Premature end of file.
2026-08-27 16:02:12,279 [ERROR] LogOutputStream:75 - [STDERR_REDIRECT] 
2026-08-27 16:02:13,278 [ERROR] LogOutputStream:75 - [STDERR_REDIRECT] [Fatal Error] :1:1: Premature end of file.
2026-08-27 16:02:13,278 [ERROR] LogOutputStream:75 - [STDERR_REDIRECT] 
2026-08-27 16:02:14,280 [ERROR] LogOutputStream:75 - [STDERR_REDIRECT] [Fatal Error] :1:1: Premature end of file.
2026-08-27 16:02:14,280 [ERROR] LogOutputStream:75 - [STDERR_REDIRECT] 
2026-08-27 16:02:15,280 [ERROR] LogOutputStream:75 - [STDERR_REDIRECT] [Fatal Error] :1:1: Premature end of file.
2026-08-27 16:02:15,280 [ERROR] LogOutputStream:75 - [STDERR_REDIRECT] 
2026-08-27 16:02:16,280 [ERROR] LogOutputStream:75 - [STDERR_REDIRECT] [Fatal Error] :1:1: Premature end of file.
2026-08-27 16:02:16,280 [ERROR] LogOutputStream:75 - [STDERR_REDIRECT] 
2026-08-27 16:02:17,279 [ERROR] LogOutputStream:75 - [STDERR_REDIRECT] [Fatal Error] :1:1: Premature end of file.
2026-08-27 16:02:17,279 [ERROR] LogOutputStream:75 - [STDERR_REDIRECT] 
2026-08-27 16:02:18,289 [ERROR] LogOutputStream:75 - [STDERR_REDIRECT] [Fatal Error] :1:1: Premature end of file.
2026-08-27 16:02:18,289 [ERROR] LogOutputStream:75 - [STDERR_REDIRECT] 
2026-08-27 16:02:19,013 [ERROR] ServerAccessManage:1295 - Problem during Server Connection :  IO error Connection reset
2026-08-27 16:02:19,013 [ERROR] ServerAccessManage:740 - Problem during Server Connection :  : Infineon.AIROC-Wi-Fi-Bluetooth-STM32.pdsc.
2026-08-27 16:02:19,282 [ERROR] LogOutputStream:75 - [STDERR_REDIRECT] [Fatal Error] :1:1: Premature end of file.
2026-08-27 16:02:19,283 [ERROR] LogOutputStream:75 - [STDERR_REDIRECT] 
2026-08-27 16:02:20,283 [ERROR] LogOutputStream:75 - [STDERR_REDIRECT] [Fatal Error] :1:1: Premature end of file.
2026-08-27 16:02:20,283 [ERROR] LogOutputStream:75 - [STDERR_REDIRECT] 
2026-08-27 16:02:21,283 [ERROR] LogOutputStream:75 - [STDERR_REDIRECT] [Fatal Error] :1:1: Premature end of file.
2026-08-27 16:02:21,284 [ERROR] LogOutputStream:75 - [STDERR_REDIRECT] 
2026-08-27 16:02:22,281 [ERROR] LogOutputStream:75 - [STDERR_REDIRECT] [Fatal Error] :1:1: Premature end of file.
2026-08-27 16:02:22,281 [ERROR] LogOutputStream:75 - [STDERR_REDIRECT] 
2026-08-27 16:02:23,280 [ERROR] LogOutputStream:75 - [STDERR_REDIRECT] [Fatal Error] :1:1: Premature end of file.
2026-08-27 16:02:23,280 [ERROR] LogOutputStream:75 - [STDERR_REDIRECT] 
2026-08-27 16:02:24,281 [ERROR] LogOutputStream:75 - [STDERR_REDIRECT] [Fatal Error] :1:1: Premature end of file.
2026-08-27 16:02:24,281 [ERROR] LogOutputStream:75 - [STDERR_REDIRECT] 
2026-08-27 16:02:25,281 [ERROR] LogOutputStream:75 - [STDERR_REDIRECT] [Fatal Error] :1:1: Premature end of file.
2026-08-27 16:02:25,281 [ERROR] LogOutputStream:75 - [STDERR_REDIRECT] 
2026-08-27 16:02:26,281 [ERROR] LogOutputStream:75 - [STDERR_REDIRECT] [Fatal Error] :1:1: Premature end of file.
2026-08-27 16:02:26,281 [ERROR] LogOutputStream:75 - [STDERR_REDIRECT] 
2026-08-27 16:02:27,279 [ERROR] LogOutputStream:75 - [STDERR_REDIRECT] [Fatal Error] :1:1: Premature end of file.
2026-08-27 16:02:27,279 [ERROR] LogOutputStream:75 - [STDERR_REDIRECT] 
2026-08-27 16:02:28,284 [ERROR] LogOutputStream:75 - [STDERR_REDIRECT] [Fatal Error] :1:1: Premature end of file.
2026-08-27 16:02:28,284 [ERROR] LogOutputStream:75 - [STDERR_REDIRECT] 
2026-08-27 16:02:29,283 [ERROR] LogOutputStream:75 - [STDERR_REDIRECT] [Fatal Error] :1:1: Premature end of file.
2026-08-27 16:02:29,283 [ERROR] LogOutputStream:75 - [STDERR_REDIRECT] 
2026-08-27 16:02:30,282 [ERROR] LogOutputStream:75 - [STDERR_REDIRECT] [Fatal Error] :1:1: Premature end of file.
2026-08-27 16:02:30,283 [ERROR] LogOutputStream:75 - [STDERR_REDIRECT] 
2026-08-27 16:02:31,284 [ERROR] LogOutputStream:75 - [STDERR_REDIRECT] [Fatal Error] :1:1: Premature end of file.
2026-08-27 16:02:31,285 [ERROR] LogOutputStream:75 - [STDERR_REDIRECT] 
2026-08-27 16:02:32,283 [ERROR] LogOutputStream:75 - [STDERR_REDIRECT] [Fatal Error] :1:1: Premature end of file.
2026-08-27 16:02:32,283 [ERROR] LogOutputStream:75 - [STDERR_REDIRECT] 
2026-08-27 16:02:33,281 [ERROR] LogOutputStream:75 - [STDERR_REDIRECT] [Fatal Error] :1:1: Premature end of file.
2026-08-27 16:02:33,281 [ERROR] LogOutputStream:75 - [STDERR_REDIRECT] 
2026-08-27 16:02:34,284 [ERROR] LogOutputStream:75 - [STDERR_REDIRECT] [Fatal Error] :1:1: Premature end of file.
2026-08-27 16:02:34,284 [ERROR] LogOutputStream:75 - [STDERR_REDIRECT] 
2026-08-27 16:02:35,281 [ERROR] LogOutputStream:75 - [STDERR_REDIRECT] [Fatal Error] :1:1: Premature end of file.
2026-08-27 16:02:35,281 [ERROR] LogOutputStream:75 - [STDERR_REDIRECT] 
2026-08-27 16:02:35,406 [ERROR] ServerAccessManage:1295 - Problem during Server Connection :  IO error Connection reset
2026-08-27 16:02:35,407 [ERROR] ServerAccessManage:740 - Problem during Server Connection :  : Cesanta.I-CUBE-Mongoose.pdsc.
2026-08-27 16:02:36,282 [ERROR] LogOutputStream:75 - [STDERR_REDIRECT] [Fatal Error] :1:1: Premature end of file.
2026-08-27 16:02:36,282 [ERROR] LogOutputStream:75 - [STDERR_REDIRECT] 
2026-08-27 16:02:37,281 [ERROR] LogOutputStream:75 - [STDERR_REDIRECT] [Fatal Error] :1:1: Premature end of file.
2026-08-27 16:02:37,281 [ERROR] LogOutputStream:75 - [STDERR_REDIRECT] 
2026-08-27 16:02:37,921 [INFO] ServerAccessManage:452 - Complete download http(s) 200
2026-08-27 16:02:37,921 [INFO] ServerAccessManage:509 - Download File EmbeddedOffice.I-CUBE-FS-RTOS.pdsc
2026-08-27 16:02:38,287 [ERROR] LogOutputStream:75 - [STDERR_REDIRECT] [Fatal Error] :1:1: Premature end of file.
2026-08-27 16:02:38,287 [ERROR] LogOutputStream:75 - [STDERR_REDIRECT] 
2026-08-27 16:02:39,281 [ERROR] LogOutputStream:75 - [STDERR_REDIRECT] [Fatal Error] :1:1: Premature end of file.
2026-08-27 16:02:39,281 [ERROR] LogOutputStream:75 - [STDERR_REDIRECT] 
2026-08-27 16:02:40,036 [INFO] ServerAccessManage:452 - Complete download http(s) 200
2026-08-27 16:02:40,036 [INFO] ServerAccessManage:509 - Download File quantropi.X-CUBE-qispace-sdk-base.pdsc
2026-08-27 16:02:40,281 [ERROR] LogOutputStream:75 - [STDERR_REDIRECT] [Fatal Error] :1:1: Premature end of file.
2026-08-27 16:02:40,281 [ERROR] LogOutputStream:75 - [STDERR_REDIRECT] 
2026-08-27 16:02:41,156 [INFO] ServerAccessManage:452 - Complete download http(s) 200
2026-08-27 16:02:41,156 [INFO] ServerAccessManage:509 - Download File Avnet-IOTCONNECT.X-CUBE-iotc-st67-sdk.pdsc
2026-08-27 16:02:41,235 [WARN] PackLoader:240 - Cannot read IP mode file for STMicroelectronics.FP-ATR-ASTRA1.2.0.3
2026-08-27 16:02:41,240 [WARN] PackLoader:240 - Cannot read IP mode file for STMicroelectronics.FP-ATR-SIGFOX1.3.2.0
2026-08-27 16:02:41,242 [WARN] CheckServerUpdateThread:151 - Open CheckUpdateFile Fail
2026-08-27 16:02:41,249 [WARN] PackLoader:240 - Cannot read IP mode file for STMicroelectronics.FP-SNS-STBOX1.2.1.0
2026-08-27 16:02:41,258 [WARN] PackLoader:240 - Cannot read IP mode file for STMicroelectronics.FP-SNS-FLIGHT1.5.1.0
2026-08-27 16:02:41,262 [WARN] PackLoader:240 - Cannot read IP mode file for STMicroelectronics.FP-SNS-MOTENV1.5.1.0
2026-08-27 16:02:41,265 [WARN] PackLoader:240 - Cannot read IP mode file for STMicroelectronics.FP-SNS-MOTENVWB1.1.5.0
2026-08-27 16:02:41,269 [WARN] PackLoader:240 - Cannot read IP mode file for STMicroelectronics.FP-SNS-SMARTAG2.1.2.0
2026-08-27 16:02:41,277 [WARN] PackLoader:240 - Cannot read IP mode file for STMicroelectronics.FP-SNS-STAIOTCFT.1.1.0
2026-08-27 16:02:41,281 [WARN] PackLoader:240 - Cannot read IP mode file for STMicroelectronics.X-CUBE-AI.10.2.1
2026-08-27 16:02:41,283 [ERROR] LogOutputStream:75 - [STDERR_REDIRECT] [Fatal Error] :1:1: Premature end of file.
2026-08-27 16:02:41,284 [WARN] PackLoader:240 - Cannot read IP mode file for STMicroelectronics.X-CUBE-ALS.1.0.2
2026-08-27 16:02:41,284 [ERROR] LogOutputStream:75 - [STDERR_REDIRECT] 
2026-08-27 16:02:41,288 [WARN] PackLoader:240 - Cannot read IP mode file for STMicroelectronics.X-CUBE-BLE1.7.1.0
2026-08-27 16:02:41,293 [WARN] PackLoader:240 - Cannot read IP mode file for STMicroelectronics.X-CUBE-BLE2.3.3.0
2026-08-27 16:02:41,295 [WARN] PopulateThirdPartyThread:106 - Error when creating pack: C:/Users/student/.stm32cubemx/thirdparties/pdsc/STMicroelectronics.X-CUBE-BLEMGR.pdsc
2026-08-27 16:02:41,302 [WARN] PackLoader:240 - Cannot read IP mode file for STMicroelectronics.X-CUBE-DISPLAY.3.0.0
2026-08-27 16:02:41,309 [WARN] PackLoader:240 - Cannot read IP mode file for STMicroelectronics.X-CUBE-DPower.1.3.0
2026-08-27 16:02:41,313 [WARN] PackLoader:240 - Cannot read IP mode file for STMicroelectronics.X-CUBE-EEPRMA1.5.2.0
2026-08-27 16:02:41,317 [WARN] PackLoader:240 - Cannot read IP mode file for STMicroelectronics.X-CUBE-FREERTOS.1.6.0
2026-08-27 16:02:41,322 [WARN] PackLoader:240 - Cannot read IP mode file for STMicroelectronics.X-CUBE-GNSS1.7.1.1
2026-08-27 16:02:41,326 [WARN] PackLoader:240 - Cannot read IP mode file for STMicroelectronics.X-CUBE-ISPU.2.1.0
2026-08-27 16:02:41,333 [WARN] PackLoader:240 - Cannot read IP mode file for STMicroelectronics.X-CUBE-IPS.3.2.0
2026-08-27 16:02:41,361 [WARN] PackLoader:240 - Cannot read IP mode file for STMicroelectronics.X-CUBE-MEMS1.13.0.0
2026-08-27 16:02:41,362 [INFO] CheckServerUpdateThread:120 - End of CheckServer Thread
2026-08-27 16:02:41,405 [WARN] PackLoader:240 - Cannot read IP mode file for STMicroelectronics.X-CUBE-NFC4.3.0.0
2026-08-27 16:02:41,411 [WARN] PackLoader:240 - Cannot read IP mode file for STMicroelectronics.X-CUBE-NFC6.3.2.0
2026-08-27 16:02:41,416 [WARN] PackLoader:240 - Cannot read IP mode file for STMicroelectronics.X-CUBE-NFC7.2.0.0
2026-08-27 16:02:41,419 [WARN] PackLoader:240 - Cannot read IP mode file for STMicroelectronics.X-CUBE-NFC9.1.0.0
2026-08-27 16:02:41,424 [WARN] PackLoader:240 - Cannot read IP mode file for STMicroelectronics.X-CUBE-NFC10.1.0.0
2026-08-27 16:02:41,427 [WARN] PackLoader:240 - Cannot read IP mode file for STMicroelectronics.X-CUBE-NFC12.1.0.0
2026-08-27 16:02:41,431 [WARN] PackLoader:240 - Cannot read IP mode file for STMicroelectronics.X-CUBE-NFC13.1.0.0
2026-08-27 16:02:41,435 [WARN] PackLoader:240 - Cannot read IP mode file for STMicroelectronics.X-CUBE-SFXS2LP1.4.0.0
2026-08-27 16:02:41,440 [WARN] PackLoader:240 - Cannot read IP mode file for STMicroelectronics.X-CUBE-SUBG2.5.0.0
2026-08-27 16:02:41,444 [WARN] PopulateThirdPartyThread:106 - Error when creating pack: C:/Users/student/.stm32cubemx/thirdparties/pdsc/STMicroelectronics.X-CUBE-SMBUS.pdsc
2026-08-27 16:02:41,446 [WARN] PackLoader:240 - Cannot read IP mode file for STMicroelectronics.X-CUBE-ST60.1.1.0
2026-08-27 16:02:41,448 [WARN] PopulateThirdPartyThread:106 - Error when creating pack: C:/Users/student/.stm32cubemx/thirdparties/pdsc/STMicroelectronics.X-CUBE-ST67W61.pdsc
2026-08-27 16:02:41,451 [WARN] PackLoader:240 - Cannot read IP mode file for STMicroelectronics.X-CUBE-STSE01.2.0.0
2026-08-27 16:02:41,454 [WARN] PackLoader:240 - Cannot read IP mode file for STMicroelectronics.X-CUBE-PM33A1.1.0.0
2026-08-27 16:02:41,457 [WARN] PackLoader:240 - Cannot read IP mode file for STMicroelectronics.X-CUBE-TCPP.4.2.0
2026-08-27 16:02:41,463 [WARN] PackLoader:240 - Cannot read IP mode file for STMicroelectronics.X-CUBE-TOF1.3.4.3
2026-08-27 16:02:41,470 [WARN] PackLoader:240 - Cannot read IP mode file for STMicroelectronics.X-CUBE-TOUCHGFX.4.26.1
2026-08-27 16:02:41,473 [WARN] PackLoader:240 - Cannot read IP mode file for STMicroelectronics.X-CUBE-ALGOBUILD.1.5.0
2026-08-27 16:02:41,482 [WARN] PackLoader:240 - Cannot read IP mode file for STMicroelectronics.X-CUBE-AZRTOS-H7.3.5.0
2026-08-27 16:02:41,494 [WARN] PackLoader:240 - Cannot read IP mode file for STMicroelectronics.X-CUBE-AZRTOS-H7RS.1.3.0
2026-08-27 16:02:41,504 [WARN] PackLoader:240 - Cannot read IP mode file for STMicroelectronics.X-CUBE-AZRTOS-F4.1.1.0
2026-08-27 16:02:41,515 [WARN] PackLoader:240 - Cannot read IP mode file for STMicroelectronics.X-CUBE-AZRTOS-F7.1.1.0
2026-08-27 16:02:41,533 [WARN] ConditionMgr:438 - getConditionDescription Invalid condition id : LAN8742 Phy interface Condition cause : null
2026-08-27 16:02:41,533 [WARN] PackLoader:240 - Cannot read IP mode file for STMicroelectronics.X-CUBE-AZRTOS-L4.2.0.0
2026-08-27 16:02:41,534 [WARN] ConditionMgr:1044 - genDependencies : Invalid condition id : LAN8742 Phy interface Condition cause : null
2026-08-27 16:02:41,534 [WARN] ConditionMgr:1044 - genDependencies : Invalid condition id : LAN8742 Phy interface Condition cause : null
2026-08-27 16:02:41,534 [WARN] ConditionMgr:1044 - genDependencies : Invalid condition id : LAN8742 Phy interface Condition cause : null
2026-08-27 16:02:41,542 [WARN] PackLoader:240 - Cannot read IP mode file for STMicroelectronics.X-CUBE-AZRTOS-L5.2.0.0
2026-08-27 16:02:41,548 [WARN] PackLoader:240 - Cannot read IP mode file for STMicroelectronics.X-CUBE-AZRTOS-G0.1.1.0
2026-08-27 16:02:41,555 [WARN] PackLoader:240 - Cannot read IP mode file for STMicroelectronics.X-CUBE-AZRTOS-G4.2.0.0
2026-08-27 16:02:41,561 [WARN] ConditionMgr:438 - getConditionDescription Invalid condition id : UX DEVICE CLASS RTOS Condition cause : null
2026-08-27 16:02:41,561 [WARN] ConditionMgr:438 - getConditionDescription Invalid condition id : UX DEVICE CLASS RTOS Condition cause : null
2026-08-27 16:02:41,562 [WARN] PackLoader:240 - Cannot read IP mode file for STMicroelectronics.X-CUBE-AZRTOS-WB.2.0.0
2026-08-27 16:02:41,562 [WARN] ConditionMgr:1044 - genDependencies : Invalid condition id : UX DEVICE CLASS RTOS Condition cause : null
2026-08-27 16:02:41,562 [WARN] ConditionMgr:1044 - genDependencies : Invalid condition id : UX DEVICE CLASS RTOS Condition cause : null
2026-08-27 16:02:41,562 [WARN] ConditionMgr:1044 - genDependencies : Invalid condition id : UX DEVICE CLASS RTOS Condition cause : null
2026-08-27 16:02:41,562 [WARN] ConditionMgr:1044 - genDependencies : Invalid condition id : UX DEVICE CLASS RTOS Condition cause : null
2026-08-27 16:02:41,562 [WARN] ConditionMgr:1044 - genDependencies : Invalid condition id : UX DEVICE CLASS RTOS Condition cause : null
2026-08-27 16:02:41,566 [INFO] LogOutputStream:77 - [STDOUT_REDIRECT] 1 : Invalid condition id : UX_CORESTACK_Condition cause : null
2026-08-27 16:02:41,567 [INFO] LogOutputStream:77 - [STDOUT_REDIRECT] 1 : Invalid condition id : UX_CORESTACK_Condition cause : null
2026-08-27 16:02:41,567 [INFO] LogOutputStream:77 - [STDOUT_REDIRECT] 1 : Invalid condition id : UX_CORESTACK_Condition cause : null
2026-08-27 16:02:41,568 [INFO] LogOutputStream:77 - [STDOUT_REDIRECT] 1 : Invalid condition id : UX_CORESTACK_Condition cause : null
2026-08-27 16:02:41,568 [INFO] LogOutputStream:77 - [STDOUT_REDIRECT] 1 : Invalid condition id : UX_CORESTACK_Condition cause : null
2026-08-27 16:02:41,569 [WARN] PackLoader:240 - Cannot read IP mode file for STMicroelectronics.X-CUBE-AZRTOS-WL.2.0.0
2026-08-27 16:02:41,573 [WARN] PackLoader:240 - Cannot read IP mode file for STMicroelectronics.X-CUBE-WB05N.2.1.0
2026-08-27 16:02:41,575 [WARN] PopulateThirdPartyThread:106 - Error when creating pack: C:/Users/student/.stm32cubemx/thirdparties/pdsc/STMicroelectronics.X-CUBE-WBA.pdsc
2026-08-27 16:02:41,577 [WARN] PackLoader:240 - Cannot read IP mode file for STMicroelectronics.eDS-WB_DPC_VIENNA.1.2.0
2026-08-27 16:02:41,578 [WARN] PackLoader:240 - Cannot read IP mode file for STMicroelectronics.eDS-WB_DPC_TT-BIDIR.2.1.1
2026-08-27 16:02:41,580 [WARN] PackLoader:240 - Cannot read IP mode file for STMicroelectronics.eDS-WB_DPC_3PH2L-BIDIR.1.1.1
2026-08-27 16:02:41,581 [WARN] PackLoader:240 - Cannot read IP mode file for wolfSSL.I-CUBE-wolfSSL.5.9.2
2026-08-27 16:02:41,583 [WARN] PackLoader:240 - Cannot read IP mode file for wolfSSL.I-CUBE-wolfMQTT.1.19.2
2026-08-27 16:02:41,585 [WARN] PackLoader:240 - Cannot read IP mode file for wolfSSL.I-CUBE-wolfTPM.3.8.0
2026-08-27 16:02:41,587 [WARN] PackLoader:240 - Cannot read IP mode file for wolfSSL.I-CUBE-wolfSSH.1.4.20
2026-08-27 16:02:41,589 [WARN] PackLoader:240 - Cannot read IP mode file for RealThread.X-CUBE-RT-Thread_Nano.4.1.1
2026-08-27 16:02:41,600 [WARN] PackLoader:240 - Cannot read IP mode file for SEGGER.I-CUBE-embOS.1.3.1
2026-08-27 16:02:41,619 [WARN] PackLoader:240 - Cannot read IP mode file for emotas.I-CUBE-CANOPEN.1.3.0
2026-08-27 16:02:41,623 [WARN] PackLoader:240 - Cannot read IP mode file for WES.I-CUBE-Cesium.1.4.0
2026-08-27 16:02:41,626 [WARN] PackLoader:240 - Cannot read IP mode file for ITTIA_DB.I-CUBE-ITTIADB.8.9.0
2026-08-27 16:02:41,629 [WARN] PackLoader:240 - Cannot read IP mode file for EmbeddedOffice.I-CUBE-FS-RTOS.1.0.1
2026-08-27 16:02:41,631 [WARN] ConditionMgr:438 - getConditionDescription Invalid condition id : Cortex-A Device cause : null
2026-08-27 16:02:41,639 [WARN] ConditionMgr:1044 - genDependencies : Invalid condition id : Cortex-A Device cause : null
2026-08-27 16:02:41,639 [WARN] ConditionMgr:1044 - genDependencies : Invalid condition id : Cortex-A Device cause : null
2026-08-27 16:02:41,639 [WARN] ConditionMgr:1044 - genDependencies : Invalid condition id : Cortex-A Device cause : null
2026-08-27 16:02:41,645 [INFO] PopulateThirdPartyThread:66 - Ending populate Thread
2026-08-27 16:02:41,646 [INFO] ThirdParty:1030 - CMSIS Pack Vendor :STMicroelectronics X-CUBE-AZRTOS-H7 3.5.0
2026-08-27 16:02:41,646 [INFO] ThirdParty:1030 - CMSIS Pack Vendor :STMicroelectronics X-CUBE-PM33A1 1.0.0
2026-08-27 16:02:41,646 [INFO] ThirdParty:1030 - CMSIS Pack Vendor :STMicroelectronics X-CUBE-NFC9 1.0.0
2026-08-27 16:02:41,646 [INFO] ThirdParty:1030 - CMSIS Pack Vendor :STMicroelectronics FP-ATR-ASTRA1 2.0.3
2026-08-27 16:02:41,646 [INFO] ThirdParty:1030 - CMSIS Pack Vendor :STMicroelectronics X-CUBE-AZRTOS-F4 1.1.0
2026-08-27 16:02:41,646 [INFO] ThirdParty:1030 - CMSIS Pack Vendor :STMicroelectronics X-CUBE-BLE1 7.1.0
2026-08-27 16:02:41,646 [INFO] ThirdParty:1030 - CMSIS Pack Vendor :wolfSSL I-CUBE-wolfMQTT 1.19.2
2026-08-27 16:02:41,646 [INFO] ThirdParty:1030 - CMSIS Pack Vendor :STMicroelectronics X-CUBE-ISPU 2.1.0
2026-08-27 16:02:41,646 [INFO] ThirdParty:1030 - CMSIS Pack Vendor :STMicroelectronics X-CUBE-EEPRMA1 5.2.0
2026-08-27 16:02:41,646 [INFO] ThirdParty:1030 - CMSIS Pack Vendor :STMicroelectronics X-CUBE-IPS 3.2.0
2026-08-27 16:02:41,646 [INFO] ThirdParty:1030 - CMSIS Pack Vendor :STMicroelectronics eDS-WB_DPC_TT-BIDIR 2.1.1
2026-08-27 16:02:41,647 [INFO] ThirdParty:1030 - CMSIS Pack Vendor :STMicroelectronics X-CUBE-AZRTOS-WB 2.0.0
2026-08-27 16:02:41,647 [INFO] ThirdParty:1030 - CMSIS Pack Vendor :STMicroelectronics X-CUBE-NFC12 1.0.0
2026-08-27 16:02:41,647 [INFO] ThirdParty:1030 - CMSIS Pack Vendor :STMicroelectronics X-CUBE-AZRTOS-F7 1.1.0
2026-08-27 16:02:41,647 [INFO] ThirdParty:1030 - CMSIS Pack Vendor :STMicroelectronics X-CUBE-AZRTOS-L5 2.0.0
2026-08-27 16:02:41,647 [INFO] ThirdParty:1030 - CMSIS Pack Vendor :STMicroelectronics X-CUBE-FREERTOS 1.6.0
2026-08-27 16:02:41,647 [INFO] ThirdParty:1030 - CMSIS Pack Vendor :STMicroelectronics FP-SNS-STAIOTCFT 1.1.0
2026-08-27 16:02:41,647 [INFO] ThirdParty:1030 - CMSIS Pack Vendor :quantropi X-CUBE-qispace-sdk-base 2.1.0
2026-08-27 16:02:41,647 [INFO] ThirdParty:1030 - CMSIS Pack Vendor :STMicroelectronics X-CUBE-STSE01 2.0.0
2026-08-27 16:02:41,647 [INFO] ThirdParty:1030 - CMSIS Pack Vendor :STMicroelectronics X-CUBE-ALGOBUILD 1.5.0
2026-08-27 16:02:41,647 [INFO] ThirdParty:1030 - CMSIS Pack Vendor :STMicroelectronics FP-SNS-MOTENV1 5.1.0
2026-08-27 16:02:41,647 [INFO] ThirdParty:1030 - CMSIS Pack Vendor :STMicroelectronics X-CUBE-AZRTOS-H7RS 1.3.0
2026-08-27 16:02:41,647 [INFO] ThirdParty:1030 - CMSIS Pack Vendor :STMicroelectronics X-CUBE-AZRTOS-G0 1.1.0
2026-08-27 16:02:41,647 [INFO] ThirdParty:1030 - CMSIS Pack Vendor :STMicroelectronics X-CUBE-NFC4 3.0.0
2026-08-27 16:02:41,647 [INFO] ThirdParty:1030 - CMSIS Pack Vendor :STMicroelectronics X-CUBE-SUBG2 5.0.0
2026-08-27 16:02:41,647 [INFO] ThirdParty:1030 - CMSIS Pack Vendor :STMicroelectronics eDS-WB_DPC_VIENNA 1.2.0
2026-08-27 16:02:41,647 [INFO] ThirdParty:1030 - CMSIS Pack Vendor :EmbeddedOffice I-CUBE-FS-RTOS 1.0.1
2026-08-27 16:02:41,647 [INFO] ThirdParty:1030 - CMSIS Pack Vendor :STMicroelectronics X-CUBE-MEMS1 13.0.0
2026-08-27 16:02:41,647 [INFO] ThirdParty:1030 - CMSIS Pack Vendor :WES I-CUBE-Cesium 1.4.0
2026-08-27 16:02:41,647 [INFO] ThirdParty:1030 - CMSIS Pack Vendor :STMicroelectronics eDS-WB_DPC_3PH2L-BIDIR 1.1.1
2026-08-27 16:02:41,647 [INFO] ThirdParty:1030 - CMSIS Pack Vendor :STMicroelectronics X-CUBE-AZRTOS-G4 2.0.0
2026-08-27 16:02:41,647 [INFO] ThirdParty:1030 - CMSIS Pack Vendor :wolfSSL I-CUBE-wolfTPM 3.8.0
2026-08-27 16:02:41,647 [INFO] ThirdParty:1030 - CMSIS Pack Vendor :STMicroelectronics X-CUBE-DISPLAY 3.0.0
2026-08-27 16:02:41,647 [INFO] ThirdParty:1030 - CMSIS Pack Vendor :wolfSSL I-CUBE-wolfSSH 1.4.20
2026-08-27 16:02:41,647 [INFO] ThirdParty:1030 - CMSIS Pack Vendor :STMicroelectronics X-CUBE-NFC7 2.0.0
2026-08-27 16:02:41,647 [INFO] ThirdParty:1030 - CMSIS Pack Vendor :STMicroelectronics FP-SNS-MOTENVWB1 1.5.0
2026-08-27 16:02:41,647 [INFO] ThirdParty:1030 - CMSIS Pack Vendor :STMicroelectronics X-CUBE-GNSS1 7.1.1
2026-08-27 16:02:41,647 [INFO] ThirdParty:1030 - CMSIS Pack Vendor :STMicroelectronics X-CUBE-TCPP 4.2.0
2026-08-27 16:02:41,647 [INFO] ThirdParty:1030 - CMSIS Pack Vendor :RealThread X-CUBE-RT-Thread_Nano 4.1.1
2026-08-27 16:02:41,647 [INFO] ThirdParty:1030 - CMSIS Pack Vendor :STMicroelectronics FP-ATR-SIGFOX1 3.2.0
2026-08-27 16:02:41,647 [INFO] ThirdParty:1030 - CMSIS Pack Vendor :STMicroelectronics X-CUBE-NFC10 1.0.0
2026-08-27 16:02:41,647 [INFO] ThirdParty:1030 - CMSIS Pack Vendor :STMicroelectronics X-CUBE-ALS 1.0.2
2026-08-27 16:02:41,647 [INFO] ThirdParty:1030 - CMSIS Pack Vendor :STMicroelectronics X-CUBE-ST60 1.1.0
2026-08-27 16:02:41,647 [INFO] ThirdParty:1030 - CMSIS Pack Vendor :emotas I-CUBE-CANOPEN 1.3.0
2026-08-27 16:02:41,647 [INFO] ThirdParty:1030 - CMSIS Pack Vendor :wolfSSL I-CUBE-wolfSSL 5.9.2
2026-08-27 16:02:41,647 [INFO] ThirdParty:1030 - CMSIS Pack Vendor :ITTIA_DB I-CUBE-ITTIADB 8.9.0
2026-08-27 16:02:41,647 [INFO] ThirdParty:1030 - CMSIS Pack Vendor :STMicroelectronics X-CUBE-TOUCHGFX 4.26.1
2026-08-27 16:02:41,647 [INFO] ThirdParty:1030 - CMSIS Pack Vendor :STMicroelectronics X-CUBE-NFC6 3.2.0
2026-08-27 16:02:41,647 [INFO] ThirdParty:1030 - CMSIS Pack Vendor :STMicroelectronics FP-SNS-STBOX1 2.1.0
2026-08-27 16:02:41,647 [INFO] ThirdParty:1030 - CMSIS Pack Vendor :STMicroelectronics X-CUBE-AI 10.2.1
2026-08-27 16:02:41,647 [INFO] ThirdParty:1030 - CMSIS Pack Vendor :STMicroelectronics FP-SNS-SMARTAG2 1.2.0
2026-08-27 16:02:41,647 [INFO] ThirdParty:1030 - CMSIS Pack Vendor :STMicroelectronics FP-SNS-FLIGHT1 5.1.0
2026-08-27 16:02:41,647 [INFO] ThirdParty:1030 - CMSIS Pack Vendor :STMicroelectronics X-CUBE-AZRTOS-WL 2.0.0
2026-08-27 16:02:41,647 [INFO] ThirdParty:1030 - CMSIS Pack Vendor :SEGGER I-CUBE-embOS 1.3.1
2026-08-27 16:02:41,647 [INFO] ThirdParty:1030 - CMSIS Pack Vendor :STMicroelectronics X-CUBE-DPower 1.3.0
2026-08-27 16:02:41,647 [INFO] ThirdParty:1030 - CMSIS Pack Vendor :STMicroelectronics X-CUBE-AZRTOS-L4 2.0.0
2026-08-27 16:02:41,647 [INFO] ThirdParty:1030 - CMSIS Pack Vendor :STMicroelectronics X-CUBE-SFXS2LP1 4.0.0
2026-08-27 16:02:41,647 [INFO] ThirdParty:1030 - CMSIS Pack Vendor :STMicroelectronics X-CUBE-BLE2 3.3.0
2026-08-27 16:02:41,647 [INFO] ThirdParty:1030 - CMSIS Pack Vendor :Avnet-IOTCONNECT X-CUBE-iotc-st67-sdk 1.0.0
2026-08-27 16:02:41,647 [INFO] ThirdParty:1030 - CMSIS Pack Vendor :STMicroelectronics X-CUBE-TOF1 3.4.3
2026-08-27 16:02:41,647 [INFO] ThirdParty:1030 - CMSIS Pack Vendor :STMicroelectronics X-CUBE-NFC13 1.0.0
2026-08-27 16:02:41,647 [INFO] ThirdParty:1030 - CMSIS Pack Vendor :STMicroelectronics X-CUBE-WB05N 2.1.0
2026-08-27 16:02:41,648 [INFO] LoadServerUpdatesThread:375 - End of LoadServerUpdate Thread
2026-08-27 16:02:42,281 [ERROR] LogOutputStream:75 - [STDERR_REDIRECT] [Fatal Error] :1:1: Premature end of file.
2026-08-27 16:02:42,281 [ERROR] LogOutputStream:75 - [STDERR_REDIRECT] 
2026-08-27 16:02:43,284 [ERROR] LogOutputStream:75 - [STDERR_REDIRECT] [Fatal Error] :1:1: Premature end of file.
2026-08-27 16:02:43,284 [ERROR] LogOutputStream:75 - [STDERR_REDIRECT] 
2026-08-27 16:02:44,281 [ERROR] LogOutputStream:75 - [STDERR_REDIRECT] [Fatal Error] :1:1: Premature end of file.
2026-08-27 16:02:44,281 [ERROR] LogOutputStream:75 - [STDERR_REDIRECT] 
2026-08-27 16:02:45,281 [ERROR] LogOutputStream:75 - [STDERR_REDIRECT] [Fatal Error] :1:1: Premature end of file.
2026-08-27 16:02:45,281 [ERROR] LogOutputStream:75 - [STDERR_REDIRECT] 
2026-08-27 16:02:46,280 [ERROR] LogOutputStream:75 - [STDERR_REDIRECT] [Fatal Error] :1:1: Premature end of file.
2026-08-27 16:02:46,281 [ERROR] LogOutputStream:75 - [STDERR_REDIRECT] 
2026-08-27 16:02:47,284 [ERROR] LogOutputStream:75 - [STDERR_REDIRECT] [Fatal Error] :1:1: Premature end of file.
2026-08-27 16:02:47,284 [ERROR] LogOutputStream:75 - [STDERR_REDIRECT] 
2026-08-27 16:02:48,283 [ERROR] LogOutputStream:75 - [STDERR_REDIRECT] [Fatal Error] :1:1: Premature end of file.
2026-08-27 16:02:48,283 [ERROR] LogOutputStream:75 - [STDERR_REDIRECT] 
2026-08-27 16:02:49,278 [ERROR] LogOutputStream:75 - [STDERR_REDIRECT] [Fatal Error] :1:1: Premature end of file.
2026-08-27 16:02:49,278 [ERROR] LogOutputStream:75 - [STDERR_REDIRECT] 
2026-08-27 16:02:50,285 [ERROR] LogOutputStream:75 - [STDERR_REDIRECT] [Fatal Error] :1:1: Premature end of file.
2026-08-27 16:02:50,285 [ERROR] LogOutputStream:75 - [STDERR_REDIRECT] 
2026-08-27 16:02:51,280 [ERROR] LogOutputStream:75 - [STDERR_REDIRECT] [Fatal Error] :1:1: Premature end of file.
2026-08-27 16:02:51,280 [ERROR] LogOutputStream:75 - [STDERR_REDIRECT] 
2026-08-27 16:02:52,279 [ERROR] LogOutputStream:75 - [STDERR_REDIRECT] [Fatal Error] :1:1: Premature end of file.
2026-08-27 16:02:52,279 [ERROR] LogOutputStream:75 - [STDERR_REDIRECT] 
2026-08-27 16:02:53,280 [ERROR] LogOutputStream:75 - [STDERR_REDIRECT] [Fatal Error] :1:1: Premature end of file.
2026-08-27 16:02:53,280 [ERROR] LogOutputStream:75 - [STDERR_REDIRECT] 
2026-08-27 16:02:54,284 [ERROR] LogOutputStream:75 - [STDERR_REDIRECT] [Fatal Error] :1:1: Premature end of file.
2026-08-27 16:02:54,284 [ERROR] LogOutputStream:75 - [STDERR_REDIRECT] 
2026-08-27 16:02:55,285 [ERROR] LogOutputStream:75 - [STDERR_REDIRECT] [Fatal Error] :1:1: Premature end of file.
2026-08-27 16:02:55,285 [ERROR] LogOutputStream:75 - [STDERR_REDIRECT] 
2026-08-27 16:02:56,282 [ERROR] LogOutputStream:75 - [STDERR_REDIRECT] [Fatal Error] :1:1: Premature end of file.
2026-08-27 16:02:56,282 [ERROR] LogOutputStream:75 - [STDERR_REDIRECT] 
2026-08-27 16:02:57,281 [ERROR] LogOutputStream:75 - [STDERR_REDIRECT] [Fatal Error] :1:1: Premature end of file.
2026-08-27 16:02:57,281 [ERROR] LogOutputStream:75 - [STDERR_REDIRECT] 
2026-08-27 16:02:58,282 [ERROR] LogOutputStream:75 - [STDERR_REDIRECT] [Fatal Error] :1:1: Premature end of file.
2026-08-27 16:02:58,282 [ERROR] LogOutputStream:75 - [STDERR_REDIRECT] 
2026-08-27 16:02:59,281 [ERROR] LogOutputStream:75 - [STDERR_REDIRECT] [Fatal Error] :1:1: Premature end of file.
2026-08-27 16:02:59,281 [ERROR] LogOutputStream:75 - [STDERR_REDIRECT] 
2026-08-27 16:03:00,281 [ERROR] LogOutputStream:75 - [STDERR_REDIRECT] [Fatal Error] :1:1: Premature end of file.
2026-08-27 16:03:00,281 [ERROR] LogOutputStream:75 - [STDERR_REDIRECT] 
2026-08-27 16:03:01,281 [ERROR] LogOutputStream:75 - [STDERR_REDIRECT] [Fatal Error] :1:1: Premature end of file.
2026-08-27 16:03:01,281 [ERROR] LogOutputStream:75 - [STDERR_REDIRECT] 
2026-08-27 16:03:02,279 [ERROR] LogOutputStream:75 - [STDERR_REDIRECT] [Fatal Error] :1:1: Premature end of file.
2026-08-27 16:03:02,280 [ERROR] LogOutputStream:75 - [STDERR_REDIRECT] 
2026-08-27 16:03:03,279 [ERROR] LogOutputStream:75 - [STDERR_REDIRECT] [Fatal Error] :1:1: Premature end of file.
2026-08-27 16:03:03,280 [ERROR] LogOutputStream:75 - [STDERR_REDIRECT] 
2026-08-27 16:03:04,285 [ERROR] LogOutputStream:75 - [STDERR_REDIRECT] [Fatal Error] :1:1: Premature end of file.
2026-08-27 16:03:04,285 [ERROR] LogOutputStream:75 - [STDERR_REDIRECT] 
2026-08-27 16:03:05,284 [ERROR] LogOutputStream:75 - [STDERR_REDIRECT] [Fatal Error] :1:1: Premature end of file.
2026-08-27 16:03:05,284 [ERROR] LogOutputStream:75 - [STDERR_REDIRECT] 
2026-08-27 16:03:05,376 [INFO] McuFinderGlobals:63 - Set McuFinder mode to 2 (CubeIDE integrated)
2026-08-27 16:03:05,379 [INFO] MainUpdater:2872 - connection check result : 10
2026-08-27 16:03:05,381 [INFO] McuFinderGlobals:76 - Set McuFinderConnectedMode to true
2026-08-27 16:03:05,844 [INFO] ServerAccessManage:452 - Complete download http(s) 200
2026-08-27 16:03:05,845 [INFO] ServerAccessManage:509 - Download File mcusAds.json._tmp_
2026-08-27 16:03:05,951 [INFO] LoadUrlFilesThread:156 - End of LoadUrlFiles Thread
2026-08-27 16:03:06,068 [INFO] ServerAccessManage:452 - Complete download http(s) 200
2026-08-27 16:03:06,069 [INFO] ServerAccessManage:509 - Download File cube-finder-db.zip
2026-08-27 16:03:06,289 [ERROR] LogOutputStream:75 - [STDERR_REDIRECT] [Fatal Error] :1:1: Premature end of file.
2026-08-27 16:03:06,289 [ERROR] LogOutputStream:75 - [STDERR_REDIRECT] 
2026-08-27 16:03:07,281 [ERROR] LogOutputStream:75 - [STDERR_REDIRECT] [Fatal Error] :1:1: Premature end of file.
2026-08-27 16:03:07,281 [ERROR] LogOutputStream:75 - [STDERR_REDIRECT] 
2026-08-27 16:03:08,278 [ERROR] LogOutputStream:75 - [STDERR_REDIRECT] [Fatal Error] :1:1: Premature end of file.
2026-08-27 16:03:08,278 [ERROR] LogOutputStream:75 - [STDERR_REDIRECT] 
2026-08-27 16:03:09,280 [ERROR] LogOutputStream:75 - [STDERR_REDIRECT] [Fatal Error] :1:1: Premature end of file.
2026-08-27 16:03:09,280 [ERROR] LogOutputStream:75 - [STDERR_REDIRECT] 
2026-08-27 16:03:10,279 [ERROR] LogOutputStream:75 - [STDERR_REDIRECT] [Fatal Error] :1:1: Premature end of file.
2026-08-27 16:03:10,279 [ERROR] LogOutputStream:75 - [STDERR_REDIRECT] 
2026-08-27 16:03:11,281 [ERROR] LogOutputStream:75 - [STDERR_REDIRECT] [Fatal Error] :1:1: Premature end of file.
2026-08-27 16:03:11,281 [ERROR] LogOutputStream:75 - [STDERR_REDIRECT] 
2026-08-27 16:03:12,280 [ERROR] LogOutputStream:75 - [STDERR_REDIRECT] [Fatal Error] :1:1: Premature end of file.
2026-08-27 16:03:12,280 [ERROR] LogOutputStream:75 - [STDERR_REDIRECT] 
2026-08-27 16:03:13,279 [ERROR] LogOutputStream:75 - [STDERR_REDIRECT] [Fatal Error] :1:1: Premature end of file.
2026-08-27 16:03:13,280 [ERROR] LogOutputStream:75 - [STDERR_REDIRECT] 
2026-08-27 16:03:14,281 [ERROR] LogOutputStream:75 - [STDERR_REDIRECT] [Fatal Error] :1:1: Premature end of file.
2026-08-27 16:03:14,281 [ERROR] LogOutputStream:75 - [STDERR_REDIRECT] 
2026-08-27 16:03:15,282 [ERROR] LogOutputStream:75 - [STDERR_REDIRECT] [Fatal Error] :1:1: Premature end of file.
2026-08-27 16:03:15,282 [ERROR] LogOutputStream:75 - [STDERR_REDIRECT] 
2026-08-27 16:03:16,279 [ERROR] LogOutputStream:75 - [STDERR_REDIRECT] [Fatal Error] :1:1: Premature end of file.
2026-08-27 16:03:16,279 [ERROR] LogOutputStream:75 - [STDERR_REDIRECT] 
2026-08-27 16:03:17,280 [ERROR] LogOutputStream:75 - [STDERR_REDIRECT] [Fatal Error] :1:1: Premature end of file.
2026-08-27 16:03:17,280 [ERROR] LogOutputStream:75 - [STDERR_REDIRECT] 
2026-08-27 16:03:18,282 [ERROR] LogOutputStream:75 - [STDERR_REDIRECT] [Fatal Error] :1:1: Premature end of file.
2026-08-27 16:03:18,282 [ERROR] LogOutputStream:75 - [STDERR_REDIRECT] 
2026-08-27 16:03:19,279 [ERROR] LogOutputStream:75 - [STDERR_REDIRECT] [Fatal Error] :1:1: Premature end of file.
2026-08-27 16:03:19,279 [ERROR] LogOutputStream:75 - [STDERR_REDIRECT] 
2026-08-27 16:03:20,280 [ERROR] LogOutputStream:75 - [STDERR_REDIRECT] [Fatal Error] :1:1: Premature end of file.
2026-08-27 16:03:20,280 [ERROR] LogOutputStream:75 - [STDERR_REDIRECT] 
2026-08-27 16:03:21,283 [ERROR] LogOutputStream:75 - [STDERR_REDIRECT] [Fatal Error] :1:1: Premature end of file.
2026-08-27 16:03:21,283 [ERROR] LogOutputStream:75 - [STDERR_REDIRECT] 
2026-08-27 16:03:22,282 [ERROR] LogOutputStream:75 - [STDERR_REDIRECT] [Fatal Error] :1:1: Premature end of file.
2026-08-27 16:03:22,282 [ERROR] LogOutputStream:75 - [STDERR_REDIRECT] 
2026-08-27 16:03:23,280 [ERROR] LogOutputStream:75 - [STDERR_REDIRECT] [Fatal Error] :1:1: Premature end of file.
2026-08-27 16:03:23,280 [ERROR] LogOutputStream:75 - [STDERR_REDIRECT] 
2026-08-27 16:03:24,282 [ERROR] LogOutputStream:75 - [STDERR_REDIRECT] [Fatal Error] :1:1: Premature end of file.
2026-08-27 16:03:24,282 [ERROR] LogOutputStream:75 - [STDERR_REDIRECT] 
2026-08-27 16:03:25,279 [ERROR] LogOutputStream:75 - [STDERR_REDIRECT] [Fatal Error] :1:1: Premature end of file.
2026-08-27 16:03:25,279 [ERROR] LogOutputStream:75 - [STDERR_REDIRECT] 
2026-08-27 16:03:26,282 [ERROR] LogOutputStream:75 - [STDERR_REDIRECT] [Fatal Error] :1:1: Premature end of file.
2026-08-27 16:03:26,282 [ERROR] LogOutputStream:75 - [STDERR_REDIRECT] 
2026-08-27 16:03:27,282 [ERROR] LogOutputStream:75 - [STDERR_REDIRECT] [Fatal Error] :1:1: Premature end of file.
2026-08-27 16:03:27,282 [ERROR] LogOutputStream:75 - [STDERR_REDIRECT] 
2026-08-27 16:03:28,282 [ERROR] LogOutputStream:75 - [STDERR_REDIRECT] [Fatal Error] :1:1: Premature end of file.
2026-08-27 16:03:28,283 [ERROR] LogOutputStream:75 - [STDERR_REDIRECT] 
2026-08-27 16:03:29,280 [ERROR] LogOutputStream:75 - [STDERR_REDIRECT] [Fatal Error] :1:1: Premature end of file.
2026-08-27 16:03:29,280 [ERROR] LogOutputStream:75 - [STDERR_REDIRECT] 
2026-08-27 16:03:30,279 [ERROR] LogOutputStream:75 - [STDERR_REDIRECT] [Fatal Error] :1:1: Premature end of file.
2026-08-27 16:03:30,279 [ERROR] LogOutputStream:75 - [STDERR_REDIRECT] 
2026-08-27 16:03:31,281 [ERROR] LogOutputStream:75 - [STDERR_REDIRECT] [Fatal Error] :1:1: Premature end of file.
2026-08-27 16:03:31,282 [ERROR] LogOutputStream:75 - [STDERR_REDIRECT] 
2026-08-27 16:03:32,281 [ERROR] LogOutputStream:75 - [STDERR_REDIRECT] [Fatal Error] :1:1: Premature end of file.
2026-08-27 16:03:32,281 [ERROR] LogOutputStream:75 - [STDERR_REDIRECT] 
2026-08-27 16:03:33,279 [ERROR] LogOutputStream:75 - [STDERR_REDIRECT] [Fatal Error] :1:1: Premature end of file.
2026-08-27 16:03:33,279 [ERROR] LogOutputStream:75 - [STDERR_REDIRECT] 
2026-08-27 16:03:34,280 [ERROR] LogOutputStream:75 - [STDERR_REDIRECT] [Fatal Error] :1:1: Premature end of file.
2026-08-27 16:03:34,280 [ERROR] LogOutputStream:75 - [STDERR_REDIRECT] 
2026-08-27 16:03:35,283 [ERROR] LogOutputStream:75 - [STDERR_REDIRECT] [Fatal Error] :1:1: Premature end of file.
2026-08-27 16:03:35,283 [ERROR] LogOutputStream:75 - [STDERR_REDIRECT] 
2026-08-27 16:03:36,281 [ERROR] LogOutputStream:75 - [STDERR_REDIRECT] [Fatal Error] :1:1: Premature end of file.
2026-08-27 16:03:36,281 [ERROR] LogOutputStream:75 - [STDERR_REDIRECT] 
2026-08-27 16:03:37,281 [ERROR] LogOutputStream:75 - [STDERR_REDIRECT] [Fatal Error] :1:1: Premature end of file.
2026-08-27 16:03:37,281 [ERROR] LogOutputStream:75 - [STDERR_REDIRECT] 
2026-08-27 16:03:38,279 [ERROR] LogOutputStream:75 - [STDERR_REDIRECT] [Fatal Error] :1:1: Premature end of file.
2026-08-27 16:03:38,279 [ERROR] LogOutputStream:75 - [STDERR_REDIRECT] 
2026-08-27 16:03:39,281 [ERROR] LogOutputStream:75 - [STDERR_REDIRECT] [Fatal Error] :1:1: Premature end of file.
2026-08-27 16:03:39,282 [ERROR] LogOutputStream:75 - [STDERR_REDIRECT] 
2026-08-27 16:03:40,285 [ERROR] LogOutputStream:75 - [STDERR_REDIRECT] [Fatal Error] :1:1: Premature end of file.
2026-08-27 16:03:40,285 [ERROR] LogOutputStream:75 - [STDERR_REDIRECT] 
2026-08-27 16:03:41,279 [ERROR] LogOutputStream:75 - [STDERR_REDIRECT] [Fatal Error] :1:1: Premature end of file.
2026-08-27 16:03:41,279 [ERROR] LogOutputStream:75 - [STDERR_REDIRECT] 
2026-08-27 16:03:42,281 [ERROR] LogOutputStream:75 - [STDERR_REDIRECT] [Fatal Error] :1:1: Premature end of file.
2026-08-27 16:03:42,281 [ERROR] LogOutputStream:75 - [STDERR_REDIRECT] 
2026-08-27 16:03:43,287 [ERROR] LogOutputStream:75 - [STDERR_REDIRECT] [Fatal Error] :1:1: Premature end of file.
2026-08-27 16:03:43,287 [ERROR] LogOutputStream:75 - [STDERR_REDIRECT] 
2026-08-27 16:03:44,281 [ERROR] LogOutputStream:75 - [STDERR_REDIRECT] [Fatal Error] :1:1: Premature end of file.
2026-08-27 16:03:44,281 [ERROR] LogOutputStream:75 - [STDERR_REDIRECT] 
2026-08-27 16:03:45,279 [ERROR] LogOutputStream:75 - [STDERR_REDIRECT] [Fatal Error] :1:1: Premature end of file.
2026-08-27 16:03:45,280 [ERROR] LogOutputStream:75 - [STDERR_REDIRECT] 
2026-08-27 16:03:46,277 [ERROR] LogOutputStream:75 - [STDERR_REDIRECT] [Fatal Error] :1:1: Premature end of file.
2026-08-27 16:03:46,277 [ERROR] LogOutputStream:75 - [STDERR_REDIRECT] 
2026-08-27 16:03:47,280 [ERROR] LogOutputStream:75 - [STDERR_REDIRECT] [Fatal Error] :1:1: Premature end of file.
2026-08-27 16:03:47,280 [ERROR] LogOutputStream:75 - [STDERR_REDIRECT] 
2026-08-27 16:03:48,280 [ERROR] LogOutputStream:75 - [STDERR_REDIRECT] [Fatal Error] :1:1: Premature end of file.
2026-08-27 16:03:48,280 [ERROR] LogOutputStream:75 - [STDERR_REDIRECT] 
2026-08-27 16:03:49,282 [ERROR] LogOutputStream:75 - [STDERR_REDIRECT] [Fatal Error] :1:1: Premature end of file.
2026-08-27 16:03:49,282 [ERROR] LogOutputStream:75 - [STDERR_REDIRECT] 
2026-08-27 16:03:50,281 [ERROR] LogOutputStream:75 - [STDERR_REDIRECT] [Fatal Error] :1:1: Premature end of file.
2026-08-27 16:03:50,282 [ERROR] LogOutputStream:75 - [STDERR_REDIRECT] 
2026-08-27 16:03:51,279 [ERROR] LogOutputStream:75 - [STDERR_REDIRECT] [Fatal Error] :1:1: Premature end of file.
2026-08-27 16:03:51,279 [ERROR] LogOutputStream:75 - [STDERR_REDIRECT] 
2026-08-27 16:03:52,282 [ERROR] LogOutputStream:75 - [STDERR_REDIRECT] [Fatal Error] :1:1: Premature end of file.
2026-08-27 16:03:52,282 [ERROR] LogOutputStream:75 - [STDERR_REDIRECT] 
2026-08-27 16:03:53,281 [ERROR] LogOutputStream:75 - [STDERR_REDIRECT] [Fatal Error] :1:1: Premature end of file.
2026-08-27 16:03:53,281 [ERROR] LogOutputStream:75 - [STDERR_REDIRECT] 
2026-08-27 16:03:54,279 [ERROR] LogOutputStream:75 - [STDERR_REDIRECT] [Fatal Error] :1:1: Premature end of file.
2026-08-27 16:03:54,279 [ERROR] LogOutputStream:75 - [STDERR_REDIRECT] 
2026-08-27 16:03:55,281 [ERROR] LogOutputStream:75 - [STDERR_REDIRECT] [Fatal Error] :1:1: Premature end of file.
2026-08-27 16:03:55,281 [ERROR] LogOutputStream:75 - [STDERR_REDIRECT] 
2026-08-27 16:03:56,281 [ERROR] LogOutputStream:75 - [STDERR_REDIRECT] [Fatal Error] :1:1: Premature end of file.
2026-08-27 16:03:56,281 [ERROR] LogOutputStream:75 - [STDERR_REDIRECT] 
2026-08-27 16:03:57,281 [ERROR] LogOutputStream:75 - [STDERR_REDIRECT] [Fatal Error] :1:1: Premature end of file.
2026-08-27 16:03:57,281 [ERROR] LogOutputStream:75 - [STDERR_REDIRECT] 
2026-08-27 16:03:58,281 [ERROR] LogOutputStream:75 - [STDERR_REDIRECT] [Fatal Error] :1:1: Premature end of file.
2026-08-27 16:03:58,281 [ERROR] LogOutputStream:75 - [STDERR_REDIRECT] 
2026-08-27 16:03:59,278 [ERROR] LogOutputStream:75 - [STDERR_REDIRECT] [Fatal Error] :1:1: Premature end of file.
2026-08-27 16:03:59,278 [ERROR] LogOutputStream:75 - [STDERR_REDIRECT] 
2026-08-27 16:04:00,281 [ERROR] LogOutputStream:75 - [STDERR_REDIRECT] [Fatal Error] :1:1: Premature end of file.
2026-08-27 16:04:00,282 [ERROR] LogOutputStream:75 - [STDERR_REDIRECT] 
2026-08-27 16:04:01,280 [ERROR] LogOutputStream:75 - [STDERR_REDIRECT] [Fatal Error] :1:1: Premature end of file.
2026-08-27 16:04:01,280 [ERROR] LogOutputStream:75 - [STDERR_REDIRECT] 
2026-08-27 16:04:02,281 [ERROR] LogOutputStream:75 - [STDERR_REDIRECT] [Fatal Error] :1:1: Premature end of file.
2026-08-27 16:04:02,282 [ERROR] LogOutputStream:75 - [STDERR_REDIRECT] 
2026-08-27 16:04:03,281 [ERROR] LogOutputStream:75 - [STDERR_REDIRECT] [Fatal Error] :1:1: Premature end of file.
2026-08-27 16:04:03,281 [ERROR] LogOutputStream:75 - [STDERR_REDIRECT] 
2026-08-27 16:04:04,281 [ERROR] LogOutputStream:75 - [STDERR_REDIRECT] [Fatal Error] :1:1: Premature end of file.
2026-08-27 16:04:04,281 [ERROR] LogOutputStream:75 - [STDERR_REDIRECT] 
2026-08-27 16:04:05,282 [ERROR] LogOutputStream:75 - [STDERR_REDIRECT] [Fatal Error] :1:1: Premature end of file.
2026-08-27 16:04:05,282 [ERROR] LogOutputStream:75 - [STDERR_REDIRECT] 
2026-08-27 16:04:06,279 [ERROR] LogOutputStream:75 - [STDERR_REDIRECT] [Fatal Error] :1:1: Premature end of file.
2026-08-27 16:04:06,280 [ERROR] LogOutputStream:75 - [STDERR_REDIRECT] 
2026-08-27 16:04:07,278 [ERROR] LogOutputStream:75 - [STDERR_REDIRECT] [Fatal Error] :1:1: Premature end of file.
2026-08-27 16:04:07,278 [ERROR] LogOutputStream:75 - [STDERR_REDIRECT] 
2026-08-27 16:04:08,282 [ERROR] LogOutputStream:75 - [STDERR_REDIRECT] [Fatal Error] :1:1: Premature end of file.
2026-08-27 16:04:08,282 [ERROR] LogOutputStream:75 - [STDERR_REDIRECT] 
2026-08-27 16:04:09,281 [ERROR] LogOutputStream:75 - [STDERR_REDIRECT] [Fatal Error] :1:1: Premature end of file.
2026-08-27 16:04:09,281 [ERROR] LogOutputStream:75 - [STDERR_REDIRECT] 
2026-08-27 16:04:10,281 [ERROR] LogOutputStream:75 - [STDERR_REDIRECT] [Fatal Error] :1:1: Premature end of file.
2026-08-27 16:04:10,282 [ERROR] LogOutputStream:75 - [STDERR_REDIRECT] 
2026-08-27 16:04:11,282 [ERROR] LogOutputStream:75 - [STDERR_REDIRECT] [Fatal Error] :1:1: Premature end of file.
2026-08-27 16:04:11,282 [ERROR] LogOutputStream:75 - [STDERR_REDIRECT] 
2026-08-27 16:04:12,282 [ERROR] LogOutputStream:75 - [STDERR_REDIRECT] [Fatal Error] :1:1: Premature end of file.
2026-08-27 16:04:12,282 [ERROR] LogOutputStream:75 - [STDERR_REDIRECT] 
2026-08-27 16:04:13,280 [ERROR] LogOutputStream:75 - [STDERR_REDIRECT] [Fatal Error] :1:1: Premature end of file.
2026-08-27 16:04:13,280 [ERROR] LogOutputStream:75 - [STDERR_REDIRECT] 
2026-08-27 16:04:14,282 [ERROR] LogOutputStream:75 - [STDERR_REDIRECT] [Fatal Error] :1:1: Premature end of file.
2026-08-27 16:04:14,282 [ERROR] LogOutputStream:75 - [STDERR_REDIRECT] 
2026-08-27 16:04:15,279 [ERROR] LogOutputStream:75 - [STDERR_REDIRECT] [Fatal Error] :1:1: Premature end of file.
2026-08-27 16:04:15,279 [ERROR] LogOutputStream:75 - [STDERR_REDIRECT] 
2026-08-27 16:04:16,282 [ERROR] LogOutputStream:75 - [STDERR_REDIRECT] [Fatal Error] :1:1: Premature end of file.
2026-08-27 16:04:16,282 [ERROR] LogOutputStream:75 - [STDERR_REDIRECT] 
2026-08-27 16:04:17,282 [ERROR] LogOutputStream:75 - [STDERR_REDIRECT] [Fatal Error] :1:1: Premature end of file.
2026-08-27 16:04:17,282 [ERROR] LogOutputStream:75 - [STDERR_REDIRECT] 
2026-08-27 16:04:18,280 [ERROR] LogOutputStream:75 - [STDERR_REDIRECT] [Fatal Error] :1:1: Premature end of file.
2026-08-27 16:04:18,280 [ERROR] LogOutputStream:75 - [STDERR_REDIRECT] 
2026-08-27 16:04:19,285 [ERROR] LogOutputStream:75 - [STDERR_REDIRECT] [Fatal Error] :1:1: Premature end of file.
2026-08-27 16:04:19,285 [ERROR] LogOutputStream:75 - [STDERR_REDIRECT] 
2026-08-27 16:04:20,279 [ERROR] LogOutputStream:75 - [STDERR_REDIRECT] [Fatal Error] :1:1: Premature end of file.
2026-08-27 16:04:20,279 [ERROR] LogOutputStream:75 - [STDERR_REDIRECT] 
2026-08-27 16:04:21,280 [ERROR] LogOutputStream:75 - [STDERR_REDIRECT] [Fatal Error] :1:1: Premature end of file.
2026-08-27 16:04:21,280 [ERROR] LogOutputStream:75 - [STDERR_REDIRECT] 
2026-08-27 16:04:22,281 [ERROR] LogOutputStream:75 - [STDERR_REDIRECT] [Fatal Error] :1:1: Premature end of file.
2026-08-27 16:04:22,281 [ERROR] LogOutputStream:75 - [STDERR_REDIRECT] 
2026-08-27 16:04:23,282 [ERROR] LogOutputStream:75 - [STDERR_REDIRECT] [Fatal Error] :1:1: Premature end of file.
2026-08-27 16:04:23,282 [ERROR] LogOutputStream:75 - [STDERR_REDIRECT] 
2026-08-27 16:04:24,282 [ERROR] LogOutputStream:75 - [STDERR_REDIRECT] [Fatal Error] :1:1: Premature end of file.
2026-08-27 16:04:24,282 [ERROR] LogOutputStream:75 - [STDERR_REDIRECT] 
2026-08-27 16:04:25,281 [ERROR] LogOutputStream:75 - [STDERR_REDIRECT] [Fatal Error] :1:1: Premature end of file.
2026-08-27 16:04:25,281 [ERROR] LogOutputStream:75 - [STDERR_REDIRECT] 
2026-08-27 16:04:26,283 [ERROR] LogOutputStream:75 - [STDERR_REDIRECT] [Fatal Error] :1:1: Premature end of file.
2026-08-27 16:04:26,283 [ERROR] LogOutputStream:75 - [STDERR_REDIRECT] 
2026-08-27 16:04:27,280 [ERROR] LogOutputStream:75 - [STDERR_REDIRECT] [Fatal Error] :1:1: Premature end of file.
2026-08-27 16:04:27,280 [ERROR] LogOutputStream:75 - [STDERR_REDIRECT] 
2026-08-27 16:04:28,282 [ERROR] LogOutputStream:75 - [STDERR_REDIRECT] [Fatal Error] :1:1: Premature end of file.
2026-08-27 16:04:28,282 [ERROR] LogOutputStream:75 - [STDERR_REDIRECT] 
2026-08-27 16:04:29,282 [ERROR] LogOutputStream:75 - [STDERR_REDIRECT] [Fatal Error] :1:1: Premature end of file.
2026-08-27 16:04:29,282 [ERROR] LogOutputStream:75 - [STDERR_REDIRECT] 
2026-08-27 16:04:30,280 [ERROR] LogOutputStream:75 - [STDERR_REDIRECT] [Fatal Error] :1:1: Premature end of file.
2026-08-27 16:04:30,280 [ERROR] LogOutputStream:75 - [STDERR_REDIRECT] 
2026-08-27 16:04:31,283 [ERROR] LogOutputStream:75 - [STDERR_REDIRECT] [Fatal Error] :1:1: Premature end of file.
2026-08-27 16:04:31,283 [ERROR] LogOutputStream:75 - [STDERR_REDIRECT] 
2026-08-27 16:04:32,279 [ERROR] LogOutputStream:75 - [STDERR_REDIRECT] [Fatal Error] :1:1: Premature end of file.
2026-08-27 16:04:32,279 [ERROR] LogOutputStream:75 - [STDERR_REDIRECT] 
2026-08-27 16:04:33,280 [ERROR] LogOutputStream:75 - [STDERR_REDIRECT] [Fatal Error] :1:1: Premature end of file.
2026-08-27 16:04:33,280 [ERROR] LogOutputStream:75 - [STDERR_REDIRECT] 
2026-08-27 16:04:34,281 [ERROR] LogOutputStream:75 - [STDERR_REDIRECT] [Fatal Error] :1:1: Premature end of file.
2026-08-27 16:04:34,281 [ERROR] LogOutputStream:75 - [STDERR_REDIRECT] 
2026-08-27 16:04:35,280 [ERROR] LogOutputStream:75 - [STDERR_REDIRECT] [Fatal Error] :1:1: Premature end of file.
2026-08-27 16:04:35,280 [ERROR] LogOutputStream:75 - [STDERR_REDIRECT] 
2026-08-27 16:04:36,268 [INFO] FileExtend:248 - Unzip File : cube-finder-db.zip
2026-08-27 16:04:36,268 [INFO] FileExtend:263 - Standard Zip Deflate
2026-08-27 16:04:36,286 [ERROR] LogOutputStream:75 - [STDERR_REDIRECT] [Fatal Error] :1:1: Premature end of file.
2026-08-27 16:04:36,286 [ERROR] LogOutputStream:75 - [STDERR_REDIRECT] 
2026-08-27 16:04:36,735 [INFO] LoadUrlFilesThread:156 - End of LoadUrlFiles Thread
2026-08-27 16:04:37,281 [ERROR] LogOutputStream:75 - [STDERR_REDIRECT] [Fatal Error] :1:1: Premature end of file.
2026-08-27 16:04:37,281 [ERROR] LogOutputStream:75 - [STDERR_REDIRECT] 
2026-08-27 16:04:38,278 [ERROR] LogOutputStream:75 - [STDERR_REDIRECT] [Fatal Error] :1:1: Premature end of file.
2026-08-27 16:04:38,278 [ERROR] LogOutputStream:75 - [STDERR_REDIRECT] 
2026-08-27 16:04:39,278 [ERROR] LogOutputStream:75 - [STDERR_REDIRECT] [Fatal Error] :1:1: Premature end of file.
2026-08-27 16:04:39,278 [ERROR] LogOutputStream:75 - [STDERR_REDIRECT] 
2026-08-27 16:04:40,280 [ERROR] LogOutputStream:75 - [STDERR_REDIRECT] [Fatal Error] :1:1: Premature end of file.
2026-08-27 16:04:40,280 [ERROR] LogOutputStream:75 - [STDERR_REDIRECT] 
2026-08-27 16:04:41,279 [ERROR] LogOutputStream:75 - [STDERR_REDIRECT] [Fatal Error] :1:1: Premature end of file.
2026-08-27 16:04:41,279 [ERROR] LogOutputStream:75 - [STDERR_REDIRECT] 
2026-08-27 16:04:42,280 [ERROR] LogOutputStream:75 - [STDERR_REDIRECT] [Fatal Error] :1:1: Premature end of file.
2026-08-27 16:04:42,280 [ERROR] LogOutputStream:75 - [STDERR_REDIRECT] 
2026-08-27 16:04:43,280 [ERROR] LogOutputStream:75 - [STDERR_REDIRECT] [Fatal Error] :1:1: Premature end of file.
2026-08-27 16:04:43,280 [ERROR] LogOutputStream:75 - [STDERR_REDIRECT] 
2026-08-27 16:04:44,280 [ERROR] LogOutputStream:75 - [STDERR_REDIRECT] [Fatal Error] :1:1: Premature end of file.
2026-08-27 16:04:44,280 [ERROR] LogOutputStream:75 - [STDERR_REDIRECT] 
2026-08-27 16:04:45,282 [ERROR] LogOutputStream:75 - [STDERR_REDIRECT] [Fatal Error] :1:1: Premature end of file.
2026-08-27 16:04:45,282 [ERROR] LogOutputStream:75 - [STDERR_REDIRECT] 
2026-08-27 16:04:46,277 [ERROR] LogOutputStream:75 - [STDERR_REDIRECT] [Fatal Error] :1:1: Premature end of file.
2026-08-27 16:04:46,278 [ERROR] LogOutputStream:75 - [STDERR_REDIRECT] 
2026-08-27 16:04:47,280 [ERROR] LogOutputStream:75 - [STDERR_REDIRECT] [Fatal Error] :1:1: Premature end of file.
2026-08-27 16:04:47,280 [ERROR] LogOutputStream:75 - [STDERR_REDIRECT] 
2026-08-27 16:04:48,281 [ERROR] LogOutputStream:75 - [STDERR_REDIRECT] [Fatal Error] :1:1: Premature end of file.
2026-08-27 16:04:48,282 [ERROR] LogOutputStream:75 - [STDERR_REDIRECT] 
2026-08-27 16:04:49,279 [ERROR] LogOutputStream:75 - [STDERR_REDIRECT] [Fatal Error] :1:1: Premature end of file.
2026-08-27 16:04:49,279 [ERROR] LogOutputStream:75 - [STDERR_REDIRECT] 
2026-08-27 16:04:50,277 [ERROR] LogOutputStream:75 - [STDERR_REDIRECT] [Fatal Error] :1:1: Premature end of file.
2026-08-27 16:04:50,277 [ERROR] LogOutputStream:75 - [STDERR_REDIRECT] 
2026-08-27 16:04:51,280 [ERROR] LogOutputStream:75 - [STDERR_REDIRECT] [Fatal Error] :1:1: Premature end of file.
2026-08-27 16:04:51,280 [ERROR] LogOutputStream:75 - [STDERR_REDIRECT] 
2026-08-27 16:04:52,279 [ERROR] LogOutputStream:75 - [STDERR_REDIRECT] [Fatal Error] :1:1: Premature end of file.
2026-08-27 16:04:52,279 [ERROR] LogOutputStream:75 - [STDERR_REDIRECT] 
2026-08-27 16:04:52,369 [ERROR] ServerAccessManage:1295 - Problem during Server Connection :  IO error Connection reset
2026-08-27 16:04:52,369 [ERROR] ServerAccessManage:740 - Problem during Server Connection :  : crdb.zip.
2026-08-27 16:04:53,281 [ERROR] LogOutputStream:75 - [STDERR_REDIRECT] [Fatal Error] :1:1: Premature end of file.
2026-08-27 16:04:53,282 [ERROR] LogOutputStream:75 - [STDERR_REDIRECT] 
2026-08-27 16:04:54,278 [ERROR] LogOutputStream:75 - [STDERR_REDIRECT] [Fatal Error] :1:1: Premature end of file.
2026-08-27 16:04:54,278 [ERROR] LogOutputStream:75 - [STDERR_REDIRECT] 
2026-08-27 16:04:55,280 [ERROR] LogOutputStream:75 - [STDERR_REDIRECT] [Fatal Error] :1:1: Premature end of file.
2026-08-27 16:04:55,280 [ERROR] LogOutputStream:75 - [STDERR_REDIRECT] 
2026-08-27 16:04:56,282 [ERROR] LogOutputStream:75 - [STDERR_REDIRECT] [Fatal Error] :1:1: Premature end of file.
2026-08-27 16:04:56,282 [ERROR] LogOutputStream:75 - [STDERR_REDIRECT] 
2026-08-27 16:04:57,282 [ERROR] LogOutputStream:75 - [STDERR_REDIRECT] [Fatal Error] :1:1: Premature end of file.
2026-08-27 16:04:57,282 [ERROR] LogOutputStream:75 - [STDERR_REDIRECT] 
2026-08-27 16:04:58,282 [ERROR] LogOutputStream:75 - [STDERR_REDIRECT] [Fatal Error] :1:1: Premature end of file.
2026-08-27 16:04:58,283 [ERROR] LogOutputStream:75 - [STDERR_REDIRECT] 
2026-08-27 16:04:59,280 [ERROR] LogOutputStream:75 - [STDERR_REDIRECT] [Fatal Error] :1:1: Premature end of file.
2026-08-27 16:04:59,281 [ERROR] LogOutputStream:75 - [STDERR_REDIRECT] 
2026-08-27 16:05:00,279 [ERROR] LogOutputStream:75 - [STDERR_REDIRECT] [Fatal Error] :1:1: Premature end of file.
2026-08-27 16:05:00,279 [ERROR] LogOutputStream:75 - [STDERR_REDIRECT] 
2026-08-27 16:05:01,280 [ERROR] LogOutputStream:75 - [STDERR_REDIRECT] [Fatal Error] :1:1: Premature end of file.
2026-08-27 16:05:01,280 [ERROR] LogOutputStream:75 - [STDERR_REDIRECT] 
2026-08-27 16:05:02,279 [ERROR] LogOutputStream:75 - [STDERR_REDIRECT] [Fatal Error] :1:1: Premature end of file.
2026-08-27 16:05:02,279 [ERROR] LogOutputStream:75 - [STDERR_REDIRECT] 
2026-08-27 16:05:03,280 [ERROR] LogOutputStream:75 - [STDERR_REDIRECT] [Fatal Error] :1:1: Premature end of file.
2026-08-27 16:05:03,280 [ERROR] LogOutputStream:75 - [STDERR_REDIRECT] 
2026-08-27 16:05:03,954 [INFO] LoadUrlFilesThread:156 - End of LoadUrlFiles Thread
2026-08-27 16:05:04,280 [ERROR] LogOutputStream:75 - [STDERR_REDIRECT] [Fatal Error] :1:1: Premature end of file.
2026-08-27 16:05:04,280 [ERROR] LogOutputStream:75 - [STDERR_REDIRECT] 
2026-08-27 16:05:05,280 [ERROR] LogOutputStream:75 - [STDERR_REDIRECT] [Fatal Error] :1:1: Premature end of file.
2026-08-27 16:05:05,280 [ERROR] LogOutputStream:75 - [STDERR_REDIRECT] 
2026-08-27 16:05:06,280 [ERROR] LogOutputStream:75 - [STDERR_REDIRECT] [Fatal Error] :1:1: Premature end of file.
2026-08-27 16:05:06,280 [ERROR] LogOutputStream:75 - [STDERR_REDIRECT] 
2026-08-27 16:05:07,280 [ERROR] LogOutputStream:75 - [STDERR_REDIRECT] [Fatal Error] :1:1: Premature end of file.
2026-08-27 16:05:07,281 [ERROR] LogOutputStream:75 - [STDERR_REDIRECT] 
2026-08-27 16:05:08,280 [ERROR] LogOutputStream:75 - [STDERR_REDIRECT] [Fatal Error] :1:1: Premature end of file.
2026-08-27 16:05:08,280 [ERROR] LogOutputStream:75 - [STDERR_REDIRECT] 
2026-08-27 16:05:09,280 [ERROR] LogOutputStream:75 - [STDERR_REDIRECT] [Fatal Error] :1:1: Premature end of file.
2026-08-27 16:05:09,280 [ERROR] LogOutputStream:75 - [STDERR_REDIRECT] 
2026-08-27 16:05:10,281 [ERROR] LogOutputStream:75 - [STDERR_REDIRECT] [Fatal Error] :1:1: Premature end of file.
2026-08-27 16:05:10,281 [ERROR] LogOutputStream:75 - [STDERR_REDIRECT] 
2026-08-27 16:05:11,273 [INFO] DbMcusAds:53 - JSON generation date=Wed Jul 15 15:14:54 IST 2026 (1784108694001)
2026-08-27 16:05:11,279 [ERROR] TargetSelectorAdapter:267 - Unable to refresh data
2026-08-27 16:05:11,284 [ERROR] LogOutputStream:75 - [STDERR_REDIRECT] [Fatal Error] :1:1: Premature end of file.
2026-08-27 16:05:11,284 [ERROR] LogOutputStream:75 - [STDERR_REDIRECT] 
2026-08-27 16:05:11,469 [INFO] ApiDb:581 - Connected to CubeFinder SQLite database (C:\Users\student\.stmcufinder\plugins\mcufinder\mcu\cube-finder-db.db)
2026-08-27 16:05:11,522 [INFO] ApiDb:668 - CubeFinder database Data Model version=2.1
2026-08-27 16:05:11,522 [INFO] ApiDb:669 - CubeFinder database Configuration version=3.0.42
2026-08-27 16:05:11,522 [INFO] ApiDb:670 - CubeFinder database generation date=2026-08-04 (1785840812)
2026-08-27 16:05:11,522 [INFO] ApiDb:671 - CubeFinder database FW Pack versions=[FP-ATR-ASTRA1_V2.0.0, FP-SNS-FLIGHT1_V5.1.0, FP-SNS-MOTENV1_V5.1.0, FP-SNS-MOTENVWB1_V1.5.0, FP-SNS-SMARTAG2_V1.2.0, FP-SNS-STBOX1_V2.1.0, STM32Cube_FW_C0_V1.4.1, STM32Cube_FW_F4_V1.28.3, STM32Cube_FW_F7_V1.17.4, STM32Cube_FW_G0_V1.6.3, STM32Cube_FW_G4_V1.6.2, STM32Cube_FW_H5_V1.7.0, STM32Cube_FW_H7RS_V1.3.0, STM32Cube_FW_H7_V1.13.0, STM32Cube_FW_L0_V1.12.2, STM32Cube_FW_L4_V1.18.2, STM32Cube_FW_L5_V1.6.0, STM32Cube_FW_N6_V1.4.0, STM32Cube_FW_U0_V1.3.0, STM32Cube_FW_U3_V1.4.0, STM32Cube_FW_U5_V1.9.0, STM32Cube_FW_WB0_V1.5.0, STM32Cube_FW_WBA_V1.10.0, STM32Cube_FW_WB_V1.24.0, STM32Cube_FW_WL3_V1.5.0, STM32Cube_FW_WL_V1.6.0, X-CUBE-ALGOBUILD_V1.5.0, X-CUBE-ALS_V1.0.2, X-CUBE-AZRTOS-F4_V1.1.0, X-CUBE-AZRTOS-F7_V1.1.0, X-CUBE-AZRTOS-G0_V1.1.0, X-CUBE-AZRTOS-G4_V2.0.0, X-CUBE-AZRTOS-H7RS_V1.3.0, X-CUBE-AZRTOS-H7_V3.5.0, X-CUBE-AZRTOS-L4_V2.0.0, X-CUBE-AZRTOS-L5_V2.0.0, X-CUBE-AZRTOS-WB_V2.0.0, X-CUBE-AZRTOS-WL_V2.0.0, X-CUBE-BLE1_V7.1.0, X-CUBE-BLE2_V3.3.0, X-CUBE-BLEMGR_V4.2.0, X-CUBE-EEPRMA1_V5.2.0, X-CUBE-FREERTOS_V1.6.0, X-CUBE-GNSS1_V7.1.1, X-CUBE-MEMS1_V13.0.0, X-CUBE-NFC4_V3.0.0, X-CUBE-NFC7_V2.0.0, X-CUBE-SFXS2LP1_V4.0.0, X-CUBE-ST67W61_V1.3.0, X-CUBE-SUBG2_V5.0.0, X-CUBE-TOF1_V3.4.3]
2026-08-27 16:05:12,280 [ERROR] LogOutputStream:75 - [STDERR_REDIRECT] [Fatal Error] :1:1: Premature end of file.
2026-08-27 16:05:12,280 [ERROR] LogOutputStream:75 - [STDERR_REDIRECT] 
2026-08-27 16:05:13,096 [INFO] ApiDb:240 - Found 880 in-development CPN: [B-G473E-ZEST1S, B-WB1M-WPAN1, B-WBA5M-WPAN, B-WL5M-SUBG1, NUCLEO-C031C6, NUCLEO-C051C8, NUCLEO-C071RB, NUCLEO-C092RC, NUCLEO-H503RB, NUCLEO-H533RE, NUCLEO-H563ZI, NUCLEO-H7S3L8, NUCLEO-N657X0-Q, NUCLEO-U031R8, NUCLEO-U083RC, NUCLEO-U385RG-Q, NUCLEO-U545RE-Q, NUCLEO-U5A5ZJ-Q, NUCLEO-WB05KZ, NUCLEO-WB07CC, NUCLEO-WB09KE, NUCLEO-WBA52CG, NUCLEO-WBA55CG, NUCLEO-WL33CC1, NUCLEO-WL33CC2, STEVAL-PROTEUS1, STEVAL-SMARTAG2, STEVAL-STWINBX1, STM320518-EVAL, STM32C0116-DK, STM32C011D6Y3TR, STM32C011D6Y6TR, STM32C011F4P3, STM32C011F4P6, STM32C011F4U3, STM32C011F4U6TR, STM32C011F6P3, STM32C011F6P6, STM32C011F6U3, STM32C011F6U6TR, STM32C011J4M3, STM32C011J4M6, STM32C011J6M3, STM32C011J6M6, STM32C0316-DK, STM32C031C4T3, STM32C031C4T6, STM32C031C4U3, STM32C031C4U6, STM32C031C6T3, STM32C031C6T6, STM32C031C6U3, STM32C031C6U6, STM32C031F4P3, STM32C031F4P6, STM32C031F6P3, STM32C031F6P6, STM32C031G4U3, STM32C031G4U6, STM32C031G6U3, STM32C031G6U6, STM32C031K4T3, STM32C031K4T6, STM32C031K4U3, STM32C031K4U6, STM32C031K6T3, STM32C031K6T6, STM32C031K6U3, STM32C031K6U6, STM32C051C6T6, STM32C051C6U6, STM32C051C8T6, STM32C051C8U6, STM32C051D8Y6TR, STM32C051F6P6, STM32C051F8P6, STM32C051G6U6, STM32C051G8U6, STM32C051K6T6, STM32C051K6U6, STM32C051K8T6, STM32C071C8T6, STM32C071C8T6N, STM32C071C8U6, STM32C071C8U6N, STM32C071CBT6, STM32C071CBT6N, STM32C071CBU6, STM32C071CBU6N, STM32C071F8P6, STM32C071F8P6N, STM32C071FBP6, STM32C071FBP6N, STM32C071FBY6TR, STM32C071G8U6, STM32C071G8U6N, STM32C071GBU6, STM32C071GBU6N, STM32C071K8T6, STM32C071K8T6N, STM32C071K8U6, STM32C071K8U6N, STM32C071KBT6, STM32C071KBT6N, STM32C071KBU6, STM32C071KBU6N, STM32C071R8T6, STM32C071R8T6N, STM32C071RBI6N, STM32C071RBT6, STM32C071RBT6N, STM32C091CBT6, STM32C091CBU6, STM32C091CCT6, STM32C091CCU6, STM32C091ECY6TR, STM32C091FBP6, STM32C091FCP6, STM32C091GBU6, STM32C091GCU6, STM32C091KBT6, STM32C091KBU6, STM32C091KCT6, STM32C091KCU6, STM32C091RBT6, STM32C091RCI6, STM32C091RCT6, STM32C092CBT6, STM32C092CBU6, STM32C092CCT6, STM32C092CCU6, STM32C092ECY6TR, STM32C092FBP6, STM32C092FCP6, STM32C092GBU6, STM32C092GCU6, STM32C092KBT6, STM32C092KBU6, STM32C092KCT6, STM32C092KCU6, STM32C092RBT6, STM32C092RCI6, STM32C092RCT6, STM32G071K8TXN, STM32G071K8UXN, STM32G081GBU6N, STM32G081KBT6N, STM32G081KBUXN, STM32G0B1CCT6N, STM32G0B1KCT6, STM32G0B1NEY6TR, STM32G0B1RCT6N, STM32G0C1CCT6, STM32G0C1CCT6N, STM32G0C1CCU6N, STM32G0C1CET6N, STM32G0C1CEU6N, STM32G0C1KCT6, STM32G0C1NEY6TR, STM32G0C1RCI6N, STM32G0C1RCT6N, STM32G0C1REI6N, STM32G0C1RET6N, STM32G0C1VCI6, STM32G0C1VEI6, STM32G411C6T3, STM32G411C6T6, STM32G411C6U3, STM32G411C6U6, STM32G411C8T3, STM32G411C8T6, STM32G411C8U3, STM32G411C8U6, STM32G411CBT3, STM32G411CBT6, STM32G411CBU3, STM32G411CBU6, STM32G411K6T3, STM32G411K6T6, STM32G411K6U3, STM32G411K6U6, STM32G411K8T3, STM32G411K8T6, STM32G411K8U3, STM32G411K8U6, STM32G411KBT3, STM32G411KBT6, STM32G411KBU3, STM32G411KBU6, STM32G411M6T3, STM32G411M6T6, STM32G411M8T3, STM32G411M8T6, STM32G411MBT3, STM32G411MBT6, STM32G411R6T3, STM32G411R6T6, STM32G411R8T3, STM32G411R8T6, STM32G411RBT3, STM32G411RBT6, STM32G414CBT3, STM32G414CBT6, STM32G414CBU3, STM32G414CBU6, STM32G414CCT3, STM32G414CCT6, STM32G414CCU3, STM32G414CCU6, STM32G414MBT3, STM32G414MBT6, STM32G414MCT3, STM32G414MCT6, STM32G414RBT3, STM32G414RBT6, STM32G414RCT3, STM32G414RCT6, STM32G414VBT3, STM32G414VBT6, STM32G414VCT3, STM32G414VCT6, STM32G431CBT3Z, STM32G431RBT3Z, STM32G471CCT6, STM32G471CCU6, STM32G471CET3, STM32G471CET6, STM32G471CEU3, STM32G471CEU6, STM32G471MCT6, STM32G471MET3, STM32G471MET6, STM32G471MEY6TR, STM32G471QCT6, STM32G471QET3, STM32G471RCT6, STM32G471RET3, STM32G471RET6, STM32G471VCH6, STM32G471VCI6, STM32G471VCT6, STM32G471VEH3, STM32G471VEH6, STM32G471VEI3, STM32G471VEI6, STM32G471VET3, STM32G471VET6, STM32G473QET3Z, STM32G473RET3Z, STM32G474CCT6, STM32G491RET3Z, STM32H503CBT6, STM32H503CBU6, STM32H503EBY6TR, STM32H503KBU6, STM32H503RBT6, STM32H523CCT6, STM32H523CCU6, STM32H523CET6, STM32H523CEU6, STM32H523HEY6TR, STM32H523RCT6, STM32H523RET6, STM32H523VCI6, STM32H523VCT6, STM32H523VEI6, STM32H523VET6, STM32H523ZCJ6, STM32H523ZCT6, STM32H523ZEJ6, STM32H523ZET6, STM32H533CET6, STM32H533CEU6, STM32H533HEY6TR, STM32H533RET6, STM32H533VEI6, STM32H533VET6, STM32H533ZEJ6, STM32H533ZET6, STM32H562AGI6, STM32H562AII6, STM32H562IGK6, STM32H562IGT6, STM32H562IIK6, STM32H562IIT6, STM32H562RGT6, STM32H562RGV6, STM32H562RIT6, STM32H562RIV6, STM32H562VGT6, STM32H562VIT6, STM32H562ZGT6, STM32H562ZIT6, STM32H563AGI6, STM32H563AII3Q, STM32H563AII6, STM32H563IGK6, STM32H563IGT6, STM32H563IIK3Q, STM32H563IIK6, STM32H563IIT3Q, STM32H563IIT6, STM32H563MIY3QTR, STM32H563RGT6, STM32H563RGV6, STM32H563RIT6, STM32H563RIV6, STM32H563VGT6, STM32H563VIT3Q, STM32H563VIT6, STM32H563ZGT6, STM32H563ZIT3Q, STM32H563ZIT6, STM32H573AII3Q, STM32H573AII6, STM32H573I-DK, STM32H573IIK3Q, STM32H573IIK6, STM32H573IIT3Q, STM32H573IIT6, STM32H573MIY3QTR, STM32H573RIT6, STM32H573RIV6, STM32H573VIT3Q, STM32H573VIT6, STM32H573ZIT3Q, STM32H573ZIT6, STM32H7R3A8I6, STM32H7R3I8K6, STM32H7R3I8T6, STM32H7R3L8H6, STM32H7R3L8H6H, STM32H7R3R8V6, STM32H7R3V8H6, STM32H7R3V8T6, STM32H7R3V8Y6TR, STM32H7R3Z8J6, STM32H7R3Z8T6, STM32H7R7A8I6, STM32H7R7I8K6, STM32H7R7I8T6, STM32H7R7L8H6, STM32H7R7L8H6H, STM32H7R7Z8J6, STM32H7S3A8I6, STM32H7S3I8K6, STM32H7S3I8T6, STM32H7S3L8H6, STM32H7S3L8H6H, STM32H7S3R8V6, STM32H7S3V8H6, STM32H7S3V8T6, STM32H7S3V8Y6TR, STM32H7S3Z8J6, STM32H7S3Z8T6, STM32H7S78-DK, STM32H7S7A8I6, STM32H7S7I8K6, STM32H7S7I8T6, STM32H7S7L8H6, STM32H7S7L8H6H, STM32H7S7Z8J6, STM32L4R5QGI6STR, STM32MP131AAE3, STM32MP131AAF3, STM32MP131AAG3, STM32MP131CAE3, STM32MP131CAF3, STM32MP131CAG3, STM32MP131DAE7, STM32MP131DAF7, STM32MP131DAG7, STM32MP131FAE7, STM32MP131FAF7, STM32MP131FAG7, STM32MP133AAE3, STM32MP133AAF3, STM32MP133AAG3, STM32MP133CAE3, STM32MP133CAF3, STM32MP133CAG3, STM32MP133DAE7, STM32MP133DAF7, STM32MP133DAG7, STM32MP133FAE7, STM32MP133FAF7, STM32MP133FAG7, STM32MP135AAE3, STM32MP135AAF3, STM32MP135AAG3, STM32MP135CAE3, STM32MP135CAF3, STM32MP135CAG3, STM32MP135DAE7, STM32MP135DAF7, STM32MP135DAG7, STM32MP135F-DK, STM32MP135FAE7, STM32MP135FAF7, STM32MP135FAF7T, STM32MP135FAF7U, STM32MP135FAG7, STM32MP211AAL3, STM32MP211AAM3, STM32MP211AAN3, STM32MP211AAO3, STM32MP211CAL3, STM32MP211CAM3, STM32MP211CAN3, STM32MP211CAO3, STM32MP211DAL3, STM32MP211DAM3, STM32MP211DAN3, STM32MP211DAO3, STM32MP211FAL3, STM32MP211FAM3, STM32MP211FAN3, STM32MP211FAO3, STM32MP213AAL3, STM32MP213AAM3, STM32MP213AAN3, STM32MP213AAO3, STM32MP213CAL3, STM32MP213CAM3, STM32MP213CAN3, STM32MP213CAO3, STM32MP213DAL3, STM32MP213DAM3, STM32MP213DAN3, STM32MP213DAO3, STM32MP213FAL3, STM32MP213FAM3, STM32MP213FAN3, STM32MP213FAO3, STM32MP215AAL3, STM32MP215AAM3, STM32MP215AAN3, STM32MP215AAO3, STM32MP215CAL3, STM32MP215CAM3, STM32MP215CAN3, STM32MP215CAO3, STM32MP215DAL3, STM32MP215DAM3, STM32MP215DAN3, STM32MP215DAO3, STM32MP215F-DK, STM32MP215FAL3, STM32MP215FAM3, STM32MP215FAN3, STM32MP215FAO3, STM32MP231AAJ3, STM32MP231AAK3, STM32MP231AAL3, STM32MP231CAJ3, STM32MP231CAK3, STM32MP231CAL3, STM32MP231DAJ3, STM32MP231DAK3, STM32MP231DAL3, STM32MP231FAJ3, STM32MP231FAK3, STM32MP231FAL3, STM32MP233AAJ3, STM32MP233AAK3, STM32MP233AAL3, STM32MP233CAJ3, STM32MP233CAK3, STM32MP233CAL3, STM32MP233DAJ3, STM32MP233DAK3, STM32MP233DAL3, STM32MP233FAJ3, STM32MP233FAK3, STM32MP233FAL3, STM32MP235AAJ3, STM32MP235AAK3, STM32MP235AAL3, STM32MP235CAJ3, STM32MP235CAK3, STM32MP235CAL3, STM32MP235DAJ3, STM32MP235DAK3, STM32MP235DAL3, STM32MP235FAJ3, STM32MP235FAK3, STM32MP235FAL3, STM32MP251AAI3, STM32MP251AAK3, STM32MP251AAL3, STM32MP251CAI3, STM32MP251CAK3, STM32MP251CAL3, STM32MP251DAI3, STM32MP251DAK3, STM32MP251DAL3, STM32MP251FAI3, STM32MP251FAK3, STM32MP251FAL3, STM32MP253AAI3, STM32MP253AAK3, STM32MP253AAL3, STM32MP253CAI3, STM32MP253CAK3, STM32MP253CAL3, STM32MP253DAI3, STM32MP253DAK3, STM32MP253DAL3, STM32MP253FAI3, STM32MP253FAK3, STM32MP253FAL3, STM32MP255AAI3, STM32MP255AAK3, STM32MP255AAL3, STM32MP255CAI3, STM32MP255CAK3, STM32MP255CAL3, STM32MP255DAI3, STM32MP255DAK3, STM32MP255DAL3, STM32MP255FAI3, STM32MP255FAK3, STM32MP255FAL3, STM32MP257AAI3, STM32MP257AAK3, STM32MP257AAL3, STM32MP257CAI3, STM32MP257CAK3, STM32MP257CAL3, STM32MP257DAI3, STM32MP257DAK3, STM32MP257DAL3, STM32MP257F-DK, STM32MP257F-EV1, STM32MP257FAI3, STM32MP257FAK3, STM32MP257FAL3, STM32N645A0H3Q, STM32N645B0H3Q, STM32N645I0H3Q, STM32N645L0H3Q, STM32N645X0H3Q, STM32N645Z0H3Q, STM32N647A0H3Q, STM32N647B0H3Q, STM32N647I0H3Q, STM32N647L0H3Q, STM32N647X0H3Q, STM32N647Z0H3Q, STM32N655A0H3Q, STM32N655B0H3Q, STM32N655I0H3Q, STM32N655L0H3Q, STM32N655X0H3Q, STM32N655Z0H3Q, STM32N6570-DK, STM32N657A0H3Q, STM32N657B0H3Q, STM32N657I0H3Q, STM32N657L0H3Q, STM32N657X0H3Q, STM32N657Z0H3Q, STM32U031C6T6, STM32U031C6U6, STM32U031C8T6, STM32U031C8U6, STM32U031F4P6, STM32U031F6P6, STM32U031F8P6, STM32U031G6Y6TR, STM32U031G8Y6TR, STM32U031K4U6, STM32U031K6U6, STM32U031K8U6, STM32U031R6I6, STM32U031R6T6, STM32U031R8I6, STM32U031R8T6, STM32U073C8T6, STM32U073C8U6, STM32U073CBT6, STM32U073CBU6, STM32U073CCT6, STM32U073CCU6, STM32U073H8Y6TR, STM32U073HBY6TR, STM32U073HCY6TR, STM32U073K8U6, STM32U073KBU6, STM32U073KCU6, STM32U073M8I6, STM32U073M8T6, STM32U073MBI6, STM32U073MBT6, STM32U073MCI6, STM32U073MCT6, STM32U073R8I6, STM32U073R8T6, STM32U073RBI6, STM32U073RBT6, STM32U073RCI6, STM32U073RCT6, STM32U083C-DK, STM32U083CCT6, STM32U083CCU6, STM32U083HCY6TR, STM32U083KCU6, STM32U083MCI6, STM32U083MCT6, STM32U083RCI6, STM32U083RCT6, STM32U375CET6, STM32U375CET6Q, STM32U375CEU6, STM32U375CEU6Q, STM32U375CEY6QTR, STM32U375CGT6, STM32U375CGT6Q, STM32U375CGU6, STM32U375CGU6Q, STM32U375CGY6QTR, STM32U375KEU6, STM32U375KGU6, STM32U375REI6, STM32U375REI6Q, STM32U375RET6, STM32U375RET6Q, STM32U375REY6GTR, STM32U375REY6QTR, STM32U375RGI6, STM32U375RGI6Q, STM32U375RGT6, STM32U375RGT6Q, STM32U375RGY6GTR, STM32U375RGY6QTR, STM32U375VEI6, STM32U375VEI6Q, STM32U375VET6, STM32U375VET6Q, STM32U375VGI6, STM32U375VGI6Q, STM32U375VGT6, STM32U375VGT6Q, STM32U385CGT6, STM32U385CGT6Q, STM32U385CGU6, STM32U385CGU6Q, STM32U385CGY6QTR, STM32U385KGU6, STM32U385RGI6, STM32U385RGI6Q, STM32U385RGT6, STM32U385RGT6Q, STM32U385RGY6GTR, STM32U385RGY6QTR, STM32U385VGI6, STM32U385VGI6Q, STM32U385VGT6, STM32U385VGT6Q, STM32U535CBT6, STM32U535CBT6Q, STM32U535CBU6, STM32U535CBU6Q, STM32U535CCT6, STM32U535CCT6Q, STM32U535CCU6, STM32U535CCU6Q, STM32U535CET6, STM32U535CET6Q, STM32U535CEU6, STM32U535CEU6Q, STM32U535JEY6QTR, STM32U535NCY6QTR, STM32U535NEY6QTR, STM32U535RBI6, STM32U535RBI6Q, STM32U535RBT6, STM32U535RBT6Q, STM32U535RCI6, STM32U535RCI6Q, STM32U535RCT6, STM32U535RCT6Q, STM32U535REI6, STM32U535REI6Q, STM32U535RET6, STM32U535RET6Q, STM32U535VCI6, STM32U535VCI6Q, STM32U535VCT6, STM32U535VCT6Q, STM32U535VEI6, STM32U535VEI6Q, STM32U535VET6, STM32U535VET6Q, STM32U545CET6, STM32U545CET6Q, STM32U545CEU6, STM32U545CEU6Q, STM32U545JEY6QTR, STM32U545NEY6QTR, STM32U545REI6, STM32U545REI6Q, STM32U545RET6, STM32U545RET6Q, STM32U545VEI6, STM32U545VEI6Q, STM32U545VET6, STM32U545VET6Q, STM32U595AIH6, STM32U595AIH6Q, STM32U595AJH6, STM32U595AJH6Q, STM32U595QII6, STM32U595QII6Q, STM32U595QJI6, STM32U595QJI6Q, STM32U595RIT6, STM32U595RIT6Q, STM32U595RJT6, STM32U595RJT6Q, STM32U595VIT6, STM32U595VIT6Q, STM32U595VJT6, STM32U595VJT6Q, STM32U595ZIT6, STM32U595ZIT6Q, STM32U595ZIY6QTR, STM32U595ZJT6, STM32U595ZJT6Q, STM32U595ZJY6QTR, STM32U599BJY6QTR, STM32U599NIH6Q, STM32U599NJH6Q, STM32U599VIT6Q, STM32U599VJT6, STM32U599VJT6Q, STM32U599ZIT6Q, STM32U599ZIY6QTR, STM32U599ZJT6Q, STM32U599ZJY6QTR, STM32U5A5AJH6, STM32U5A5AJH6Q, STM32U5A5QII3Q , STM32U5A5QJI6, STM32U5A5QJI6Q, STM32U5A5RJT6, STM32U5A5RJT6Q, STM32U5A5VJT6, STM32U5A5VJT6Q, STM32U5A5ZJT6, STM32U5A5ZJT6Q, STM32U5A5ZJY6QTR, STM32U5A9BJY6QTR, STM32U5A9J-DK, STM32U5A9NJH6Q, STM32U5A9VJT6Q, STM32U5A9ZJT6Q, STM32U5A9ZJY6QTR, STM32U5F7VIT6, STM32U5F7VIT6Q, STM32U5F7VJT6, STM32U5F7VJT6Q, STM32U5F9BJY6QTR, STM32U5F9NJH6Q, STM32U5F9VIT6Q, STM32U5F9VJT6Q, STM32U5F9ZIJ6QTR, STM32U5F9ZIT6Q, STM32U5F9ZJJ6QTR, STM32U5F9ZJT6Q, STM32U5G7VJT6, STM32U5G7VJT6Q, STM32U5G9BJY6QTR, STM32U5G9J-DK1, STM32U5G9J-DK2, STM32U5G9NJH6Q, STM32U5G9VJT6Q, STM32U5G9ZJJ6QTR, STM32U5G9ZJT6Q, STM32WB05KZV6TR, STM32WB05KZV7TR, STM32WB05TZF6TR, STM32WB05TZF7TR, STM32WB06CCF6TR, STM32WB06CCF7TR, STM32WB06CCV6TR, STM32WB06CCV7TR, STM32WB06KCV6TR, STM32WB06KCV7TR, STM32WB07CCF6TR, STM32WB07CCF7TR, STM32WB07CCV6TR, STM32WB07CCV7TR, STM32WB07KCV6TR, STM32WB07KCV7TR, STM32WB09KEV6TR, STM32WB09KEV7TR, STM32WB09TEF6TR, STM32WB09TEF7TR, STM32WB1MMCH6, STM32WBA50KGU6, STM32WBA50KGU6TR, STM32WBA52CEU6, STM32WBA52CEU6TR, STM32WBA52CEU7, STM32WBA52CEU7TR, STM32WBA52CGU6, STM32WBA52CGU6TR, STM32WBA52CGU6U, STM32WBA52CGU7, STM32WBA52CGU7TR, STM32WBA52KEU6, STM32WBA52KEU6TR, STM32WBA52KGU6, STM32WBA52KGU6TR, STM32WBA54CEU6, STM32WBA54CEU6TR, STM32WBA54CEU7, STM32WBA54CEU7TR, STM32WBA54CGU6, STM32WBA54CGU6TR, STM32WBA54CGU7, STM32WBA54CGU7TR, STM32WBA54KEU6, STM32WBA54KEU6TR, STM32WBA54KEU7, STM32WBA54KEU7TR, STM32WBA54KGU6, STM32WBA54KGU6TR, STM32WBA54KGU7, STM32WBA54KGU7TR, STM32WBA55CEU6, STM32WBA55CEU6TR, STM32WBA55CEU7, STM32WBA55CEU7TR, STM32WBA55CGU6, STM32WBA55CGU6TR, STM32WBA55CGU6U, STM32WBA55CGU7, STM32WBA55CGU7TR, STM32WBA55G-DK1, STM32WBA55HEF6, STM32WBA55HEF7, STM32WBA55HGF6, STM32WBA55HGF7, STM32WBA55UEI6, STM32WBA55UEI6TR, STM32WBA55UEI7, STM32WBA55UEI7TR, STM32WBA55UGI6, STM32WBA55UGI6TR, STM32WBA55UGI7, STM32WBA55UGI7TR, STM32WBA5MMGH6TR, STM32WBA62MGF6, STM32WBA62MIF6, STM32WBA65MGF7, STM32WBA65MIF6, STM32WBA65MIF7, STM32WL30K8V6, STM32WL30KBV6, STM32WL31C8V6, STM32WL31CBV6, STM32WL31K8V6, STM32WL31KBV6, STM32WL33C8V6, STM32WL33C8V6X, STM32WL33CBV6, STM32WL33CBV6X, STM32WL33CCV6, STM32WL33CCV6A, STM32WL33CCV6X, STM32WL33K8V7, STM32WL33K8V7X, STM32WL33KBV7 , STM32WL33KBV7X, STM32WL33KCV7, STM32WL33KCV7X, STM32WL5MOCH6, STM32WL5MOCH6TR]
2026-08-27 16:05:13,100 [INFO] DbMcus:218 - Found 5314 MCUs, 5126 are supported
2026-08-27 16:05:13,100 [INFO] ApiDb:414 - User favorites file not found: C:\Users\student/.stm32cubeide/favorites.mcus.txt
2026-08-27 16:05:13,101 [INFO] DbMcus:224 - Set 0 / 0 favorites MCUs
2026-08-27 16:05:13,282 [ERROR] LogOutputStream:75 - [STDERR_REDIRECT] [Fatal Error] :1:1: Premature end of file.
2026-08-27 16:05:13,282 [ERROR] LogOutputStream:75 - [STDERR_REDIRECT] 
2026-08-27 16:05:13,395 [INFO] ApiDb:668 - CubeFinder database Data Model version=2.1
2026-08-27 16:05:13,395 [INFO] ApiDb:669 - CubeFinder database Configuration version=3.0.42
2026-08-27 16:05:13,395 [INFO] ApiDb:670 - CubeFinder database generation date=2026-08-04 (1785840812)
2026-08-27 16:05:13,395 [INFO] ApiDb:671 - CubeFinder database FW Pack versions=[FP-ATR-ASTRA1_V2.0.0, FP-SNS-FLIGHT1_V5.1.0, FP-SNS-MOTENV1_V5.1.0, FP-SNS-MOTENVWB1_V1.5.0, FP-SNS-SMARTAG2_V1.2.0, FP-SNS-STBOX1_V2.1.0, STM32Cube_FW_C0_V1.4.1, STM32Cube_FW_F4_V1.28.3, STM32Cube_FW_F7_V1.17.4, STM32Cube_FW_G0_V1.6.3, STM32Cube_FW_G4_V1.6.2, STM32Cube_FW_H5_V1.7.0, STM32Cube_FW_H7RS_V1.3.0, STM32Cube_FW_H7_V1.13.0, STM32Cube_FW_L0_V1.12.2, STM32Cube_FW_L4_V1.18.2, STM32Cube_FW_L5_V1.6.0, STM32Cube_FW_N6_V1.4.0, STM32Cube_FW_U0_V1.3.0, STM32Cube_FW_U3_V1.4.0, STM32Cube_FW_U5_V1.9.0, STM32Cube_FW_WB0_V1.5.0, STM32Cube_FW_WBA_V1.10.0, STM32Cube_FW_WB_V1.24.0, STM32Cube_FW_WL3_V1.5.0, STM32Cube_FW_WL_V1.6.0, X-CUBE-ALGOBUILD_V1.5.0, X-CUBE-ALS_V1.0.2, X-CUBE-AZRTOS-F4_V1.1.0, X-CUBE-AZRTOS-F7_V1.1.0, X-CUBE-AZRTOS-G0_V1.1.0, X-CUBE-AZRTOS-G4_V2.0.0, X-CUBE-AZRTOS-H7RS_V1.3.0, X-CUBE-AZRTOS-H7_V3.5.0, X-CUBE-AZRTOS-L4_V2.0.0, X-CUBE-AZRTOS-L5_V2.0.0, X-CUBE-AZRTOS-WB_V2.0.0, X-CUBE-AZRTOS-WL_V2.0.0, X-CUBE-BLE1_V7.1.0, X-CUBE-BLE2_V3.3.0, X-CUBE-BLEMGR_V4.2.0, X-CUBE-EEPRMA1_V5.2.0, X-CUBE-FREERTOS_V1.6.0, X-CUBE-GNSS1_V7.1.1, X-CUBE-MEMS1_V13.0.0, X-CUBE-NFC4_V3.0.0, X-CUBE-NFC7_V2.0.0, X-CUBE-SFXS2LP1_V4.0.0, X-CUBE-ST67W61_V1.3.0, X-CUBE-SUBG2_V5.0.0, X-CUBE-TOF1_V3.4.3]
2026-08-27 16:05:13,425 [INFO] DbBoardsSqlite:226 - include board P-NUCLEO-WB55-NUCLEO as a kit item of type 'Nucleo-64'
2026-08-27 16:05:13,425 [INFO] DbBoardsSqlite:226 - include board P-NUCLEO-WB55-USBDONGLE as a kit item of type 'Nucleo USB Dongle'
2026-08-27 16:05:13,425 [INFO] DbBoardsSqlite:226 - include board STEVAL-IDP005V1 as a kit item of type 'Evaluation Board'
2026-08-27 16:05:13,425 [INFO] DbBoardsSqlite:226 - include board STEVAL-IDP005V2 as a kit item of type 'Evaluation Board'
2026-08-27 16:05:13,469 [INFO] ApiDb:240 - Found 880 in-development CPN: [B-G473E-ZEST1S, B-WB1M-WPAN1, B-WBA5M-WPAN, B-WL5M-SUBG1, NUCLEO-C031C6, NUCLEO-C051C8, NUCLEO-C071RB, NUCLEO-C092RC, NUCLEO-H503RB, NUCLEO-H533RE, NUCLEO-H563ZI, NUCLEO-H7S3L8, NUCLEO-N657X0-Q, NUCLEO-U031R8, NUCLEO-U083RC, NUCLEO-U385RG-Q, NUCLEO-U545RE-Q, NUCLEO-U5A5ZJ-Q, NUCLEO-WB05KZ, NUCLEO-WB07CC, NUCLEO-WB09KE, NUCLEO-WBA52CG, NUCLEO-WBA55CG, NUCLEO-WL33CC1, NUCLEO-WL33CC2, STEVAL-PROTEUS1, STEVAL-SMARTAG2, STEVAL-STWINBX1, STM320518-EVAL, STM32C0116-DK, STM32C011D6Y3TR, STM32C011D6Y6TR, STM32C011F4P3, STM32C011F4P6, STM32C011F4U3, STM32C011F4U6TR, STM32C011F6P3, STM32C011F6P6, STM32C011F6U3, STM32C011F6U6TR, STM32C011J4M3, STM32C011J4M6, STM32C011J6M3, STM32C011J6M6, STM32C0316-DK, STM32C031C4T3, STM32C031C4T6, STM32C031C4U3, STM32C031C4U6, STM32C031C6T3, STM32C031C6T6, STM32C031C6U3, STM32C031C6U6, STM32C031F4P3, STM32C031F4P6, STM32C031F6P3, STM32C031F6P6, STM32C031G4U3, STM32C031G4U6, STM32C031G6U3, STM32C031G6U6, STM32C031K4T3, STM32C031K4T6, STM32C031K4U3, STM32C031K4U6, STM32C031K6T3, STM32C031K6T6, STM32C031K6U3, STM32C031K6U6, STM32C051C6T6, STM32C051C6U6, STM32C051C8T6, STM32C051C8U6, STM32C051D8Y6TR, STM32C051F6P6, STM32C051F8P6, STM32C051G6U6, STM32C051G8U6, STM32C051K6T6, STM32C051K6U6, STM32C051K8T6, STM32C071C8T6, STM32C071C8T6N, STM32C071C8U6, STM32C071C8U6N, STM32C071CBT6, STM32C071CBT6N, STM32C071CBU6, STM32C071CBU6N, STM32C071F8P6, STM32C071F8P6N, STM32C071FBP6, STM32C071FBP6N, STM32C071FBY6TR, STM32C071G8U6, STM32C071G8U6N, STM32C071GBU6, STM32C071GBU6N, STM32C071K8T6, STM32C071K8T6N, STM32C071K8U6, STM32C071K8U6N, STM32C071KBT6, STM32C071KBT6N, STM32C071KBU6, STM32C071KBU6N, STM32C071R8T6, STM32C071R8T6N, STM32C071RBI6N, STM32C071RBT6, STM32C071RBT6N, STM32C091CBT6, STM32C091CBU6, STM32C091CCT6, STM32C091CCU6, STM32C091ECY6TR, STM32C091FBP6, STM32C091FCP6, STM32C091GBU6, STM32C091GCU6, STM32C091KBT6, STM32C091KBU6, STM32C091KCT6, STM32C091KCU6, STM32C091RBT6, STM32C091RCI6, STM32C091RCT6, STM32C092CBT6, STM32C092CBU6, STM32C092CCT6, STM32C092CCU6, STM32C092ECY6TR, STM32C092FBP6, STM32C092FCP6, STM32C092GBU6, STM32C092GCU6, STM32C092KBT6, STM32C092KBU6, STM32C092KCT6, STM32C092KCU6, STM32C092RBT6, STM32C092RCI6, STM32C092RCT6, STM32G071K8TXN, STM32G071K8UXN, STM32G081GBU6N, STM32G081KBT6N, STM32G081KBUXN, STM32G0B1CCT6N, STM32G0B1KCT6, STM32G0B1NEY6TR, STM32G0B1RCT6N, STM32G0C1CCT6, STM32G0C1CCT6N, STM32G0C1CCU6N, STM32G0C1CET6N, STM32G0C1CEU6N, STM32G0C1KCT6, STM32G0C1NEY6TR, STM32G0C1RCI6N, STM32G0C1RCT6N, STM32G0C1REI6N, STM32G0C1RET6N, STM32G0C1VCI6, STM32G0C1VEI6, STM32G411C6T3, STM32G411C6T6, STM32G411C6U3, STM32G411C6U6, STM32G411C8T3, STM32G411C8T6, STM32G411C8U3, STM32G411C8U6, STM32G411CBT3, STM32G411CBT6, STM32G411CBU3, STM32G411CBU6, STM32G411K6T3, STM32G411K6T6, STM32G411K6U3, STM32G411K6U6, STM32G411K8T3, STM32G411K8T6, STM32G411K8U3, STM32G411K8U6, STM32G411KBT3, STM32G411KBT6, STM32G411KBU3, STM32G411KBU6, STM32G411M6T3, STM32G411M6T6, STM32G411M8T3, STM32G411M8T6, STM32G411MBT3, STM32G411MBT6, STM32G411R6T3, STM32G411R6T6, STM32G411R8T3, STM32G411R8T6, STM32G411RBT3, STM32G411RBT6, STM32G414CBT3, STM32G414CBT6, STM32G414CBU3, STM32G414CBU6, STM32G414CCT3, STM32G414CCT6, STM32G414CCU3, STM32G414CCU6, STM32G414MBT3, STM32G414MBT6, STM32G414MCT3, STM32G414MCT6, STM32G414RBT3, STM32G414RBT6, STM32G414RCT3, STM32G414RCT6, STM32G414VBT3, STM32G414VBT6, STM32G414VCT3, STM32G414VCT6, STM32G431CBT3Z, STM32G431RBT3Z, STM32G471CCT6, STM32G471CCU6, STM32G471CET3, STM32G471CET6, STM32G471CEU3, STM32G471CEU6, STM32G471MCT6, STM32G471MET3, STM32G471MET6, STM32G471MEY6TR, STM32G471QCT6, STM32G471QET3, STM32G471RCT6, STM32G471RET3, STM32G471RET6, STM32G471VCH6, STM32G471VCI6, STM32G471VCT6, STM32G471VEH3, STM32G471VEH6, STM32G471VEI3, STM32G471VEI6, STM32G471VET3, STM32G471VET6, STM32G473QET3Z, STM32G473RET3Z, STM32G474CCT6, STM32G491RET3Z, STM32H503CBT6, STM32H503CBU6, STM32H503EBY6TR, STM32H503KBU6, STM32H503RBT6, STM32H523CCT6, STM32H523CCU6, STM32H523CET6, STM32H523CEU6, STM32H523HEY6TR, STM32H523RCT6, STM32H523RET6, STM32H523VCI6, STM32H523VCT6, STM32H523VEI6, STM32H523VET6, STM32H523ZCJ6, STM32H523ZCT6, STM32H523ZEJ6, STM32H523ZET6, STM32H533CET6, STM32H533CEU6, STM32H533HEY6TR, STM32H533RET6, STM32H533VEI6, STM32H533VET6, STM32H533ZEJ6, STM32H533ZET6, STM32H562AGI6, STM32H562AII6, STM32H562IGK6, STM32H562IGT6, STM32H562IIK6, STM32H562IIT6, STM32H562RGT6, STM32H562RGV6, STM32H562RIT6, STM32H562RIV6, STM32H562VGT6, STM32H562VIT6, STM32H562ZGT6, STM32H562ZIT6, STM32H563AGI6, STM32H563AII3Q, STM32H563AII6, STM32H563IGK6, STM32H563IGT6, STM32H563IIK3Q, STM32H563IIK6, STM32H563IIT3Q, STM32H563IIT6, STM32H563MIY3QTR, STM32H563RGT6, STM32H563RGV6, STM32H563RIT6, STM32H563RIV6, STM32H563VGT6, STM32H563VIT3Q, STM32H563VIT6, STM32H563ZGT6, STM32H563ZIT3Q, STM32H563ZIT6, STM32H573AII3Q, STM32H573AII6, STM32H573I-DK, STM32H573IIK3Q, STM32H573IIK6, STM32H573IIT3Q, STM32H573IIT6, STM32H573MIY3QTR, STM32H573RIT6, STM32H573RIV6, STM32H573VIT3Q, STM32H573VIT6, STM32H573ZIT3Q, STM32H573ZIT6, STM32H7R3A8I6, STM32H7R3I8K6, STM32H7R3I8T6, STM32H7R3L8H6, STM32H7R3L8H6H, STM32H7R3R8V6, STM32H7R3V8H6, STM32H7R3V8T6, STM32H7R3V8Y6TR, STM32H7R3Z8J6, STM32H7R3Z8T6, STM32H7R7A8I6, STM32H7R7I8K6, STM32H7R7I8T6, STM32H7R7L8H6, STM32H7R7L8H6H, STM32H7R7Z8J6, STM32H7S3A8I6, STM32H7S3I8K6, STM32H7S3I8T6, STM32H7S3L8H6, STM32H7S3L8H6H, STM32H7S3R8V6, STM32H7S3V8H6, STM32H7S3V8T6, STM32H7S3V8Y6TR, STM32H7S3Z8J6, STM32H7S3Z8T6, STM32H7S78-DK, STM32H7S7A8I6, STM32H7S7I8K6, STM32H7S7I8T6, STM32H7S7L8H6, STM32H7S7L8H6H, STM32H7S7Z8J6, STM32L4R5QGI6STR, STM32MP131AAE3, STM32MP131AAF3, STM32MP131AAG3, STM32MP131CAE3, STM32MP131CAF3, STM32MP131CAG3, STM32MP131DAE7, STM32MP131DAF7, STM32MP131DAG7, STM32MP131FAE7, STM32MP131FAF7, STM32MP131FAG7, STM32MP133AAE3, STM32MP133AAF3, STM32MP133AAG3, STM32MP133CAE3, STM32MP133CAF3, STM32MP133CAG3, STM32MP133DAE7, STM32MP133DAF7, STM32MP133DAG7, STM32MP133FAE7, STM32MP133FAF7, STM32MP133FAG7, STM32MP135AAE3, STM32MP135AAF3, STM32MP135AAG3, STM32MP135CAE3, STM32MP135CAF3, STM32MP135CAG3, STM32MP135DAE7, STM32MP135DAF7, STM32MP135DAG7, STM32MP135F-DK, STM32MP135FAE7, STM32MP135FAF7, STM32MP135FAF7T, STM32MP135FAF7U, STM32MP135FAG7, STM32MP211AAL3, STM32MP211AAM3, STM32MP211AAN3, STM32MP211AAO3, STM32MP211CAL3, STM32MP211CAM3, STM32MP211CAN3, STM32MP211CAO3, STM32MP211DAL3, STM32MP211DAM3, STM32MP211DAN3, STM32MP211DAO3, STM32MP211FAL3, STM32MP211FAM3, STM32MP211FAN3, STM32MP211FAO3, STM32MP213AAL3, STM32MP213AAM3, STM32MP213AAN3, STM32MP213AAO3, STM32MP213CAL3, STM32MP213CAM3, STM32MP213CAN3, STM32MP213CAO3, STM32MP213DAL3, STM32MP213DAM3, STM32MP213DAN3, STM32MP213DAO3, STM32MP213FAL3, STM32MP213FAM3, STM32MP213FAN3, STM32MP213FAO3, STM32MP215AAL3, STM32MP215AAM3, STM32MP215AAN3, STM32MP215AAO3, STM32MP215CAL3, STM32MP215CAM3, STM32MP215CAN3, STM32MP215CAO3, STM32MP215DAL3, STM32MP215DAM3, STM32MP215DAN3, STM32MP215DAO3, STM32MP215F-DK, STM32MP215FAL3, STM32MP215FAM3, STM32MP215FAN3, STM32MP215FAO3, STM32MP231AAJ3, STM32MP231AAK3, STM32MP231AAL3, STM32MP231CAJ3, STM32MP231CAK3, STM32MP231CAL3, STM32MP231DAJ3, STM32MP231DAK3, STM32MP231DAL3, STM32MP231FAJ3, STM32MP231FAK3, STM32MP231FAL3, STM32MP233AAJ3, STM32MP233AAK3, STM32MP233AAL3, STM32MP233CAJ3, STM32MP233CAK3, STM32MP233CAL3, STM32MP233DAJ3, STM32MP233DAK3, STM32MP233DAL3, STM32MP233FAJ3, STM32MP233FAK3, STM32MP233FAL3, STM32MP235AAJ3, STM32MP235AAK3, STM32MP235AAL3, STM32MP235CAJ3, STM32MP235CAK3, STM32MP235CAL3, STM32MP235DAJ3, STM32MP235DAK3, STM32MP235DAL3, STM32MP235FAJ3, STM32MP235FAK3, STM32MP235FAL3, STM32MP251AAI3, STM32MP251AAK3, STM32MP251AAL3, STM32MP251CAI3, STM32MP251CAK3, STM32MP251CAL3, STM32MP251DAI3, STM32MP251DAK3, STM32MP251DAL3, STM32MP251FAI3, STM32MP251FAK3, STM32MP251FAL3, STM32MP253AAI3, STM32MP253AAK3, STM32MP253AAL3, STM32MP253CAI3, STM32MP253CAK3, STM32MP253CAL3, STM32MP253DAI3, STM32MP253DAK3, STM32MP253DAL3, STM32MP253FAI3, STM32MP253FAK3, STM32MP253FAL3, STM32MP255AAI3, STM32MP255AAK3, STM32MP255AAL3, STM32MP255CAI3, STM32MP255CAK3, STM32MP255CAL3, STM32MP255DAI3, STM32MP255DAK3, STM32MP255DAL3, STM32MP255FAI3, STM32MP255FAK3, STM32MP255FAL3, STM32MP257AAI3, STM32MP257AAK3, STM32MP257AAL3, STM32MP257CAI3, STM32MP257CAK3, STM32MP257CAL3, STM32MP257DAI3, STM32MP257DAK3, STM32MP257DAL3, STM32MP257F-DK, STM32MP257F-EV1, STM32MP257FAI3, STM32MP257FAK3, STM32MP257FAL3, STM32N645A0H3Q, STM32N645B0H3Q, STM32N645I0H3Q, STM32N645L0H3Q, STM32N645X0H3Q, STM32N645Z0H3Q, STM32N647A0H3Q, STM32N647B0H3Q, STM32N647I0H3Q, STM32N647L0H3Q, STM32N647X0H3Q, STM32N647Z0H3Q, STM32N655A0H3Q, STM32N655B0H3Q, STM32N655I0H3Q, STM32N655L0H3Q, STM32N655X0H3Q, STM32N655Z0H3Q, STM32N6570-DK, STM32N657A0H3Q, STM32N657B0H3Q, STM32N657I0H3Q, STM32N657L0H3Q, STM32N657X0H3Q, STM32N657Z0H3Q, STM32U031C6T6, STM32U031C6U6, STM32U031C8T6, STM32U031C8U6, STM32U031F4P6, STM32U031F6P6, STM32U031F8P6, STM32U031G6Y6TR, STM32U031G8Y6TR, STM32U031K4U6, STM32U031K6U6, STM32U031K8U6, STM32U031R6I6, STM32U031R6T6, STM32U031R8I6, STM32U031R8T6, STM32U073C8T6, STM32U073C8U6, STM32U073CBT6, STM32U073CBU6, STM32U073CCT6, STM32U073CCU6, STM32U073H8Y6TR, STM32U073HBY6TR, STM32U073HCY6TR, STM32U073K8U6, STM32U073KBU6, STM32U073KCU6, STM32U073M8I6, STM32U073M8T6, STM32U073MBI6, STM32U073MBT6, STM32U073MCI6, STM32U073MCT6, STM32U073R8I6, STM32U073R8T6, STM32U073RBI6, STM32U073RBT6, STM32U073RCI6, STM32U073RCT6, STM32U083C-DK, STM32U083CCT6, STM32U083CCU6, STM32U083HCY6TR, STM32U083KCU6, STM32U083MCI6, STM32U083MCT6, STM32U083RCI6, STM32U083RCT6, STM32U375CET6, STM32U375CET6Q, STM32U375CEU6, STM32U375CEU6Q, STM32U375CEY6QTR, STM32U375CGT6, STM32U375CGT6Q, STM32U375CGU6, STM32U375CGU6Q, STM32U375CGY6QTR, STM32U375KEU6, STM32U375KGU6, STM32U375REI6, STM32U375REI6Q, STM32U375RET6, STM32U375RET6Q, STM32U375REY6GTR, STM32U375REY6QTR, STM32U375RGI6, STM32U375RGI6Q, STM32U375RGT6, STM32U375RGT6Q, STM32U375RGY6GTR, STM32U375RGY6QTR, STM32U375VEI6, STM32U375VEI6Q, STM32U375VET6, STM32U375VET6Q, STM32U375VGI6, STM32U375VGI6Q, STM32U375VGT6, STM32U375VGT6Q, STM32U385CGT6, STM32U385CGT6Q, STM32U385CGU6, STM32U385CGU6Q, STM32U385CGY6QTR, STM32U385KGU6, STM32U385RGI6, STM32U385RGI6Q, STM32U385RGT6, STM32U385RGT6Q, STM32U385RGY6GTR, STM32U385RGY6QTR, STM32U385VGI6, STM32U385VGI6Q, STM32U385VGT6, STM32U385VGT6Q, STM32U535CBT6, STM32U535CBT6Q, STM32U535CBU6, STM32U535CBU6Q, STM32U535CCT6, STM32U535CCT6Q, STM32U535CCU6, STM32U535CCU6Q, STM32U535CET6, STM32U535CET6Q, STM32U535CEU6, STM32U535CEU6Q, STM32U535JEY6QTR, STM32U535NCY6QTR, STM32U535NEY6QTR, STM32U535RBI6, STM32U535RBI6Q, STM32U535RBT6, STM32U535RBT6Q, STM32U535RCI6, STM32U535RCI6Q, STM32U535RCT6, STM32U535RCT6Q, STM32U535REI6, STM32U535REI6Q, STM32U535RET6, STM32U535RET6Q, STM32U535VCI6, STM32U535VCI6Q, STM32U535VCT6, STM32U535VCT6Q, STM32U535VEI6, STM32U535VEI6Q, STM32U535VET6, STM32U535VET6Q, STM32U545CET6, STM32U545CET6Q, STM32U545CEU6, STM32U545CEU6Q, STM32U545JEY6QTR, STM32U545NEY6QTR, STM32U545REI6, STM32U545REI6Q, STM32U545RET6, STM32U545RET6Q, STM32U545VEI6, STM32U545VEI6Q, STM32U545VET6, STM32U545VET6Q, STM32U595AIH6, STM32U595AIH6Q, STM32U595AJH6, STM32U595AJH6Q, STM32U595QII6, STM32U595QII6Q, STM32U595QJI6, STM32U595QJI6Q, STM32U595RIT6, STM32U595RIT6Q, STM32U595RJT6, STM32U595RJT6Q, STM32U595VIT6, STM32U595VIT6Q, STM32U595VJT6, STM32U595VJT6Q, STM32U595ZIT6, STM32U595ZIT6Q, STM32U595ZIY6QTR, STM32U595ZJT6, STM32U595ZJT6Q, STM32U595ZJY6QTR, STM32U599BJY6QTR, STM32U599NIH6Q, STM32U599NJH6Q, STM32U599VIT6Q, STM32U599VJT6, STM32U599VJT6Q, STM32U599ZIT6Q, STM32U599ZIY6QTR, STM32U599ZJT6Q, STM32U599ZJY6QTR, STM32U5A5AJH6, STM32U5A5AJH6Q, STM32U5A5QII3Q , STM32U5A5QJI6, STM32U5A5QJI6Q, STM32U5A5RJT6, STM32U5A5RJT6Q, STM32U5A5VJT6, STM32U5A5VJT6Q, STM32U5A5ZJT6, STM32U5A5ZJT6Q, STM32U5A5ZJY6QTR, STM32U5A9BJY6QTR, STM32U5A9J-DK, STM32U5A9NJH6Q, STM32U5A9VJT6Q, STM32U5A9ZJT6Q, STM32U5A9ZJY6QTR, STM32U5F7VIT6, STM32U5F7VIT6Q, STM32U5F7VJT6, STM32U5F7VJT6Q, STM32U5F9BJY6QTR, STM32U5F9NJH6Q, STM32U5F9VIT6Q, STM32U5F9VJT6Q, STM32U5F9ZIJ6QTR, STM32U5F9ZIT6Q, STM32U5F9ZJJ6QTR, STM32U5F9ZJT6Q, STM32U5G7VJT6, STM32U5G7VJT6Q, STM32U5G9BJY6QTR, STM32U5G9J-DK1, STM32U5G9J-DK2, STM32U5G9NJH6Q, STM32U5G9VJT6Q, STM32U5G9ZJJ6QTR, STM32U5G9ZJT6Q, STM32WB05KZV6TR, STM32WB05KZV7TR, STM32WB05TZF6TR, STM32WB05TZF7TR, STM32WB06CCF6TR, STM32WB06CCF7TR, STM32WB06CCV6TR, STM32WB06CCV7TR, STM32WB06KCV6TR, STM32WB06KCV7TR, STM32WB07CCF6TR, STM32WB07CCF7TR, STM32WB07CCV6TR, STM32WB07CCV7TR, STM32WB07KCV6TR, STM32WB07KCV7TR, STM32WB09KEV6TR, STM32WB09KEV7TR, STM32WB09TEF6TR, STM32WB09TEF7TR, STM32WB1MMCH6, STM32WBA50KGU6, STM32WBA50KGU6TR, STM32WBA52CEU6, STM32WBA52CEU6TR, STM32WBA52CEU7, STM32WBA52CEU7TR, STM32WBA52CGU6, STM32WBA52CGU6TR, STM32WBA52CGU6U, STM32WBA52CGU7, STM32WBA52CGU7TR, STM32WBA52KEU6, STM32WBA52KEU6TR, STM32WBA52KGU6, STM32WBA52KGU6TR, STM32WBA54CEU6, STM32WBA54CEU6TR, STM32WBA54CEU7, STM32WBA54CEU7TR, STM32WBA54CGU6, STM32WBA54CGU6TR, STM32WBA54CGU7, STM32WBA54CGU7TR, STM32WBA54KEU6, STM32WBA54KEU6TR, STM32WBA54KEU7, STM32WBA54KEU7TR, STM32WBA54KGU6, STM32WBA54KGU6TR, STM32WBA54KGU7, STM32WBA54KGU7TR, STM32WBA55CEU6, STM32WBA55CEU6TR, STM32WBA55CEU7, STM32WBA55CEU7TR, STM32WBA55CGU6, STM32WBA55CGU6TR, STM32WBA55CGU6U, STM32WBA55CGU7, STM32WBA55CGU7TR, STM32WBA55G-DK1, STM32WBA55HEF6, STM32WBA55HEF7, STM32WBA55HGF6, STM32WBA55HGF7, STM32WBA55UEI6, STM32WBA55UEI6TR, STM32WBA55UEI7, STM32WBA55UEI7TR, STM32WBA55UGI6, STM32WBA55UGI6TR, STM32WBA55UGI7, STM32WBA55UGI7TR, STM32WBA5MMGH6TR, STM32WBA62MGF6, STM32WBA62MIF6, STM32WBA65MGF7, STM32WBA65MIF6, STM32WBA65MIF7, STM32WL30K8V6, STM32WL30KBV6, STM32WL31C8V6, STM32WL31CBV6, STM32WL31K8V6, STM32WL31KBV6, STM32WL33C8V6, STM32WL33C8V6X, STM32WL33CBV6, STM32WL33CBV6X, STM32WL33CCV6, STM32WL33CCV6A, STM32WL33CCV6X, STM32WL33K8V7, STM32WL33K8V7X, STM32WL33KBV7 , STM32WL33KBV7X, STM32WL33KCV7, STM32WL33KCV7X, STM32WL5MOCH6, STM32WL5MOCH6TR]
2026-08-27 16:05:13,548 [INFO] BoardInfo:889 - No configuration file found for board NUCLEO-H553ZG
2026-08-27 16:05:13,549 [INFO] DbBoards:161 - Board is not supported: NUCLEO-H553ZG
2026-08-27 16:05:13,551 [INFO] BoardInfo:889 - No configuration file found for board NUCLEO-H5E5ZJ
2026-08-27 16:05:13,551 [INFO] DbBoards:161 - Board is not supported: NUCLEO-H5E5ZJ
2026-08-27 16:05:13,594 [INFO] BoardInfo:889 - No configuration file found for board NUCLEO-U3C5ZI-Q
2026-08-27 16:05:13,595 [INFO] DbBoards:161 - Board is not supported: NUCLEO-U3C5ZI-Q
2026-08-27 16:05:13,606 [INFO] BoardInfo:889 - No configuration file found for board NUCLEO-WBA25CE1
2026-08-27 16:05:13,607 [INFO] DbBoards:161 - Board is not supported: NUCLEO-WBA25CE1
2026-08-27 16:05:13,614 [INFO] BoardInfo:889 - No configuration file found for board NUCLEO-WL3RKB1
2026-08-27 16:05:13,614 [INFO] DbBoards:161 - Board is not supported: NUCLEO-WL3RKB1
2026-08-27 16:05:13,615 [INFO] BoardInfo:889 - No configuration file found for board NUCLEO-WL3RKB2
2026-08-27 16:05:13,616 [INFO] DbBoards:161 - Board is not supported: NUCLEO-WL3RKB2
2026-08-27 16:05:13,622 [INFO] BoardInfo:889 - No configuration file found for board P-NUCLEO-WB55
2026-08-27 16:05:13,623 [INFO] DbBoards:161 - Kit is not supported: P-NUCLEO-WB55
2026-08-27 16:05:13,627 [INFO] BoardInfo:889 - No configuration file found for board STEVAL-BFA001V1B
2026-08-27 16:05:13,628 [INFO] DbBoards:161 - Kit is not supported: STEVAL-BFA001V1B
2026-08-27 16:05:13,629 [INFO] BoardInfo:889 - No configuration file found for board STEVAL-BFA001V2B
2026-08-27 16:05:13,629 [INFO] DbBoards:161 - Kit is not supported: STEVAL-BFA001V2B
2026-08-27 16:05:13,708 [INFO] BoardInfo:889 - No configuration file found for board STM32H5F5J-DK
2026-08-27 16:05:13,708 [INFO] DbBoards:161 - Board is not supported: STM32H5F5J-DK
2026-08-27 16:05:13,766 [INFO] DbBoards:168 - Found 219 boards, 209 are supported
2026-08-27 16:05:13,767 [INFO] DbBoards:169 - Found 219 boards, 43 of them is supported for  Bsp
2026-08-27 16:05:13,769 [INFO] ApiDb:414 - User favorites file not found: C:\Users\student/.stm32cubeide/favorites.boards.txt
2026-08-27 16:05:13,769 [INFO] DbBoards:198 - Set 0 / 0 favorites Boards
2026-08-27 16:05:13,769 [INFO] McuFinderGlobals:76 - Set McuFinderConnectedMode to true
2026-08-27 16:05:13,775 [INFO] MultiScanPanel:200 - Auto-refresh data requested => check proxy status ongoing
2026-08-27 16:05:13,777 [INFO] FinderPluginLoader:96 - Searching for filters in installed packs
2026-08-27 16:05:14,280 [ERROR] LogOutputStream:75 - [STDERR_REDIRECT] [Fatal Error] :1:1: Premature end of file.
2026-08-27 16:05:14,280 [ERROR] LogOutputStream:75 - [STDERR_REDIRECT] 
2026-08-27 16:05:14,861 [INFO] ServerAccessManage:452 - Complete download http(s) 200
2026-08-27 16:05:14,861 [INFO] ServerAccessManage:509 - Download File 
2026-08-27 16:05:15,027 [INFO] LoadUrlFilesThread:185 - End of LoadServerUrlFiles without Thread
2026-08-27 16:05:15,051 [INFO] DetailPanel:341 - Set advertising image to C:/Users/student/STM32Cube/Repository/\en.stm32h5cubemxbanner.png
2026-08-27 16:05:15,283 [ERROR] LogOutputStream:75 - [STDERR_REDIRECT] [Fatal Error] :1:1: Premature end of file.
2026-08-27 16:05:15,284 [ERROR] LogOutputStream:75 - [STDERR_REDIRECT] 
2026-08-27 16:05:16,288 [ERROR] LogOutputStream:75 - [STDERR_REDIRECT] [Fatal Error] :1:1: Premature end of file.
2026-08-27 16:05:16,288 [ERROR] LogOutputStream:75 - [STDERR_REDIRECT] 
2026-08-27 16:05:17,281 [ERROR] LogOutputStream:75 - [STDERR_REDIRECT] [Fatal Error] :1:1: Premature end of file.
2026-08-27 16:05:17,281 [ERROR] LogOutputStream:75 - [STDERR_REDIRECT] 
2026-08-27 16:05:18,280 [ERROR] LogOutputStream:75 - [STDERR_REDIRECT] [Fatal Error] :1:1: Premature end of file.
2026-08-27 16:05:18,280 [ERROR] LogOutputStream:75 - [STDERR_REDIRECT] 
2026-08-27 16:05:19,279 [ERROR] LogOutputStream:75 - [STDERR_REDIRECT] [Fatal Error] :1:1: Premature end of file.
2026-08-27 16:05:19,280 [ERROR] LogOutputStream:75 - [STDERR_REDIRECT] 
2026-08-27 16:05:20,280 [ERROR] LogOutputStream:75 - [STDERR_REDIRECT] [Fatal Error] :1:1: Premature end of file.
2026-08-27 16:05:20,280 [ERROR] LogOutputStream:75 - [STDERR_REDIRECT] 
2026-08-27 16:05:21,285 [ERROR] LogOutputStream:75 - [STDERR_REDIRECT] [Fatal Error] :1:1: Premature end of file.
2026-08-27 16:05:21,286 [ERROR] LogOutputStream:75 - [STDERR_REDIRECT] 
2026-08-27 16:05:22,280 [ERROR] LogOutputStream:75 - [STDERR_REDIRECT] [Fatal Error] :1:1: Premature end of file.
2026-08-27 16:05:22,280 [ERROR] LogOutputStream:75 - [STDERR_REDIRECT] 
2026-08-27 16:05:23,279 [ERROR] LogOutputStream:75 - [STDERR_REDIRECT] [Fatal Error] :1:1: Premature end of file.
2026-08-27 16:05:23,280 [ERROR] LogOutputStream:75 - [STDERR_REDIRECT] 
2026-08-27 16:05:24,280 [ERROR] LogOutputStream:75 - [STDERR_REDIRECT] [Fatal Error] :1:1: Premature end of file.
2026-08-27 16:05:24,280 [ERROR] LogOutputStream:75 - [STDERR_REDIRECT] 
2026-08-27 16:05:25,281 [ERROR] LogOutputStream:75 - [STDERR_REDIRECT] [Fatal Error] :1:1: Premature end of file.
2026-08-27 16:05:25,281 [ERROR] LogOutputStream:75 - [STDERR_REDIRECT] 
2026-08-27 16:05:26,279 [ERROR] LogOutputStream:75 - [STDERR_REDIRECT] [Fatal Error] :1:1: Premature end of file.
2026-08-27 16:05:26,280 [ERROR] LogOutputStream:75 - [STDERR_REDIRECT] 
2026-08-27 16:05:27,279 [ERROR] LogOutputStream:75 - [STDERR_REDIRECT] [Fatal Error] :1:1: Premature end of file.
2026-08-27 16:05:27,280 [ERROR] LogOutputStream:75 - [STDERR_REDIRECT] 
2026-08-27 16:05:28,280 [ERROR] LogOutputStream:75 - [STDERR_REDIRECT] [Fatal Error] :1:1: Premature end of file.
2026-08-27 16:05:28,280 [ERROR] LogOutputStream:75 - [STDERR_REDIRECT] 
2026-08-27 16:05:29,279 [ERROR] LogOutputStream:75 - [STDERR_REDIRECT] [Fatal Error] :1:1: Premature end of file.
2026-08-27 16:05:29,279 [ERROR] LogOutputStream:75 - [STDERR_REDIRECT] 
2026-08-27 16:05:30,282 [ERROR] LogOutputStream:75 - [STDERR_REDIRECT] [Fatal Error] :1:1: Premature end of file.
2026-08-27 16:05:30,283 [ERROR] LogOutputStream:75 - [STDERR_REDIRECT] 
2026-08-27 16:05:31,281 [ERROR] LogOutputStream:75 - [STDERR_REDIRECT] [Fatal Error] :1:1: Premature end of file.
2026-08-27 16:05:31,281 [ERROR] LogOutputStream:75 - [STDERR_REDIRECT] 
2026-08-27 16:05:32,280 [ERROR] LogOutputStream:75 - [STDERR_REDIRECT] [Fatal Error] :1:1: Premature end of file.
2026-08-27 16:05:32,280 [ERROR] LogOutputStream:75 - [STDERR_REDIRECT] 
2026-08-27 16:05:33,279 [ERROR] LogOutputStream:75 - [STDERR_REDIRECT] [Fatal Error] :1:1: Premature end of file.
2026-08-27 16:05:33,279 [ERROR] LogOutputStream:75 - [STDERR_REDIRECT] 
2026-08-27 16:05:34,280 [ERROR] LogOutputStream:75 - [STDERR_REDIRECT] [Fatal Error] :1:1: Premature end of file.
2026-08-27 16:05:34,280 [ERROR] LogOutputStream:75 - [STDERR_REDIRECT] 
2026-08-27 16:05:35,279 [ERROR] LogOutputStream:75 - [STDERR_REDIRECT] [Fatal Error] :1:1: Premature end of file.
2026-08-27 16:05:35,279 [ERROR] LogOutputStream:75 - [STDERR_REDIRECT] 
2026-08-27 16:05:36,282 [ERROR] LogOutputStream:75 - [STDERR_REDIRECT] [Fatal Error] :1:1: Premature end of file.
2026-08-27 16:05:36,282 [ERROR] LogOutputStream:75 - [STDERR_REDIRECT] 
2026-08-27 16:05:37,280 [ERROR] LogOutputStream:75 - [STDERR_REDIRECT] [Fatal Error] :1:1: Premature end of file.
2026-08-27 16:05:37,280 [ERROR] LogOutputStream:75 - [STDERR_REDIRECT] 
2026-08-27 16:05:38,279 [ERROR] LogOutputStream:75 - [STDERR_REDIRECT] [Fatal Error] :1:1: Premature end of file.
2026-08-27 16:05:38,280 [ERROR] LogOutputStream:75 - [STDERR_REDIRECT] 
2026-08-27 16:05:39,281 [ERROR] LogOutputStream:75 - [STDERR_REDIRECT] [Fatal Error] :1:1: Premature end of file.
2026-08-27 16:05:39,281 [ERROR] LogOutputStream:75 - [STDERR_REDIRECT] 
2026-08-27 16:05:40,280 [ERROR] LogOutputStream:75 - [STDERR_REDIRECT] [Fatal Error] :1:1: Premature end of file.
2026-08-27 16:05:40,281 [ERROR] LogOutputStream:75 - [STDERR_REDIRECT] 
2026-08-27 16:05:41,279 [ERROR] LogOutputStream:75 - [STDERR_REDIRECT] [Fatal Error] :1:1: Premature end of file.
2026-08-27 16:05:41,279 [ERROR] LogOutputStream:75 - [STDERR_REDIRECT] 
2026-08-27 16:05:42,281 [ERROR] LogOutputStream:75 - [STDERR_REDIRECT] [Fatal Error] :1:1: Premature end of file.
2026-08-27 16:05:42,281 [ERROR] LogOutputStream:75 - [STDERR_REDIRECT] 
2026-08-27 16:05:43,279 [ERROR] LogOutputStream:75 - [STDERR_REDIRECT] [Fatal Error] :1:1: Premature end of file.
2026-08-27 16:05:43,280 [ERROR] LogOutputStream:75 - [STDERR_REDIRECT] 
2026-08-27 16:05:44,279 [ERROR] LogOutputStream:75 - [STDERR_REDIRECT] [Fatal Error] :1:1: Premature end of file.
2026-08-27 16:05:44,279 [ERROR] LogOutputStream:75 - [STDERR_REDIRECT] 
2026-08-27 16:05:45,280 [ERROR] LogOutputStream:75 - [STDERR_REDIRECT] [Fatal Error] :1:1: Premature end of file.
2026-08-27 16:05:45,280 [ERROR] LogOutputStream:75 - [STDERR_REDIRECT] 
2026-08-27 16:05:46,281 [ERROR] LogOutputStream:75 - [STDERR_REDIRECT] [Fatal Error] :1:1: Premature end of file.
2026-08-27 16:05:46,281 [ERROR] LogOutputStream:75 - [STDERR_REDIRECT] 
2026-08-27 16:05:47,279 [ERROR] LogOutputStream:75 - [STDERR_REDIRECT] [Fatal Error] :1:1: Premature end of file.
2026-08-27 16:05:47,279 [ERROR] LogOutputStream:75 - [STDERR_REDIRECT] 
2026-08-27 16:05:48,278 [ERROR] LogOutputStream:75 - [STDERR_REDIRECT] [Fatal Error] :1:1: Premature end of file.
2026-08-27 16:05:48,278 [ERROR] LogOutputStream:75 - [STDERR_REDIRECT] 
2026-08-27 16:05:49,281 [ERROR] LogOutputStream:75 - [STDERR_REDIRECT] [Fatal Error] :1:1: Premature end of file.
2026-08-27 16:05:49,281 [ERROR] LogOutputStream:75 - [STDERR_REDIRECT] 
2026-08-27 16:05:50,279 [ERROR] LogOutputStream:75 - [STDERR_REDIRECT] [Fatal Error] :1:1: Premature end of file.
2026-08-27 16:05:50,280 [ERROR] LogOutputStream:75 - [STDERR_REDIRECT] 
2026-08-27 16:05:51,281 [ERROR] LogOutputStream:75 - [STDERR_REDIRECT] [Fatal Error] :1:1: Premature end of file.
2026-08-27 16:05:51,281 [ERROR] LogOutputStream:75 - [STDERR_REDIRECT] 
2026-08-27 16:05:52,280 [ERROR] LogOutputStream:75 - [STDERR_REDIRECT] [Fatal Error] :1:1: Premature end of file.
2026-08-27 16:05:52,280 [ERROR] LogOutputStream:75 - [STDERR_REDIRECT] 
2026-08-27 16:05:53,281 [ERROR] LogOutputStream:75 - [STDERR_REDIRECT] [Fatal Error] :1:1: Premature end of file.
2026-08-27 16:05:53,281 [ERROR] LogOutputStream:75 - [STDERR_REDIRECT] 
2026-08-27 16:05:54,279 [ERROR] LogOutputStream:75 - [STDERR_REDIRECT] [Fatal Error] :1:1: Premature end of file.
2026-08-27 16:05:54,279 [ERROR] LogOutputStream:75 - [STDERR_REDIRECT] 
2026-08-27 16:05:55,278 [ERROR] LogOutputStream:75 - [STDERR_REDIRECT] [Fatal Error] :1:1: Premature end of file.
2026-08-27 16:05:55,279 [ERROR] LogOutputStream:75 - [STDERR_REDIRECT] 
2026-08-27 16:05:56,280 [ERROR] LogOutputStream:75 - [STDERR_REDIRECT] [Fatal Error] :1:1: Premature end of file.
2026-08-27 16:05:56,280 [ERROR] LogOutputStream:75 - [STDERR_REDIRECT] 
2026-08-27 16:05:57,289 [ERROR] LogOutputStream:75 - [STDERR_REDIRECT] [Fatal Error] :1:1: Premature end of file.
2026-08-27 16:05:57,289 [ERROR] LogOutputStream:75 - [STDERR_REDIRECT] 
2026-08-27 16:05:58,273 [ERROR] LogOutputStream:75 - [STDERR_REDIRECT] [Fatal Error] :1:1: Premature end of file.
2026-08-27 16:05:58,273 [ERROR] LogOutputStream:75 - [STDERR_REDIRECT] 
2026-08-27 16:05:59,289 [ERROR] LogOutputStream:75 - [STDERR_REDIRECT] [Fatal Error] :1:1: Premature end of file.
2026-08-27 16:05:59,289 [ERROR] LogOutputStream:75 - [STDERR_REDIRECT] 
2026-08-27 16:06:00,278 [ERROR] LogOutputStream:75 - [STDERR_REDIRECT] [Fatal Error] :1:1: Premature end of file.
2026-08-27 16:06:00,278 [ERROR] LogOutputStream:75 - [STDERR_REDIRECT] 
2026-08-27 16:06:01,289 [ERROR] LogOutputStream:75 - [STDERR_REDIRECT] [Fatal Error] :1:1: Premature end of file.
2026-08-27 16:06:01,289 [ERROR] LogOutputStream:75 - [STDERR_REDIRECT] 
2026-08-27 16:06:02,293 [ERROR] LogOutputStream:75 - [STDERR_REDIRECT] [Fatal Error] :1:1: Premature end of file.
2026-08-27 16:06:02,293 [ERROR] LogOutputStream:75 - [STDERR_REDIRECT] 
2026-08-27 16:06:03,278 [ERROR] LogOutputStream:75 - [STDERR_REDIRECT] [Fatal Error] :1:1: Premature end of file.
2026-08-27 16:06:03,278 [ERROR] LogOutputStream:75 - [STDERR_REDIRECT] 
2026-08-27 16:06:04,274 [ERROR] LogOutputStream:75 - [STDERR_REDIRECT] [Fatal Error] :1:1: Premature end of file.
2026-08-27 16:06:04,274 [ERROR] LogOutputStream:75 - [STDERR_REDIRECT] 
2026-08-27 16:06:05,277 [ERROR] LogOutputStream:75 - [STDERR_REDIRECT] [Fatal Error] :1:1: Premature end of file.
2026-08-27 16:06:05,277 [ERROR] LogOutputStream:75 - [STDERR_REDIRECT] 
2026-08-27 16:06:06,287 [ERROR] LogOutputStream:75 - [STDERR_REDIRECT] [Fatal Error] :1:1: Premature end of file.
2026-08-27 16:06:06,287 [ERROR] LogOutputStream:75 - [STDERR_REDIRECT] 
2026-08-27 16:06:07,294 [ERROR] LogOutputStream:75 - [STDERR_REDIRECT] [Fatal Error] :1:1: Premature end of file.
2026-08-27 16:06:07,294 [ERROR] LogOutputStream:75 - [STDERR_REDIRECT] 
2026-08-27 16:06:08,283 [ERROR] LogOutputStream:75 - [STDERR_REDIRECT] [Fatal Error] :1:1: Premature end of file.
2026-08-27 16:06:08,283 [ERROR] LogOutputStream:75 - [STDERR_REDIRECT] 
2026-08-27 16:06:09,284 [ERROR] LogOutputStream:75 - [STDERR_REDIRECT] [Fatal Error] :1:1: Premature end of file.
2026-08-27 16:06:09,284 [ERROR] LogOutputStream:75 - [STDERR_REDIRECT] 
2026-08-27 16:06:10,283 [ERROR] LogOutputStream:75 - [STDERR_REDIRECT] [Fatal Error] :1:1: Premature end of file.
2026-08-27 16:06:10,283 [ERROR] LogOutputStream:75 - [STDERR_REDIRECT] 
2026-08-27 16:06:11,292 [ERROR] LogOutputStream:75 - [STDERR_REDIRECT] [Fatal Error] :1:1: Premature end of file.
2026-08-27 16:06:11,292 [ERROR] LogOutputStream:75 - [STDERR_REDIRECT] 
2026-08-27 16:06:12,269 [ERROR] LogOutputStream:75 - [STDERR_REDIRECT] [Fatal Error] :1:1: Premature end of file.
2026-08-27 16:06:12,269 [ERROR] LogOutputStream:75 - [STDERR_REDIRECT] 
2026-08-27 16:06:13,280 [ERROR] LogOutputStream:75 - [STDERR_REDIRECT] [Fatal Error] :1:1: Premature end of file.
2026-08-27 16:06:13,280 [ERROR] LogOutputStream:75 - [STDERR_REDIRECT] 
2026-08-27 16:06:14,284 [ERROR] LogOutputStream:75 - [STDERR_REDIRECT] [Fatal Error] :1:1: Premature end of file.
2026-08-27 16:06:14,284 [ERROR] LogOutputStream:75 - [STDERR_REDIRECT] 
2026-08-27 16:06:15,278 [ERROR] LogOutputStream:75 - [STDERR_REDIRECT] [Fatal Error] :1:1: Premature end of file.
2026-08-27 16:06:15,278 [ERROR] LogOutputStream:75 - [STDERR_REDIRECT] 
2026-08-27 16:06:15,677 [INFO] MultiScanPanel:200 - Auto-refresh data requested => check proxy status ongoing
2026-08-27 16:06:15,753 [INFO] LoadUrlFilesThread:185 - End of LoadServerUrlFiles without Thread
2026-08-27 16:06:15,753 [INFO] DetailPanel:341 - Set advertising image to C:/Users/student/STM32Cube/Repository/\en.stm32h5cubemxbanner.png
2026-08-27 16:06:15,761 [INFO] DbBoards:642 - Loading board mini-images...
2026-08-27 16:06:16,040 [ERROR] DbBoards:659 - Image file not found for board NUCLEO-H553ZG: C:\Users\student\.stmcufinder\plugins\mcufinder//mcu//boards_images/NUCLEO-H553ZG.jpg
2026-08-27 16:06:16,281 [ERROR] LogOutputStream:75 - [STDERR_REDIRECT] [Fatal Error] :1:1: Premature end of file.
2026-08-27 16:06:16,281 [ERROR] LogOutputStream:75 - [STDERR_REDIRECT] 
2026-08-27 16:06:17,210 [INFO] DbBoards:665 - Loaded 218 board mini-images
2026-08-27 16:06:17,284 [ERROR] LogOutputStream:75 - [STDERR_REDIRECT] [Fatal Error] :1:1: Premature end of file.
2026-08-27 16:06:17,284 [ERROR] LogOutputStream:75 - [STDERR_REDIRECT] 
2026-08-27 16:06:18,281 [ERROR] LogOutputStream:75 - [STDERR_REDIRECT] [Fatal Error] :1:1: Premature end of file.
2026-08-27 16:06:18,282 [ERROR] LogOutputStream:75 - [STDERR_REDIRECT] 
2026-08-27 16:06:19,282 [ERROR] LogOutputStream:75 - [STDERR_REDIRECT] [Fatal Error] :1:1: Premature end of file.
2026-08-27 16:06:19,282 [ERROR] LogOutputStream:75 - [STDERR_REDIRECT] 
2026-08-27 16:06:20,280 [ERROR] LogOutputStream:75 - [STDERR_REDIRECT] [Fatal Error] :1:1: Premature end of file.
2026-08-27 16:06:20,280 [ERROR] LogOutputStream:75 - [STDERR_REDIRECT] 
2026-08-27 16:06:21,279 [ERROR] LogOutputStream:75 - [STDERR_REDIRECT] [Fatal Error] :1:1: Premature end of file.
2026-08-27 16:06:21,279 [ERROR] LogOutputStream:75 - [STDERR_REDIRECT] 
2026-08-27 16:06:22,280 [ERROR] LogOutputStream:75 - [STDERR_REDIRECT] [Fatal Error] :1:1: Premature end of file.
2026-08-27 16:06:22,280 [ERROR] LogOutputStream:75 - [STDERR_REDIRECT] 
2026-08-27 16:06:23,281 [ERROR] LogOutputStream:75 - [STDERR_REDIRECT] [Fatal Error] :1:1: Premature end of file.
2026-08-27 16:06:23,282 [ERROR] LogOutputStream:75 - [STDERR_REDIRECT] 
2026-08-27 16:06:24,279 [ERROR] LogOutputStream:75 - [STDERR_REDIRECT] [Fatal Error] :1:1: Premature end of file.
2026-08-27 16:06:24,279 [ERROR] LogOutputStream:75 - [STDERR_REDIRECT] 
2026-08-27 16:06:25,280 [ERROR] LogOutputStream:75 - [STDERR_REDIRECT] [Fatal Error] :1:1: Premature end of file.
2026-08-27 16:06:25,280 [ERROR] LogOutputStream:75 - [STDERR_REDIRECT] 
2026-08-27 16:06:26,280 [ERROR] LogOutputStream:75 - [STDERR_REDIRECT] [Fatal Error] :1:1: Premature end of file.
2026-08-27 16:06:26,280 [ERROR] LogOutputStream:75 - [STDERR_REDIRECT] 
2026-08-27 16:06:27,279 [ERROR] LogOutputStream:75 - [STDERR_REDIRECT] [Fatal Error] :1:1: Premature end of file.
2026-08-27 16:06:27,279 [ERROR] LogOutputStream:75 - [STDERR_REDIRECT] 
2026-08-27 16:06:28,281 [ERROR] LogOutputStream:75 - [STDERR_REDIRECT] [Fatal Error] :1:1: Premature end of file.
2026-08-27 16:06:28,281 [ERROR] LogOutputStream:75 - [STDERR_REDIRECT] 
2026-08-27 16:06:29,280 [ERROR] LogOutputStream:75 - [STDERR_REDIRECT] [Fatal Error] :1:1: Premature end of file.
2026-08-27 16:06:29,280 [ERROR] LogOutputStream:75 - [STDERR_REDIRECT] 
2026-08-27 16:06:30,280 [ERROR] LogOutputStream:75 - [STDERR_REDIRECT] [Fatal Error] :1:1: Premature end of file.
2026-08-27 16:06:30,280 [ERROR] LogOutputStream:75 - [STDERR_REDIRECT] 
2026-08-27 16:06:31,280 [ERROR] LogOutputStream:75 - [STDERR_REDIRECT] [Fatal Error] :1:1: Premature end of file.
2026-08-27 16:06:31,280 [ERROR] LogOutputStream:75 - [STDERR_REDIRECT] 
2026-08-27 16:06:32,280 [ERROR] LogOutputStream:75 - [STDERR_REDIRECT] [Fatal Error] :1:1: Premature end of file.
2026-08-27 16:06:32,280 [ERROR] LogOutputStream:75 - [STDERR_REDIRECT] 
2026-08-27 16:06:33,280 [ERROR] LogOutputStream:75 - [STDERR_REDIRECT] [Fatal Error] :1:1: Premature end of file.
2026-08-27 16:06:33,280 [ERROR] LogOutputStream:75 - [STDERR_REDIRECT] 
2026-08-27 16:06:34,280 [ERROR] LogOutputStream:75 - [STDERR_REDIRECT] [Fatal Error] :1:1: Premature end of file.
2026-08-27 16:06:34,281 [ERROR] LogOutputStream:75 - [STDERR_REDIRECT] 
2026-08-27 16:06:35,280 [ERROR] LogOutputStream:75 - [STDERR_REDIRECT] [Fatal Error] :1:1: Premature end of file.
2026-08-27 16:06:35,280 [ERROR] LogOutputStream:75 - [STDERR_REDIRECT] 
2026-08-27 16:06:36,280 [ERROR] LogOutputStream:75 - [STDERR_REDIRECT] [Fatal Error] :1:1: Premature end of file.
2026-08-27 16:06:36,280 [ERROR] LogOutputStream:75 - [STDERR_REDIRECT] 
2026-08-27 16:06:37,279 [ERROR] LogOutputStream:75 - [STDERR_REDIRECT] [Fatal Error] :1:1: Premature end of file.
2026-08-27 16:06:37,279 [ERROR] LogOutputStream:75 - [STDERR_REDIRECT] 
2026-08-27 16:06:38,280 [ERROR] LogOutputStream:75 - [STDERR_REDIRECT] [Fatal Error] :1:1: Premature end of file.
2026-08-27 16:06:38,280 [ERROR] LogOutputStream:75 - [STDERR_REDIRECT] 
2026-08-27 16:06:39,280 [ERROR] LogOutputStream:75 - [STDERR_REDIRECT] [Fatal Error] :1:1: Premature end of file.
2026-08-27 16:06:39,280 [ERROR] LogOutputStream:75 - [STDERR_REDIRECT] 
2026-08-27 16:06:40,280 [ERROR] LogOutputStream:75 - [STDERR_REDIRECT] [Fatal Error] :1:1: Premature end of file.
2026-08-27 16:06:40,280 [ERROR] LogOutputStream:75 - [STDERR_REDIRECT] 
2026-08-27 16:06:41,278 [ERROR] LogOutputStream:75 - [STDERR_REDIRECT] [Fatal Error] :1:1: Premature end of file.
2026-08-27 16:06:41,278 [ERROR] LogOutputStream:75 - [STDERR_REDIRECT] 
2026-08-27 16:06:42,279 [ERROR] LogOutputStream:75 - [STDERR_REDIRECT] [Fatal Error] :1:1: Premature end of file.
2026-08-27 16:06:42,280 [ERROR] LogOutputStream:75 - [STDERR_REDIRECT] 
2026-08-27 16:06:43,280 [ERROR] LogOutputStream:75 - [STDERR_REDIRECT] [Fatal Error] :1:1: Premature end of file.
2026-08-27 16:06:43,281 [ERROR] LogOutputStream:75 - [STDERR_REDIRECT] 
2026-08-27 16:06:44,281 [ERROR] LogOutputStream:75 - [STDERR_REDIRECT] [Fatal Error] :1:1: Premature end of file.
2026-08-27 16:06:44,282 [ERROR] LogOutputStream:75 - [STDERR_REDIRECT] 
2026-08-27 16:06:45,282 [ERROR] LogOutputStream:75 - [STDERR_REDIRECT] [Fatal Error] :1:1: Premature end of file.
2026-08-27 16:06:45,282 [ERROR] LogOutputStream:75 - [STDERR_REDIRECT] 
2026-08-27 16:06:46,280 [ERROR] LogOutputStream:75 - [STDERR_REDIRECT] [Fatal Error] :1:1: Premature end of file.
2026-08-27 16:06:46,280 [ERROR] LogOutputStream:75 - [STDERR_REDIRECT] 
2026-08-27 16:06:47,280 [ERROR] LogOutputStream:75 - [STDERR_REDIRECT] [Fatal Error] :1:1: Premature end of file.
2026-08-27 16:06:47,280 [ERROR] LogOutputStream:75 - [STDERR_REDIRECT] 
2026-08-27 16:06:48,281 [ERROR] LogOutputStream:75 - [STDERR_REDIRECT] [Fatal Error] :1:1: Premature end of file.
2026-08-27 16:06:48,281 [ERROR] LogOutputStream:75 - [STDERR_REDIRECT] 
2026-08-27 16:06:49,282 [ERROR] LogOutputStream:75 - [STDERR_REDIRECT] [Fatal Error] :1:1: Premature end of file.
2026-08-27 16:06:49,282 [ERROR] LogOutputStream:75 - [STDERR_REDIRECT] 
2026-08-27 16:06:50,280 [ERROR] LogOutputStream:75 - [STDERR_REDIRECT] [Fatal Error] :1:1: Premature end of file.
2026-08-27 16:06:50,280 [ERROR] LogOutputStream:75 - [STDERR_REDIRECT] 
2026-08-27 16:06:51,279 [ERROR] LogOutputStream:75 - [STDERR_REDIRECT] [Fatal Error] :1:1: Premature end of file.
2026-08-27 16:06:51,279 [ERROR] LogOutputStream:75 - [STDERR_REDIRECT] 
2026-08-27 16:06:52,278 [ERROR] LogOutputStream:75 - [STDERR_REDIRECT] [Fatal Error] :1:1: Premature end of file.
2026-08-27 16:06:52,278 [ERROR] LogOutputStream:75 - [STDERR_REDIRECT] 
2026-08-27 16:06:53,280 [ERROR] LogOutputStream:75 - [STDERR_REDIRECT] [Fatal Error] :1:1: Premature end of file.
2026-08-27 16:06:53,280 [ERROR] LogOutputStream:75 - [STDERR_REDIRECT] 
2026-08-27 16:06:54,280 [ERROR] LogOutputStream:75 - [STDERR_REDIRECT] [Fatal Error] :1:1: Premature end of file.
2026-08-27 16:06:54,280 [ERROR] LogOutputStream:75 - [STDERR_REDIRECT] 
2026-08-27 16:06:55,279 [ERROR] LogOutputStream:75 - [STDERR_REDIRECT] [Fatal Error] :1:1: Premature end of file.
2026-08-27 16:06:55,279 [ERROR] LogOutputStream:75 - [STDERR_REDIRECT] 
2026-08-27 16:06:56,280 [ERROR] LogOutputStream:75 - [STDERR_REDIRECT] [Fatal Error] :1:1: Premature end of file.
2026-08-27 16:06:56,281 [ERROR] LogOutputStream:75 - [STDERR_REDIRECT] 
2026-08-27 16:06:57,279 [ERROR] LogOutputStream:75 - [STDERR_REDIRECT] [Fatal Error] :1:1: Premature end of file.
2026-08-27 16:06:57,279 [ERROR] LogOutputStream:75 - [STDERR_REDIRECT] 
2026-08-27 16:06:58,281 [ERROR] LogOutputStream:75 - [STDERR_REDIRECT] [Fatal Error] :1:1: Premature end of file.
2026-08-27 16:06:58,281 [ERROR] LogOutputStream:75 - [STDERR_REDIRECT] 
2026-08-27 16:06:59,279 [ERROR] LogOutputStream:75 - [STDERR_REDIRECT] [Fatal Error] :1:1: Premature end of file.
2026-08-27 16:06:59,279 [ERROR] LogOutputStream:75 - [STDERR_REDIRECT] 
2026-08-27 16:07:00,280 [ERROR] LogOutputStream:75 - [STDERR_REDIRECT] [Fatal Error] :1:1: Premature end of file.
2026-08-27 16:07:00,280 [ERROR] LogOutputStream:75 - [STDERR_REDIRECT] 
2026-08-27 16:07:01,278 [ERROR] LogOutputStream:75 - [STDERR_REDIRECT] [Fatal Error] :1:1: Premature end of file.
2026-08-27 16:07:01,278 [ERROR] LogOutputStream:75 - [STDERR_REDIRECT] 
2026-08-27 16:07:02,279 [ERROR] LogOutputStream:75 - [STDERR_REDIRECT] [Fatal Error] :1:1: Premature end of file.
2026-08-27 16:07:02,279 [ERROR] LogOutputStream:75 - [STDERR_REDIRECT] 
2026-08-27 16:07:03,283 [ERROR] LogOutputStream:75 - [STDERR_REDIRECT] [Fatal Error] :1:1: Premature end of file.
2026-08-27 16:07:03,283 [ERROR] LogOutputStream:75 - [STDERR_REDIRECT] 
2026-08-27 16:07:04,279 [ERROR] LogOutputStream:75 - [STDERR_REDIRECT] [Fatal Error] :1:1: Premature end of file.
2026-08-27 16:07:04,280 [ERROR] LogOutputStream:75 - [STDERR_REDIRECT] 
2026-08-27 16:07:05,282 [ERROR] LogOutputStream:75 - [STDERR_REDIRECT] [Fatal Error] :1:1: Premature end of file.
2026-08-27 16:07:05,282 [ERROR] LogOutputStream:75 - [STDERR_REDIRECT] 
2026-08-27 16:07:06,279 [ERROR] LogOutputStream:75 - [STDERR_REDIRECT] [Fatal Error] :1:1: Premature end of file.
2026-08-27 16:07:06,279 [ERROR] LogOutputStream:75 - [STDERR_REDIRECT] 
2026-08-27 16:07:07,282 [ERROR] LogOutputStream:75 - [STDERR_REDIRECT] [Fatal Error] :1:1: Premature end of file.
2026-08-27 16:07:07,282 [ERROR] LogOutputStream:75 - [STDERR_REDIRECT] 
2026-08-27 16:07:08,280 [ERROR] LogOutputStream:75 - [STDERR_REDIRECT] [Fatal Error] :1:1: Premature end of file.
2026-08-27 16:07:08,280 [ERROR] LogOutputStream:75 - [STDERR_REDIRECT] 
2026-08-27 16:07:09,280 [ERROR] LogOutputStream:75 - [STDERR_REDIRECT] [Fatal Error] :1:1: Premature end of file.
2026-08-27 16:07:09,280 [ERROR] LogOutputStream:75 - [STDERR_REDIRECT] 
2026-08-27 16:07:10,282 [ERROR] LogOutputStream:75 - [STDERR_REDIRECT] [Fatal Error] :1:1: Premature end of file.
2026-08-27 16:07:10,282 [ERROR] LogOutputStream:75 - [STDERR_REDIRECT] 
2026-08-27 16:07:11,280 [ERROR] LogOutputStream:75 - [STDERR_REDIRECT] [Fatal Error] :1:1: Premature end of file.
2026-08-27 16:07:11,280 [ERROR] LogOutputStream:75 - [STDERR_REDIRECT] 
2026-08-27 16:07:12,282 [ERROR] LogOutputStream:75 - [STDERR_REDIRECT] [Fatal Error] :1:1: Premature end of file.
2026-08-27 16:07:12,282 [ERROR] LogOutputStream:75 - [STDERR_REDIRECT] 
2026-08-27 16:07:13,280 [ERROR] LogOutputStream:75 - [STDERR_REDIRECT] [Fatal Error] :1:1: Premature end of file.
2026-08-27 16:07:13,280 [ERROR] LogOutputStream:75 - [STDERR_REDIRECT] 
2026-08-27 16:07:14,282 [ERROR] LogOutputStream:75 - [STDERR_REDIRECT] [Fatal Error] :1:1: Premature end of file.
2026-08-27 16:07:14,282 [ERROR] LogOutputStream:75 - [STDERR_REDIRECT] 
2026-08-27 16:07:15,279 [ERROR] LogOutputStream:75 - [STDERR_REDIRECT] [Fatal Error] :1:1: Premature end of file.
2026-08-27 16:07:15,279 [ERROR] LogOutputStream:75 - [STDERR_REDIRECT] 
2026-08-27 16:07:16,281 [ERROR] LogOutputStream:75 - [STDERR_REDIRECT] [Fatal Error] :1:1: Premature end of file.
2026-08-27 16:07:16,281 [ERROR] LogOutputStream:75 - [STDERR_REDIRECT] 
2026-08-27 16:07:17,280 [ERROR] LogOutputStream:75 - [STDERR_REDIRECT] [Fatal Error] :1:1: Premature end of file.
2026-08-27 16:07:17,280 [ERROR] LogOutputStream:75 - [STDERR_REDIRECT] 
2026-08-27 16:07:18,279 [ERROR] LogOutputStream:75 - [STDERR_REDIRECT] [Fatal Error] :1:1: Premature end of file.
2026-08-27 16:07:18,279 [ERROR] LogOutputStream:75 - [STDERR_REDIRECT] 
2026-08-27 16:07:19,281 [ERROR] LogOutputStream:75 - [STDERR_REDIRECT] [Fatal Error] :1:1: Premature end of file.
2026-08-27 16:07:19,281 [ERROR] LogOutputStream:75 - [STDERR_REDIRECT] 
2026-08-27 16:07:20,280 [ERROR] LogOutputStream:75 - [STDERR_REDIRECT] [Fatal Error] :1:1: Premature end of file.
2026-08-27 16:07:20,280 [ERROR] LogOutputStream:75 - [STDERR_REDIRECT] 
2026-08-27 16:07:21,280 [ERROR] LogOutputStream:75 - [STDERR_REDIRECT] [Fatal Error] :1:1: Premature end of file.
2026-08-27 16:07:21,280 [ERROR] LogOutputStream:75 - [STDERR_REDIRECT] 
2026-08-27 16:07:22,282 [ERROR] LogOutputStream:75 - [STDERR_REDIRECT] [Fatal Error] :1:1: Premature end of file.
2026-08-27 16:07:22,282 [ERROR] LogOutputStream:75 - [STDERR_REDIRECT] 
2026-08-27 16:07:23,278 [ERROR] LogOutputStream:75 - [STDERR_REDIRECT] [Fatal Error] :1:1: Premature end of file.
2026-08-27 16:07:23,278 [ERROR] LogOutputStream:75 - [STDERR_REDIRECT] 
2026-08-27 16:07:24,279 [ERROR] LogOutputStream:75 - [STDERR_REDIRECT] [Fatal Error] :1:1: Premature end of file.
2026-08-27 16:07:24,279 [ERROR] LogOutputStream:75 - [STDERR_REDIRECT] 
2026-08-27 16:07:25,280 [ERROR] LogOutputStream:75 - [STDERR_REDIRECT] [Fatal Error] :1:1: Premature end of file.
2026-08-27 16:07:25,281 [ERROR] LogOutputStream:75 - [STDERR_REDIRECT] 
2026-08-27 16:07:26,279 [ERROR] LogOutputStream:75 - [STDERR_REDIRECT] [Fatal Error] :1:1: Premature end of file.
2026-08-27 16:07:26,280 [ERROR] LogOutputStream:75 - [STDERR_REDIRECT] 
2026-08-27 16:07:27,280 [ERROR] LogOutputStream:75 - [STDERR_REDIRECT] [Fatal Error] :1:1: Premature end of file.
2026-08-27 16:07:27,280 [ERROR] LogOutputStream:75 - [STDERR_REDIRECT] 
2026-08-27 16:07:28,280 [ERROR] LogOutputStream:75 - [STDERR_REDIRECT] [Fatal Error] :1:1: Premature end of file.
2026-08-27 16:07:28,281 [ERROR] LogOutputStream:75 - [STDERR_REDIRECT] 
2026-08-27 16:07:29,278 [ERROR] LogOutputStream:75 - [STDERR_REDIRECT] [Fatal Error] :1:1: Premature end of file.
2026-08-27 16:07:29,278 [ERROR] LogOutputStream:75 - [STDERR_REDIRECT] 
2026-08-27 16:07:30,280 [ERROR] LogOutputStream:75 - [STDERR_REDIRECT] [Fatal Error] :1:1: Premature end of file.
2026-08-27 16:07:30,280 [ERROR] LogOutputStream:75 - [STDERR_REDIRECT] 
2026-08-27 16:07:31,281 [ERROR] LogOutputStream:75 - [STDERR_REDIRECT] [Fatal Error] :1:1: Premature end of file.
2026-08-27 16:07:31,282 [ERROR] LogOutputStream:75 - [STDERR_REDIRECT] 
2026-08-27 16:07:32,280 [ERROR] LogOutputStream:75 - [STDERR_REDIRECT] [Fatal Error] :1:1: Premature end of file.
2026-08-27 16:07:32,280 [ERROR] LogOutputStream:75 - [STDERR_REDIRECT] 
2026-08-27 16:07:33,281 [ERROR] LogOutputStream:75 - [STDERR_REDIRECT] [Fatal Error] :1:1: Premature end of file.
2026-08-27 16:07:33,281 [ERROR] LogOutputStream:75 - [STDERR_REDIRECT] 
2026-08-27 16:07:34,280 [ERROR] LogOutputStream:75 - [STDERR_REDIRECT] [Fatal Error] :1:1: Premature end of file.
2026-08-27 16:07:34,280 [ERROR] LogOutputStream:75 - [STDERR_REDIRECT] 
2026-08-27 16:07:35,279 [ERROR] LogOutputStream:75 - [STDERR_REDIRECT] [Fatal Error] :1:1: Premature end of file.
2026-08-27 16:07:35,279 [ERROR] LogOutputStream:75 - [STDERR_REDIRECT] 
2026-08-27 16:07:36,281 [ERROR] LogOutputStream:75 - [STDERR_REDIRECT] [Fatal Error] :1:1: Premature end of file.
2026-08-27 16:07:36,281 [ERROR] LogOutputStream:75 - [STDERR_REDIRECT] 
2026-08-27 16:07:37,280 [ERROR] LogOutputStream:75 - [STDERR_REDIRECT] [Fatal Error] :1:1: Premature end of file.
2026-08-27 16:07:37,280 [ERROR] LogOutputStream:75 - [STDERR_REDIRECT] 
2026-08-27 16:07:38,280 [ERROR] LogOutputStream:75 - [STDERR_REDIRECT] [Fatal Error] :1:1: Premature end of file.
2026-08-27 16:07:38,280 [ERROR] LogOutputStream:75 - [STDERR_REDIRECT] 
2026-08-27 16:07:39,280 [ERROR] LogOutputStream:75 - [STDERR_REDIRECT] [Fatal Error] :1:1: Premature end of file.
2026-08-27 16:07:39,280 [ERROR] LogOutputStream:75 - [STDERR_REDIRECT] 
2026-08-27 16:07:40,280 [ERROR] LogOutputStream:75 - [STDERR_REDIRECT] [Fatal Error] :1:1: Premature end of file.
2026-08-27 16:07:40,280 [ERROR] LogOutputStream:75 - [STDERR_REDIRECT] 
2026-08-27 16:07:41,280 [ERROR] LogOutputStream:75 - [STDERR_REDIRECT] [Fatal Error] :1:1: Premature end of file.
2026-08-27 16:07:41,280 [ERROR] LogOutputStream:75 - [STDERR_REDIRECT] 
2026-08-27 16:07:42,281 [ERROR] LogOutputStream:75 - [STDERR_REDIRECT] [Fatal Error] :1:1: Premature end of file.
2026-08-27 16:07:42,281 [ERROR] LogOutputStream:75 - [STDERR_REDIRECT] 
2026-08-27 16:07:43,281 [ERROR] LogOutputStream:75 - [STDERR_REDIRECT] [Fatal Error] :1:1: Premature end of file.
2026-08-27 16:07:43,281 [ERROR] LogOutputStream:75 - [STDERR_REDIRECT] 
2026-08-27 16:07:44,280 [ERROR] LogOutputStream:75 - [STDERR_REDIRECT] [Fatal Error] :1:1: Premature end of file.
2026-08-27 16:07:44,281 [ERROR] LogOutputStream:75 - [STDERR_REDIRECT] 
2026-08-27 16:07:45,279 [ERROR] LogOutputStream:75 - [STDERR_REDIRECT] [Fatal Error] :1:1: Premature end of file.
2026-08-27 16:07:45,279 [ERROR] LogOutputStream:75 - [STDERR_REDIRECT] 
2026-08-27 16:07:46,279 [ERROR] LogOutputStream:75 - [STDERR_REDIRECT] [Fatal Error] :1:1: Premature end of file.
2026-08-27 16:07:46,279 [ERROR] LogOutputStream:75 - [STDERR_REDIRECT] 
2026-08-27 16:07:47,280 [ERROR] LogOutputStream:75 - [STDERR_REDIRECT] [Fatal Error] :1:1: Premature end of file.
2026-08-27 16:07:47,280 [ERROR] LogOutputStream:75 - [STDERR_REDIRECT] 
2026-08-27 16:07:48,280 [ERROR] LogOutputStream:75 - [STDERR_REDIRECT] [Fatal Error] :1:1: Premature end of file.
2026-08-27 16:07:48,280 [ERROR] LogOutputStream:75 - [STDERR_REDIRECT] 
2026-08-27 16:07:49,282 [ERROR] LogOutputStream:75 - [STDERR_REDIRECT] [Fatal Error] :1:1: Premature end of file.
2026-08-27 16:07:49,282 [ERROR] LogOutputStream:75 - [STDERR_REDIRECT] 
2026-08-27 16:07:50,280 [ERROR] LogOutputStream:75 - [STDERR_REDIRECT] [Fatal Error] :1:1: Premature end of file.
2026-08-27 16:07:50,280 [ERROR] LogOutputStream:75 - [STDERR_REDIRECT] 
2026-08-27 16:07:51,205 [INFO] MainUpdater:2872 - connection check result : 10
2026-08-27 16:07:51,205 [INFO] MainUpdater:2872 - connection check result : 10
2026-08-27 16:07:51,214 [INFO] MicroXplorer:468 - Change Database Path : 
2026-08-27 16:07:51,214 [INFO] MicroXplorer:498 - Change Database Version : DB.6.0.150
2026-08-27 16:07:51,217 [WARN] ThirdParty:871 - waiting for thirdparty lock release [close project]
2026-08-27 16:07:51,218 [INFO] ThirdParty:873 - entering critical section [close project]
2026-08-27 16:07:51,219 [INFO] ThirdParty:883 - exiting critical section [close project]
2026-08-27 16:07:51,220 [INFO] PinOutPanel:1589 - setPackage(No Configuration,No Configuration)
2026-08-27 16:07:51,221 [INFO] UtilMem:75 - Begin LoadConfig() Used Memory: 948793832 Bytes (1073741824)
2026-08-27 16:07:51,225 [INFO] OpenFileManager:355 - Change cursor
2026-08-27 16:07:51,240 [WARN] IntegrityCheckThread:84 - waiting for thirdparty lock release [integrity check]
2026-08-27 16:07:51,240 [INFO] IntegrityCheckThread:86 - entering critical section [integrity check]
2026-08-27 16:07:51,283 [ERROR] LogOutputStream:75 - [STDERR_REDIRECT] [Fatal Error] :1:1: Premature end of file.
2026-08-27 16:07:51,283 [ERROR] LogOutputStream:75 - [STDERR_REDIRECT] 
2026-08-27 16:07:51,367 [WARN] PackLoader:240 - Cannot read IP mode file for STMicroelectronics.X-CUBE-AZRTOS-H7.3.5.0
2026-08-27 16:07:51,373 [WARN] PackLoader:240 - Cannot read IP mode file for STMicroelectronics.FP-ATR-ASTRA1.2.0.3
2026-08-27 16:07:51,375 [ERROR] Engine:466 - C:\Users\student\.stm32cubemx\thirdparties\pdsc\STMicroelectronics.X-CUBE-SMBUS.2.1.1.pdsc: PDSC version is not supported
2026-08-27 16:07:51,381 [WARN] PackLoader:240 - Cannot read IP mode file for STMicroelectronics.X-CUBE-AZRTOS-F7.1.1.0
2026-08-27 16:07:51,385 [WARN] PackLoader:240 - Cannot read IP mode file for STMicroelectronics.X-CUBE-FREERTOS.1.6.0
2026-08-27 16:07:51,388 [WARN] PackLoader:240 - Cannot read IP mode file for STMicroelectronics.FP-SNS-MOTENV1.5.1.0
2026-08-27 16:07:51,396 [WARN] PackLoader:240 - Cannot read IP mode file for STMicroelectronics.X-CUBE-AZRTOS-H7RS.1.3.0
2026-08-27 16:07:51,400 [WARN] PackLoader:240 - Cannot read IP mode file for WES.I-CUBE-Cesium.1.4.0
2026-08-27 16:07:51,402 [WARN] PackLoader:240 - Cannot read IP mode file for STMicroelectronics.X-CUBE-DISPLAY.3.0.0
2026-08-27 16:07:51,407 [WARN] PackLoader:240 - Cannot read IP mode file for STMicroelectronics.X-CUBE-GNSS1.7.1.1
2026-08-27 16:07:51,410 [WARN] PackLoader:240 - Cannot read IP mode file for STMicroelectronics.FP-SNS-MOTENVWB1.1.5.0
2026-08-27 16:07:51,413 [WARN] PackLoader:240 - Cannot read IP mode file for STMicroelectronics.X-CUBE-NFC10.1.0.0
2026-08-27 16:07:51,416 [WARN] PackLoader:240 - Cannot read IP mode file for STMicroelectronics.X-CUBE-ST60.1.1.0
2026-08-27 16:07:51,418 [WARN] PackLoader:240 - Cannot read IP mode file for emotas.I-CUBE-CANOPEN.1.3.0
2026-08-27 16:07:51,421 [WARN] PackLoader:240 - Cannot read IP mode file for wolfSSL.I-CUBE-wolfSSL.5.9.2
2026-08-27 16:07:51,423 [ERROR] Engine:466 - C:\Users\student\.stm32cubemx\thirdparties\pdsc\STMicroelectronics.X-CUBE-WBA.1.1.0.pdsc: PDSC version is not supported
2026-08-27 16:07:51,425 [WARN] PackLoader:240 - Cannot read IP mode file for STMicroelectronics.FP-SNS-STBOX1.2.1.0
2026-08-27 16:07:51,428 [WARN] PackLoader:240 - Cannot read IP mode file for STMicroelectronics.FP-SNS-SMARTAG2.1.2.0
2026-08-27 16:07:51,430 [WARN] PackLoader:240 - Cannot read IP mode file for STMicroelectronics.FP-SNS-FLIGHT1.5.1.0
2026-08-27 16:07:51,434 [INFO] LogOutputStream:77 - [STDOUT_REDIRECT] 1 : Invalid condition id : UX_CORESTACK_Condition cause : null
2026-08-27 16:07:51,435 [INFO] LogOutputStream:77 - [STDOUT_REDIRECT] 1 : Invalid condition id : UX_CORESTACK_Condition cause : null
2026-08-27 16:07:51,435 [INFO] LogOutputStream:77 - [STDOUT_REDIRECT] 1 : Invalid condition id : UX_CORESTACK_Condition cause : null
2026-08-27 16:07:51,436 [INFO] LogOutputStream:77 - [STDOUT_REDIRECT] 1 : Invalid condition id : UX_CORESTACK_Condition cause : null
2026-08-27 16:07:51,436 [INFO] LogOutputStream:77 - [STDOUT_REDIRECT] 1 : Invalid condition id : UX_CORESTACK_Condition cause : null
2026-08-27 16:07:51,437 [WARN] PackLoader:240 - Cannot read IP mode file for STMicroelectronics.X-CUBE-AZRTOS-WL.2.0.0
2026-08-27 16:07:51,440 [WARN] PackLoader:240 - Cannot read IP mode file for STMicroelectronics.X-CUBE-BLE2.3.3.0
2026-08-27 16:07:51,448 [WARN] PackLoader:240 - Cannot read IP mode file for STMicroelectronics.X-CUBE-NFC9.1.0.0
2026-08-27 16:07:51,450 [WARN] PackLoader:240 - Cannot read IP mode file for STMicroelectronics.X-CUBE-BLE1.7.1.0
2026-08-27 16:07:51,452 [WARN] PackLoader:240 - Cannot read IP mode file for wolfSSL.I-CUBE-wolfMQTT.1.19.2
2026-08-27 16:07:51,456 [WARN] PackLoader:240 - Cannot read IP mode file for STMicroelectronics.X-CUBE-EEPRMA1.5.2.0
2026-08-27 16:07:51,459 [WARN] PackLoader:240 - Cannot read IP mode file for STMicroelectronics.FP-SNS-STAIOTCFT.1.1.0
2026-08-27 16:07:51,464 [WARN] PackLoader:240 - Cannot read IP mode file for STMicroelectronics.X-CUBE-AZRTOS-G0.1.1.0
2026-08-27 16:07:51,468 [WARN] PackLoader:240 - Cannot read IP mode file for STMicroelectronics.X-CUBE-NFC4.3.0.0
2026-08-27 16:07:51,473 [WARN] PackLoader:240 - Cannot read IP mode file for EmbeddedOffice.I-CUBE-FS-RTOS.1.0.1
2026-08-27 16:07:51,475 [WARN] PackLoader:240 - Cannot read IP mode file for wolfSSL.I-CUBE-wolfTPM.3.8.0
2026-08-27 16:07:51,478 [WARN] PackLoader:240 - Cannot read IP mode file for STMicroelectronics.X-CUBE-TCPP.4.2.0
2026-08-27 16:07:51,481 [WARN] PackLoader:240 - Cannot read IP mode file for RealThread.X-CUBE-RT-Thread_Nano.4.1.1
2026-08-27 16:07:51,483 [WARN] PackLoader:240 - Cannot read IP mode file for STMicroelectronics.FP-ATR-SIGFOX1.3.2.0
2026-08-27 16:07:51,485 [WARN] PackLoader:240 - Cannot read IP mode file for ITTIA_DB.I-CUBE-ITTIADB.8.9.0
2026-08-27 16:07:51,489 [WARN] PackLoader:240 - Cannot read IP mode file for STMicroelectronics.X-CUBE-NFC6.3.2.0
2026-08-27 16:07:51,492 [WARN] PackLoader:240 - Cannot read IP mode file for STMicroelectronics.X-CUBE-AI.10.2.1
2026-08-27 16:07:51,510 [WARN] PackLoader:240 - Cannot read IP mode file for SEGGER.I-CUBE-embOS.1.3.1
2026-08-27 16:07:51,660 [WARN] PackLoader:240 - Cannot read IP mode file for STMicroelectronics.X-CUBE-NFC13.1.0.0
2026-08-27 16:07:51,664 [WARN] PackLoader:240 - Cannot read IP mode file for STMicroelectronics.X-CUBE-PM33A1.1.0.0
2026-08-27 16:07:51,672 [WARN] PackLoader:240 - Cannot read IP mode file for STMicroelectronics.X-CUBE-AZRTOS-F4.1.1.0
2026-08-27 16:07:51,676 [WARN] PackLoader:240 - Cannot read IP mode file for STMicroelectronics.X-CUBE-ISPU.2.1.0
2026-08-27 16:07:51,681 [WARN] PackLoader:240 - Cannot read IP mode file for STMicroelectronics.X-CUBE-IPS.3.2.0
2026-08-27 16:07:51,686 [WARN] PackLoader:240 - Cannot read IP mode file for STMicroelectronics.eDS-WB_DPC_TT-BIDIR.2.1.1
2026-08-27 16:07:51,689 [WARN] PackLoader:240 - Cannot read IP mode file for STMicroelectronics.X-CUBE-NFC12.1.0.0
2026-08-27 16:07:51,696 [WARN] PackLoader:240 - Cannot read IP mode file for STMicroelectronics.X-CUBE-AZRTOS-L5.2.0.0
2026-08-27 16:07:51,703 [WARN] PackLoader:240 - Cannot read IP mode file for STMicroelectronics.X-CUBE-ALGOBUILD.1.5.0
2026-08-27 16:07:51,706 [WARN] PackLoader:240 - Cannot read IP mode file for STMicroelectronics.eDS-WB_DPC_VIENNA.1.2.0
2026-08-27 16:07:51,723 [WARN] PackLoader:240 - Cannot read IP mode file for STMicroelectronics.X-CUBE-MEMS1.13.0.0
2026-08-27 16:07:51,751 [WARN] PackLoader:240 - Cannot read IP mode file for STMicroelectronics.eDS-WB_DPC_3PH2L-BIDIR.1.1.1
2026-08-27 16:07:51,752 [ERROR] Engine:466 - C:\Users\student\.stm32cubemx\thirdparties\pdsc\STMicroelectronics.X-CUBE-ST67W61.1.3.0.pdsc: PDSC version is not supported
2026-08-27 16:07:51,755 [WARN] PackLoader:240 - Cannot read IP mode file for STMicroelectronics.X-CUBE-TOUCHGFX.4.26.1
2026-08-27 16:07:51,757 [WARN] PackLoader:240 - Cannot read IP mode file for STMicroelectronics.X-CUBE-DPower.1.3.0
2026-08-27 16:07:51,764 [WARN] ConditionMgr:438 - getConditionDescription Invalid condition id : LAN8742 Phy interface Condition cause : null
2026-08-27 16:07:51,765 [WARN] PackLoader:240 - Cannot read IP mode file for STMicroelectronics.X-CUBE-AZRTOS-L4.2.0.0
2026-08-27 16:07:51,765 [WARN] ConditionMgr:1044 - genDependencies : Invalid condition id : LAN8742 Phy interface Condition cause : null
2026-08-27 16:07:51,765 [WARN] ConditionMgr:1044 - genDependencies : Invalid condition id : LAN8742 Phy interface Condition cause : null
2026-08-27 16:07:51,766 [WARN] ConditionMgr:1044 - genDependencies : Invalid condition id : LAN8742 Phy interface Condition cause : null
2026-08-27 16:07:51,769 [WARN] PackLoader:240 - Cannot read IP mode file for STMicroelectronics.X-CUBE-SFXS2LP1.4.0.0
2026-08-27 16:07:51,773 [WARN] PackLoader:240 - Cannot read IP mode file for STMicroelectronics.X-CUBE-WB05N.2.1.0
2026-08-27 16:07:51,778 [WARN] ConditionMgr:438 - getConditionDescription Invalid condition id : UX DEVICE CLASS RTOS Condition cause : null
2026-08-27 16:07:51,778 [WARN] ConditionMgr:438 - getConditionDescription Invalid condition id : UX DEVICE CLASS RTOS Condition cause : null
2026-08-27 16:07:51,779 [WARN] PackLoader:240 - Cannot read IP mode file for STMicroelectronics.X-CUBE-AZRTOS-WB.2.0.0
2026-08-27 16:07:51,779 [WARN] ConditionMgr:1044 - genDependencies : Invalid condition id : UX DEVICE CLASS RTOS Condition cause : null
2026-08-27 16:07:51,779 [WARN] ConditionMgr:1044 - genDependencies : Invalid condition id : UX DEVICE CLASS RTOS Condition cause : null
2026-08-27 16:07:51,780 [WARN] ConditionMgr:1044 - genDependencies : Invalid condition id : UX DEVICE CLASS RTOS Condition cause : null
2026-08-27 16:07:51,780 [WARN] ConditionMgr:1044 - genDependencies : Invalid condition id : UX DEVICE CLASS RTOS Condition cause : null
2026-08-27 16:07:51,780 [WARN] ConditionMgr:1044 - genDependencies : Invalid condition id : UX DEVICE CLASS RTOS Condition cause : null
2026-08-27 16:07:51,782 [WARN] ConditionMgr:438 - getConditionDescription Invalid condition id : Cortex-A Device cause : null
2026-08-27 16:07:51,787 [WARN] ConditionMgr:1044 - genDependencies : Invalid condition id : Cortex-A Device cause : null
2026-08-27 16:07:51,787 [WARN] ConditionMgr:1044 - genDependencies : Invalid condition id : Cortex-A Device cause : null
2026-08-27 16:07:51,787 [WARN] ConditionMgr:1044 - genDependencies : Invalid condition id : Cortex-A Device cause : null
2026-08-27 16:07:51,790 [WARN] PackLoader:240 - Cannot read IP mode file for STMicroelectronics.X-CUBE-STSE01.2.0.0
2026-08-27 16:07:51,794 [WARN] PackLoader:240 - Cannot read IP mode file for STMicroelectronics.X-CUBE-SUBG2.5.0.0
2026-08-27 16:07:51,802 [WARN] PackLoader:240 - Cannot read IP mode file for STMicroelectronics.X-CUBE-AZRTOS-G4.2.0.0
2026-08-27 16:07:51,805 [WARN] PackLoader:240 - Cannot read IP mode file for wolfSSL.I-CUBE-wolfSSH.1.4.20
2026-08-27 16:07:51,807 [WARN] PackLoader:240 - Cannot read IP mode file for STMicroelectronics.X-CUBE-NFC7.2.0.0
2026-08-27 16:07:51,809 [ERROR] Engine:466 - C:\Users\student\.stm32cubemx\thirdparties\pdsc\STMicroelectronics.X-CUBE-BLEMGR.4.2.0.pdsc: PDSC version is not supported
2026-08-27 16:07:51,811 [WARN] PackLoader:240 - Cannot read IP mode file for STMicroelectronics.X-CUBE-ALS.1.0.2
2026-08-27 16:07:51,815 [WARN] PackLoader:240 - Cannot read IP mode file for STMicroelectronics.X-CUBE-TOF1.3.4.3
2026-08-27 16:07:51,819 [INFO] ThirdParty:978 - Integrity check success = true
2026-08-27 16:07:51,819 [INFO] IntegrityCheckThread:100 - exiting critical section [integrity check]
2026-08-27 16:07:51,819 [INFO] IntegrityCheckThread:103 - End integrity checks thread
2026-08-27 16:07:51,838 [INFO] ProjectFactory:514 - No CPN specified for board B-L4S5I-IOT01A => set CPN to STM32L4S5VIT6
2026-08-27 16:07:51,840 [INFO] Mcu:2029 - Initializing MCU STM32L4S5VITx STM32L4S5VITx STM32L4S5VIT6
2026-08-27 16:07:52,284 [ERROR] LogOutputStream:75 - [STDERR_REDIRECT] [Fatal Error] :1:1: Premature end of file.
2026-08-27 16:07:52,285 [ERROR] LogOutputStream:75 - [STDERR_REDIRECT] 
2026-08-27 16:07:53,256 [INFO] Context:786 - Trying to add GPIOservice into a context  which must be forbidden
2026-08-27 16:07:53,280 [ERROR] LogOutputStream:75 - [STDERR_REDIRECT] [Fatal Error] :1:1: Premature end of file.
2026-08-27 16:07:53,280 [ERROR] LogOutputStream:75 - [STDERR_REDIRECT] 
2026-08-27 16:07:53,611 [INFO] Rule:233 - rule 117617 - U5Cobra4M][GTZC] default value MPCBB3 and MPCBB5 - Not Secured memory - MPCBB1 is applicable
2026-08-27 16:07:53,611 [INFO] Rule:233 - rule 117617 - U5Cobra4M][GTZC] default value MPCBB3 and MPCBB5 - Not Secured memory - MPCBB1 is applicable
2026-08-27 16:07:53,611 [INFO] Rule:233 - rule 117617 - U5Cobra4M][GTZC] default value MPCBB3 and MPCBB5 - Not Secured memory - MPCBB2 is applicable
2026-08-27 16:07:53,611 [INFO] Rule:233 - rule 117617 - U5Cobra4M][GTZC] default value MPCBB3 and MPCBB5 - Not Secured memory - MPCBB2 is applicable
2026-08-27 16:07:53,611 [INFO] Rule:233 - rule 117617 - U5Cobra4M][GTZC] default value MPCBB3 and MPCBB5 - Not Secured memory - MPCBB3 is applicable
2026-08-27 16:07:53,611 [INFO] Rule:233 - rule 117617 - U5Cobra4M][GTZC] default value MPCBB3 and MPCBB5 - Not Secured memory - MPCBB3 is applicable
2026-08-27 16:07:53,611 [INFO] Rule:233 - rule 117617 - U5Cobra4M][GTZC] default value MPCBB3 and MPCBB5 - Not Secured memory - MPCBB4 is applicable
2026-08-27 16:07:53,611 [INFO] Rule:233 - rule 117617 - U5Cobra4M][GTZC] default value MPCBB3 and MPCBB5 - Not Secured memory - MPCBB4 is applicable
2026-08-27 16:07:53,611 [INFO] Rule:233 - rule 117617 - U5Cobra4M][GTZC] default value MPCBB3 and MPCBB5 - Secured memory - MPCBB1 is applicable
2026-08-27 16:07:53,611 [INFO] Rule:233 - rule 117617 - U5Cobra4M][GTZC] default value MPCBB3 and MPCBB5 - Secured memory - MPCBB2 is applicable
2026-08-27 16:07:53,611 [INFO] Rule:233 - rule 117617 - U5Cobra4M][GTZC] default value MPCBB3 and MPCBB5 - Secured memory - MPCBB3 is applicable
2026-08-27 16:07:53,611 [INFO] Rule:233 - rule 117617 - U5Cobra4M][GTZC] default value MPCBB3 and MPCBB5 - Secured memory - MPCBB4 is applicable
2026-08-27 16:07:53,611 [INFO] Rule:233 - rule 117617 - U5Cobra4M][GTZC] default value MPCBB3 and MPCBB5 - Privileged memory - MPCBB1 is applicable
2026-08-27 16:07:53,611 [INFO] Rule:233 - rule 117617 - U5Cobra4M][GTZC] default value MPCBB3 and MPCBB5 - Privileged memory - MPCBB2 is applicable
2026-08-27 16:07:53,611 [INFO] Rule:233 - rule 117617 - U5Cobra4M][GTZC] default value MPCBB3 and MPCBB5 - Privileged memory - MPCBB3 is applicable
2026-08-27 16:07:53,611 [INFO] Rule:233 - rule 117617 - U5Cobra4M][GTZC] default value MPCBB3 and MPCBB5 - Privileged memory - MPCBB4 is applicable
2026-08-27 16:07:53,611 [INFO] Rule:233 - rule 117617 - U5Cobra4M][GTZC] default value MPCBB3 and MPCBB5 - Not Privileged memory - MPCBB1 is applicable
2026-08-27 16:07:53,611 [INFO] Rule:233 - rule 117617 - U5Cobra4M][GTZC] default value MPCBB3 and MPCBB5 - Not Privileged memory - MPCBB2 is applicable
2026-08-27 16:07:53,611 [INFO] Rule:233 - rule 117617 - U5Cobra4M][GTZC] default value MPCBB3 and MPCBB5 - Not Privileged memory - MPCBB3 is applicable
2026-08-27 16:07:53,611 [INFO] Rule:233 - rule 117617 - U5Cobra4M][GTZC] default value MPCBB3 and MPCBB5 - Not Privileged memory - MPCBB4 is applicable
2026-08-27 16:07:53,611 [INFO] Rule:233 - rule 117617 - U5Cobra4M][GTZC] default value MPCBB3 and MPCBB5 - Privileged memory - MPCBB1 is applicable
2026-08-27 16:07:53,611 [INFO] Rule:233 - rule 117617 - U5Cobra4M][GTZC] default value MPCBB3 and MPCBB5 - Privileged memory - MPCBB2 is applicable
2026-08-27 16:07:53,611 [INFO] Rule:233 - rule 117617 - U5Cobra4M][GTZC] default value MPCBB3 and MPCBB5 - Privileged memory - MPCBB3 is applicable
2026-08-27 16:07:53,611 [INFO] Rule:233 - rule 117617 - U5Cobra4M][GTZC] default value MPCBB3 and MPCBB5 - Privileged memory - MPCBB4 is applicable
2026-08-27 16:07:53,611 [INFO] Rule:233 - rule 117617 - U5Cobra4M][GTZC] default value MPCBB3 and MPCBB5 - Privileged memory - MPCBB1 is applicable
2026-08-27 16:07:53,611 [INFO] Rule:233 - rule 117617 - U5Cobra4M][GTZC] default value MPCBB3 and MPCBB5 - Privileged memory - MPCBB2 is applicable
2026-08-27 16:07:53,611 [INFO] Rule:233 - rule 117617 - U5Cobra4M][GTZC] default value MPCBB3 and MPCBB5 - Privileged memory - MPCBB3 is applicable
2026-08-27 16:07:53,611 [INFO] Rule:233 - rule 117617 - U5Cobra4M][GTZC] default value MPCBB3 and MPCBB5 - Privileged memory - MPCBB4 is applicable
2026-08-27 16:07:53,611 [INFO] Rule:233 - rule 117617 - U5Cobra4M][GTZC] default value MPCBB3 and MPCBB5 - Not Privileged memory - MPCBB1 is applicable
2026-08-27 16:07:53,611 [INFO] Rule:233 - rule 117617 - U5Cobra4M][GTZC] default value MPCBB3 and MPCBB5 - Not Privileged memory - MPCBB2 is applicable
2026-08-27 16:07:53,611 [INFO] Rule:233 - rule 117617 - U5Cobra4M][GTZC] default value MPCBB3 and MPCBB5 - Not Privileged memory - MPCBB3 is applicable
2026-08-27 16:07:53,611 [INFO] Rule:233 - rule 117617 - U5Cobra4M][GTZC] default value MPCBB3 and MPCBB5 - Not Privileged memory - MPCBB4 is applicable
2026-08-27 16:07:53,611 [INFO] Rule:233 - rule 117617 - U5Cobra4M][GTZC] default value MPCBB3 and MPCBB5 - Privileged memory - MPCBB1 is applicable
2026-08-27 16:07:53,611 [INFO] Rule:233 - rule 117617 - U5Cobra4M][GTZC] default value MPCBB3 and MPCBB5 - Privileged memory - MPCBB2 is applicable
2026-08-27 16:07:53,611 [INFO] Rule:233 - rule 117617 - U5Cobra4M][GTZC] default value MPCBB3 and MPCBB5 - Privileged memory - MPCBB3 is applicable
2026-08-27 16:07:53,611 [INFO] Rule:233 - rule 117617 - U5Cobra4M][GTZC] default value MPCBB3 and MPCBB5 - Privileged memory - MPCBB4 is applicable
2026-08-27 16:07:53,612 [INFO] Rule:233 - rule WakeUp0 Mode is applicable
2026-08-27 16:07:53,612 [INFO] Rule:233 - rule WakeUp0 SIGNAL is applicable
2026-08-27 16:07:53,612 [INFO] Rule:233 - rule WakeUp1 Mode is applicable
2026-08-27 16:07:53,612 [INFO] Rule:233 - rule WakeUp1 SIGNAL is applicable
2026-08-27 16:07:53,612 [INFO] Rule:233 - rule WakeUp2 Mode is applicable
2026-08-27 16:07:53,612 [INFO] Rule:233 - rule WakeUp2 SIGNAL is applicable
2026-08-27 16:07:53,612 [INFO] Rule:233 - rule WakeUp4 Mode is applicable
2026-08-27 16:07:53,612 [INFO] Rule:233 - rule WakeUp4 SIGNAL is applicable
2026-08-27 16:07:53,612 [INFO] Rule:233 - rule WakeUp5 Mode is applicable
2026-08-27 16:07:53,612 [INFO] Rule:233 - rule WakeUp5 SIGNAL is applicable
2026-08-27 16:07:53,612 [INFO] Rule:233 - rule Change Default Value for LSE Drive Capability for WB family is applicable
2026-08-27 16:07:53,612 [INFO] Rule:233 - rule change FDCAN default value is applicable
2026-08-27 16:07:53,612 [INFO] Rule:233 - rule Adapt Old IOC before rework replace old CORTEX_M33/CORTEX_M55 attributes by the new one. is applicable
2026-08-27 16:07:53,612 [INFO] Rule:233 - rule Rename parametre of RCC RCC_APBDBG_DIV2 to RCC_TIMPRES_DIV2 is applicable
2026-08-27 16:07:53,612 [INFO] Rule:233 - rule Rename DIE493 pin PA10 [PA12] -> PA10 is applicable
2026-08-27 16:07:53,613 [INFO] Rule:233 - rule Rename DIE493 pin PA9 [PA11] -> PA9 is applicable
2026-08-27 16:07:53,613 [INFO] Rule:233 - rule Rename DIE492 PartNumber CPN STM32WBA5MJGHx -> STM32WBA5MMGHx is applicable
2026-08-27 16:07:53,613 [INFO] Rule:233 - rule Rename DIE492 PartNumber  Name STM32WBA5MJGHx -> STM32WBA5MMGHx is applicable
2026-08-27 16:07:53,613 [INFO] Rule:233 - rule Rename DIE492 PartNumber UserName STM32WBA5MJGHx -> STM32WBA5MMGHx is applicable
2026-08-27 16:07:53,613 [INFO] Rule:233 - rule Rename DIE492 PartNumber DeviceId STM32WBA5MJGHx -> STM32WBA5MMGHx is applicable
2026-08-27 16:07:53,613 [INFO] Rule:233 - rule Adapt Old IOC CSI. is applicable
2026-08-27 16:07:53,613 [INFO] Rule:233 - rule Adapt Old IOC DCMIPP. is applicable
2026-08-27 16:07:53,613 [INFO] Rule:233 - rule Adapt Old IOC DCMIPP Mode Parallel. is applicable
2026-08-27 16:07:53,613 [INFO] Rule:233 - rule Adapt Old IOC LTDC. is applicable
2026-08-27 16:07:53,613 [INFO] Rule:233 - rule Rename STM32MP2 RIF Peripheral LTDC RIF.RISUP.LTDC_L0L1.Privilege -> RIF.RISUP.LTDC_L1L2.Privilege is applicable
2026-08-27 16:07:53,613 [INFO] Rule:233 - rule Rename STM32MP2 RIF Peripheral LTDC RIF.RISUP.LTDC_L0L1.Privilege -> RIF.RISUP.LTDC_L1L2.Privilege is applicable
2026-08-27 16:07:53,613 [INFO] Rule:233 - rule Rename STM32MP2 RIF Peripheral LTDC RIF.RISUP.LTDC_L0L1.Lock -> RIF.RISUP.LTDC_L1L2.Lock is applicable
2026-08-27 16:07:53,613 [INFO] Rule:233 - rule Rename STM32MP2 RIF Peripheral LTDC RIF.RISUP.LTDC_L2.Lock -> RIF.RISUP.LTDC_L3.Lock is applicable
2026-08-27 16:07:53,613 [INFO] Rule:233 - rule Adapt the old IOC example for updating the SYS when it is misconfigured. is applicable
2026-08-27 16:07:53,613 [INFO] Rule:233 - rule Rename STM32C09 Mcu.Package LQFP64 -> LQFP48 is applicable
2026-08-27 16:07:53,613 [INFO] Rule:233 - rule Adapt the old IOC example for updating the SYS when it is misconfigured. is applicable
2026-08-27 16:07:53,613 [INFO] Rule:233 - rule Adapt the old IOC example for updating the SYS when it is misconfigured. is applicable
2026-08-27 16:07:53,618 [INFO] DbConfProperties:307 - Apply Compatibility (5/68 Rules)
2026-08-27 16:07:53,646 [INFO] ImportTextPane:234 - (OptionalMessage_ERROR) Pin84 (VP_RIF_VS_RIF1) cannot be retrieved for this MCU
2026-08-27 16:07:53,747 [INFO] RtosManager:558 - Registered RTOS mode: class=CMSIS, group=RTOS, mode=CMSIS_V1, owner=FREERTOS
2026-08-27 16:07:53,747 [INFO] RtosManager:558 - Registered RTOS mode: class=CMSIS, group=RTOS2, mode=CMSIS_V2, owner=FREERTOS
2026-08-27 16:07:53,747 [INFO] RtosManager:558 - Registered RTOS mode: class=RTOS, group=Core, mode=CMSIS_V1, owner=FREERTOS
2026-08-27 16:07:53,747 [INFO] RtosManager:558 - Registered RTOS mode: class=RTOS, group=Core, mode=CMSIS_V2, owner=FREERTOS
2026-08-27 16:07:53,747 [WARN] ModelIntegratedComponent:184 - Missing modes for component STMicroelectronics:FreeRTOS:0.0.1:STMicroelectronics:RTOS:FreeRTOS:Core:::10.2.0:
2026-08-27 16:07:53,796 [WARN] ModelIntegratedComponent:63 - No mode defined for component null
2026-08-27 16:07:53,796 [WARN] ModelIntegratedComponent:63 - No mode defined for component null
2026-08-27 16:07:53,796 [WARN] ModelIntegratedComponent:63 - No mode defined for component null
2026-08-27 16:07:53,796 [WARN] ModelIntegratedComponent:63 - No mode defined for component null
2026-08-27 16:07:53,796 [WARN] ModelIntegratedComponent:63 - No mode defined for component null
2026-08-27 16:07:53,796 [WARN] ModelIntegratedComponent:63 - No mode defined for component null
2026-08-27 16:07:53,796 [WARN] ModelIntegratedComponent:63 - No mode defined for component null
2026-08-27 16:07:53,796 [WARN] ModelIntegratedComponent:63 - No mode defined for component null
2026-08-27 16:07:53,796 [WARN] ModelIntegratedComponent:63 - No mode defined for component null
2026-08-27 16:07:53,796 [WARN] ModelIntegratedComponent:63 - No mode defined for component null
2026-08-27 16:07:53,796 [WARN] ModelIntegratedComponent:63 - No mode defined for component null
2026-08-27 16:07:53,796 [WARN] ModelIntegratedComponent:63 - No mode defined for component null
2026-08-27 16:07:53,796 [WARN] ModelIntegratedComponent:63 - No mode defined for component null
2026-08-27 16:07:53,796 [WARN] ModelIntegratedComponent:63 - No mode defined for component null
2026-08-27 16:07:53,796 [WARN] ModelIntegratedComponent:63 - No mode defined for component null
2026-08-27 16:07:53,796 [WARN] ModelIntegratedComponent:63 - No mode defined for component null
2026-08-27 16:07:53,796 [WARN] ModelIntegratedComponent:63 - No mode defined for component null
2026-08-27 16:07:53,796 [WARN] ModelIntegratedComponent:63 - No mode defined for component null
2026-08-27 16:07:53,797 [WARN] ModelIntegratedComponent:63 - No mode defined for component null
2026-08-27 16:07:53,797 [WARN] ModelIntegratedComponent:63 - No mode defined for component null
2026-08-27 16:07:53,797 [WARN] ModelIntegratedComponent:63 - No mode defined for component null
2026-08-27 16:07:53,797 [WARN] ModelIntegratedComponent:63 - No mode defined for component null
2026-08-27 16:07:53,797 [WARN] ModelIntegratedComponent:63 - No mode defined for component null
2026-08-27 16:07:53,797 [WARN] ModelIntegratedComponent:63 - No mode defined for component null
2026-08-27 16:07:53,797 [WARN] ModelIntegratedComponent:63 - No mode defined for component null
2026-08-27 16:07:53,797 [WARN] ModelIntegratedComponent:63 - No mode defined for component null
2026-08-27 16:07:53,797 [WARN] ModelIntegratedComponent:63 - No mode defined for component null
2026-08-27 16:07:53,797 [WARN] ModelIntegratedComponent:63 - No mode defined for component null
2026-08-27 16:07:53,797 [WARN] ModelIntegratedComponent:63 - No mode defined for component null
2026-08-27 16:07:53,797 [WARN] ModelIntegratedComponent:63 - No mode defined for component null
2026-08-27 16:07:53,797 [WARN] ModelIntegratedComponent:63 - No mode defined for component null
2026-08-27 16:07:53,797 [WARN] ModelIntegratedComponent:63 - No mode defined for component null
2026-08-27 16:07:53,797 [WARN] ModelIntegratedComponent:63 - No mode defined for component null
2026-08-27 16:07:53,797 [WARN] ModelIntegratedComponent:63 - No mode defined for component null
2026-08-27 16:07:53,797 [WARN] ModelIntegratedComponent:63 - No mode defined for component null
2026-08-27 16:07:53,797 [WARN] ModelPack:524 - Component already loaded: STMicroelectronics:HAL Drivers:0.0.0:STMicroelectronics:Device:STMicro_Driver:XSPI:HAL::0.0.1:HAL_XSPI
2026-08-27 16:07:53,817 [INFO] ThirdPartyModel:298 - Start build external matchings
2026-08-27 16:07:54,002 [INFO] ThirdPartyModel:316 - End build external matchings
2026-08-27 16:07:54,023 [WARN] IP:2250 - MaxTran not found: check if there is a RefParameter without a condition.
2026-08-27 16:07:54,023 [WARN] IP:2250 - Refresh not found: check if there is a RefParameter without a condition.
2026-08-27 16:07:54,023 [INFO] ImportTextPane:234 - (OptionalMessage_ERROR) IP (RCC) : Invalid parameter (FamilyName)
2026-08-27 16:07:54,232 [INFO] UtilMem:75 - End LoadConfig() Used Memory: 822283568 Bytes (1073741824)
2026-08-27 16:07:54,279 [ERROR] LogOutputStream:75 - [STDERR_REDIRECT] [Fatal Error] :1:1: Premature end of file.
2026-08-27 16:07:54,279 [ERROR] LogOutputStream:75 - [STDERR_REDIRECT] 
2026-08-27 16:07:54,302 [WARN] ThirdParty:833 - waiting for thirdparty lock release [change project]
2026-08-27 16:07:54,302 [INFO] ThirdParty:835 - entering critical section [change project]
2026-08-27 16:07:54,302 [INFO] ThirdParty:1030 - CMSIS Pack Vendor :STMicroelectronics X-CUBE-AZRTOS-H7 3.5.0
2026-08-27 16:07:54,302 [INFO] ThirdParty:1030 - CMSIS Pack Vendor :STMicroelectronics X-CUBE-PM33A1 1.0.0
2026-08-27 16:07:54,302 [INFO] ThirdParty:1030 - CMSIS Pack Vendor :STMicroelectronics USBPD 4.1
2026-08-27 16:07:54,302 [INFO] ThirdParty:1030 - CMSIS Pack Vendor :STMicroelectronics X-CUBE-NFC9 1.0.0
2026-08-27 16:07:54,302 [INFO] ThirdParty:1030 - CMSIS Pack Vendor :STMicroelectronics USB_HOST 2.0.0
2026-08-27 16:07:54,302 [INFO] ThirdParty:1030 - CMSIS Pack Vendor :STMicroelectronics FP-ATR-ASTRA1 2.0.3
2026-08-27 16:07:54,302 [INFO] ThirdParty:1030 - CMSIS Pack Vendor :STMicroelectronics X-CUBE-AZRTOS-F4 1.1.0
2026-08-27 16:07:54,302 [INFO] ThirdParty:1030 - CMSIS Pack Vendor :STMicroelectronics LIBJPEG 8.0.0
2026-08-27 16:07:54,302 [INFO] ThirdParty:1030 - CMSIS Pack Vendor :STMicroelectronics X-CUBE-BLE1 7.1.0
2026-08-27 16:07:54,302 [INFO] ThirdParty:1030 - CMSIS Pack Vendor :wolfSSL I-CUBE-wolfMQTT 1.19.2
2026-08-27 16:07:54,302 [INFO] ThirdParty:1030 - CMSIS Pack Vendor :STMicroelectronics USB_DEVICE 3.0.0
2026-08-27 16:07:54,302 [INFO] ThirdParty:1030 - CMSIS Pack Vendor :STMicroelectronics X-CUBE-ISPU 2.1.0
2026-08-27 16:07:54,302 [INFO] ThirdParty:1030 - CMSIS Pack Vendor :STMicroelectronics X-CUBE-EEPRMA1 5.2.0
2026-08-27 16:07:54,302 [INFO] ThirdParty:1030 - CMSIS Pack Vendor :STMicroelectronics X-CUBE-IPS 3.2.0
2026-08-27 16:07:54,303 [INFO] ThirdParty:1030 - CMSIS Pack Vendor :STMicroelectronics eDS-WB_DPC_TT-BIDIR 2.1.1
2026-08-27 16:07:54,303 [INFO] ThirdParty:1030 - CMSIS Pack Vendor :STMicroelectronics X-CUBE-AZRTOS-WB 2.0.0
2026-08-27 16:07:54,303 [INFO] ThirdParty:1030 - CMSIS Pack Vendor :STMicroelectronics X-CUBE-NFC12 1.0.0
2026-08-27 16:07:54,303 [INFO] ThirdParty:1030 - CMSIS Pack Vendor :STMicroelectronics X-CUBE-AZRTOS-F7 1.1.0
2026-08-27 16:07:54,303 [INFO] ThirdParty:1030 - CMSIS Pack Vendor :STMicroelectronics X-CUBE-AZRTOS-L5 2.0.0
2026-08-27 16:07:54,303 [INFO] ThirdParty:1030 - CMSIS Pack Vendor :STMicroelectronics USB_DEVICE 2.0.0
2026-08-27 16:07:54,303 [INFO] ThirdParty:1030 - CMSIS Pack Vendor :STMicroelectronics X-CUBE-FREERTOS 1.6.0
2026-08-27 16:07:54,303 [INFO] ThirdParty:1030 - CMSIS Pack Vendor :STMicroelectronics FP-SNS-STAIOTCFT 1.1.0
2026-08-27 16:07:54,303 [INFO] ThirdParty:1030 - CMSIS Pack Vendor :quantropi X-CUBE-qispace-sdk-base 2.1.0
2026-08-27 16:07:54,303 [INFO] ThirdParty:1030 - CMSIS Pack Vendor :STMicroelectronics X-CUBE-STSE01 2.0.0
2026-08-27 16:07:54,303 [INFO] ThirdParty:1030 - CMSIS Pack Vendor :STMicroelectronics X-CUBE-ALGOBUILD 1.5.0
2026-08-27 16:07:54,303 [INFO] ThirdParty:1030 - CMSIS Pack Vendor :STMicroelectronics FP-SNS-MOTENV1 5.1.0
2026-08-27 16:07:54,303 [INFO] ThirdParty:1030 - CMSIS Pack Vendor :STMicroelectronics FreeRTOS 0.0.1
2026-08-27 16:07:54,303 [INFO] ThirdParty:1030 - CMSIS Pack Vendor :STMicroelectronics X-CUBE-AZRTOS-H7RS 1.3.0
2026-08-27 16:07:54,303 [INFO] ThirdParty:1030 - CMSIS Pack Vendor :STMicroelectronics X-CUBE-AZRTOS-G0 1.1.0
2026-08-27 16:07:54,303 [INFO] ThirdParty:1030 - CMSIS Pack Vendor :STMicroelectronics X-CUBE-NFC4 3.0.0
2026-08-27 16:07:54,303 [INFO] ThirdParty:1030 - CMSIS Pack Vendor :STMicroelectronics X-CUBE-SUBG2 5.0.0
2026-08-27 16:07:54,303 [INFO] ThirdParty:1030 - CMSIS Pack Vendor :STMicroelectronics STM32_WPAN 1.0.0
2026-08-27 16:07:54,303 [INFO] ThirdParty:1030 - CMSIS Pack Vendor :STMicroelectronics eDS-WB_DPC_VIENNA 1.2.0
2026-08-27 16:07:54,303 [INFO] ThirdParty:1030 - CMSIS Pack Vendor :EmbeddedOffice I-CUBE-FS-RTOS 1.0.1
2026-08-27 16:07:54,303 [INFO] ThirdParty:1030 - CMSIS Pack Vendor :STMicroelectronics lwIP 2.0.3
2026-08-27 16:07:54,303 [INFO] ThirdParty:1030 - CMSIS Pack Vendor :WES I-CUBE-Cesium 1.4.0
2026-08-27 16:07:54,303 [INFO] ThirdParty:1030 - CMSIS Pack Vendor :STMicroelectronics X-CUBE-MEMS1 13.0.0
2026-08-27 16:07:54,303 [INFO] ThirdParty:1030 - CMSIS Pack Vendor :STMicroelectronics eDS-WB_DPC_3PH2L-BIDIR 1.1.1
2026-08-27 16:07:54,303 [INFO] ThirdParty:1030 - CMSIS Pack Vendor :STMicroelectronics USB_HOST 1.0.0
2026-08-27 16:07:54,303 [INFO] ThirdParty:1030 - CMSIS Pack Vendor :STMicroelectronics X-CUBE-AZRTOS-G4 2.0.0
2026-08-27 16:07:54,303 [INFO] ThirdParty:1030 - CMSIS Pack Vendor :STMicroelectronics PDM2PCM 3.1.0
2026-08-27 16:07:54,303 [INFO] ThirdParty:1030 - CMSIS Pack Vendor :STMicroelectronics PDM2PCM 3.3.0
2026-08-27 16:07:54,303 [INFO] ThirdParty:1030 - CMSIS Pack Vendor :wolfSSL I-CUBE-wolfTPM 3.8.0
2026-08-27 16:07:54,303 [INFO] ThirdParty:1030 - CMSIS Pack Vendor :STMicroelectronics X-CUBE-DISPLAY 3.0.0
2026-08-27 16:07:54,303 [INFO] ThirdParty:1030 - CMSIS Pack Vendor :wolfSSL I-CUBE-wolfSSH 1.4.20
2026-08-27 16:07:54,303 [INFO] ThirdParty:1030 - CMSIS Pack Vendor :STMicroelectronics X-CUBE-NFC7 2.0.0
2026-08-27 16:07:54,303 [INFO] ThirdParty:1030 - CMSIS Pack Vendor :STMicroelectronics X-CUBE-GNSS1 7.1.1
2026-08-27 16:07:54,303 [INFO] ThirdParty:1030 - CMSIS Pack Vendor :STMicroelectronics FP-SNS-MOTENVWB1 1.5.0
2026-08-27 16:07:54,303 [INFO] ThirdParty:1030 - CMSIS Pack Vendor :STMicroelectronics X-CUBE-TCPP 4.2.0
2026-08-27 16:07:54,303 [INFO] ThirdParty:1030 - CMSIS Pack Vendor :RealThread X-CUBE-RT-Thread_Nano 4.1.1
2026-08-27 16:07:54,303 [INFO] ThirdParty:1030 - CMSIS Pack Vendor :STMicroelectronics FP-ATR-SIGFOX1 3.2.0
2026-08-27 16:07:54,303 [INFO] ThirdParty:1030 - CMSIS Pack Vendor :STMicroelectronics X-CUBE-NFC10 1.0.0
2026-08-27 16:07:54,303 [INFO] ThirdParty:1030 - CMSIS Pack Vendor :STMicroelectronics HAL Drivers 0.0.0
2026-08-27 16:07:54,303 [INFO] ThirdParty:1030 - CMSIS Pack Vendor :STMicroelectronics MBEDTLS 2.16.2
2026-08-27 16:07:54,303 [INFO] ThirdParty:1030 - CMSIS Pack Vendor :STMicroelectronics X-CUBE-ST60 1.1.0
2026-08-27 16:07:54,303 [INFO] ThirdParty:1030 - CMSIS Pack Vendor :STMicroelectronics X-CUBE-ALS 1.0.2
2026-08-27 16:07:54,303 [INFO] ThirdParty:1030 - CMSIS Pack Vendor :emotas I-CUBE-CANOPEN 1.3.0
2026-08-27 16:07:54,303 [INFO] ThirdParty:1030 - CMSIS Pack Vendor :wolfSSL I-CUBE-wolfSSL 5.9.2
2026-08-27 16:07:54,303 [INFO] ThirdParty:1030 - CMSIS Pack Vendor :STMicroelectronics MBEDTLS 2.14.1
2026-08-27 16:07:54,303 [INFO] ThirdParty:1030 - CMSIS Pack Vendor :ITTIA_DB I-CUBE-ITTIADB 8.9.0
2026-08-27 16:07:54,303 [INFO] ThirdParty:1030 - CMSIS Pack Vendor :STMicroelectronics X-CUBE-TOUCHGFX 4.26.1
2026-08-27 16:07:54,303 [INFO] ThirdParty:1030 - CMSIS Pack Vendor :STMicroelectronics X-CUBE-NFC6 3.2.0
2026-08-27 16:07:54,303 [INFO] ThirdParty:1030 - CMSIS Pack Vendor :STMicroelectronics FP-SNS-STBOX1 2.1.0
2026-08-27 16:07:54,303 [INFO] ThirdParty:1030 - CMSIS Pack Vendor :STMicroelectronics X-CUBE-AI 10.2.1
2026-08-27 16:07:54,303 [INFO] ThirdParty:1030 - CMSIS Pack Vendor :STMicroelectronics ThreadX 1.0.0
2026-08-27 16:07:54,303 [INFO] ThirdParty:1030 - CMSIS Pack Vendor :STMicroelectronics FP-SNS-SMARTAG2 1.2.0
2026-08-27 16:07:54,303 [INFO] ThirdParty:1030 - CMSIS Pack Vendor :STMicroelectronics FP-SNS-FLIGHT1 5.1.0
2026-08-27 16:07:54,303 [INFO] ThirdParty:1030 - CMSIS Pack Vendor :STMicroelectronics X-CUBE-AZRTOS-WL 2.0.0
2026-08-27 16:07:54,303 [INFO] ThirdParty:1030 - CMSIS Pack Vendor :SEGGER I-CUBE-embOS 1.3.1
2026-08-27 16:07:54,303 [INFO] ThirdParty:1030 - CMSIS Pack Vendor :STMicroelectronics X-CUBE-DPower 1.3.0
2026-08-27 16:07:54,303 [INFO] ThirdParty:1030 - CMSIS Pack Vendor :STMicroelectronics USB_DEVICE 1.0.0
2026-08-27 16:07:54,303 [INFO] ThirdParty:1030 - CMSIS Pack Vendor :STMicroelectronics X-CUBE-AZRTOS-L4 2.0.0
2026-08-27 16:07:54,303 [INFO] ThirdParty:1030 - CMSIS Pack Vendor :STMicroelectronics ThreadX 0.0.2
2026-08-27 16:07:54,303 [INFO] ThirdParty:1030 - CMSIS Pack Vendor :STMicroelectronics lwIP 2.1.2
2026-08-27 16:07:54,303 [INFO] ThirdParty:1030 - CMSIS Pack Vendor :STMicroelectronics X-CUBE-SFXS2LP1 4.0.0
2026-08-27 16:07:54,303 [INFO] ThirdParty:1030 - CMSIS Pack Vendor :STMicroelectronics X-CUBE-BLE2 3.3.0
2026-08-27 16:07:54,303 [INFO] ThirdParty:1030 - CMSIS Pack Vendor :Avnet-IOTCONNECT X-CUBE-iotc-st67-sdk 1.0.0
2026-08-27 16:07:54,303 [INFO] ThirdParty:1030 - CMSIS Pack Vendor :STMicroelectronics X-CUBE-TOF1 3.4.3
2026-08-27 16:07:54,303 [INFO] ThirdParty:1030 - CMSIS Pack Vendor :STMicroelectronics X-CUBE-NFC13 1.0.0
2026-08-27 16:07:54,303 [INFO] ThirdParty:1030 - CMSIS Pack Vendor :STMicroelectronics PDM2PCM 3.2.0
2026-08-27 16:07:54,303 [INFO] ThirdParty:1030 - CMSIS Pack Vendor :STMicroelectronics X-CUBE-WB05N 2.1.0
2026-08-27 16:07:54,303 [INFO] ThirdParty:841 - exiting critical section [change project]
2026-08-27 16:07:54,560 [INFO] PinOutPanel:1589 - setPackage(No Configuration,No Configuration)
2026-08-27 16:07:54,561 [INFO] PinOutPanel:1589 - setPackage(STM32L4S5VITx,LQFP100)
2026-08-27 16:07:54,958 [INFO] UtilMem:75 - Before build in PCC Used Memory: 776075216 Bytes (1073741824)
2026-08-27 16:07:55,282 [ERROR] LogOutputStream:75 - [STDERR_REDIRECT] [Fatal Error] :1:1: Premature end of file.
2026-08-27 16:07:55,283 [ERROR] LogOutputStream:75 - [STDERR_REDIRECT] 
2026-08-27 16:07:55,603 [INFO] UtilMem:75 - After build in PCC Used Memory: 915718416 Bytes (1073741824)
2026-08-27 16:07:55,628 [INFO] IPUIPlugin:80 - create IPUIPlugin
2026-08-27 16:07:55,628 [INFO] IPUIPlugin:80 - create IPUIPlugin
2026-08-27 16:07:55,628 [INFO] IPUIPlugin:80 - create IPUIPlugin
2026-08-27 16:07:55,628 [INFO] IPUIPlugin:80 - create IPUIPlugin
2026-08-27 16:07:55,628 [INFO] IPUIPlugin:80 - create IPUIPlugin
2026-08-27 16:07:55,628 [INFO] IPUIPlugin:80 - create IPUIPlugin
2026-08-27 16:07:55,628 [INFO] IPUIPlugin:80 - create IPUIPlugin
2026-08-27 16:07:55,628 [INFO] IPUIPlugin:80 - create IPUIPlugin
2026-08-27 16:07:55,628 [INFO] IPUIPlugin:80 - create IPUIPlugin
2026-08-27 16:07:55,628 [INFO] IPUIPlugin:80 - create IPUIPlugin
2026-08-27 16:07:55,628 [INFO] IPUIPlugin:80 - create IPUIPlugin
2026-08-27 16:07:55,628 [INFO] IPUIPlugin:80 - create IPUIPlugin
2026-08-27 16:07:55,628 [INFO] IPUIPlugin:80 - create IPUIPlugin
2026-08-27 16:07:55,628 [INFO] IPUIPlugin:80 - create IPUIPlugin
2026-08-27 16:07:55,628 [INFO] IPUIPlugin:80 - create IPUIPlugin
2026-08-27 16:07:55,628 [INFO] IPUIPlugin:80 - create IPUIPlugin
2026-08-27 16:07:55,628 [INFO] IPUIPlugin:80 - create IPUIPlugin
2026-08-27 16:07:55,628 [INFO] IPUIPlugin:80 - create IPUIPlugin
2026-08-27 16:07:55,628 [INFO] IPUIPlugin:80 - create IPUIPlugin
2026-08-27 16:07:55,628 [INFO] IPUIPlugin:80 - create IPUIPlugin
2026-08-27 16:07:55,629 [INFO] IPUIPlugin:80 - create IPUIPlugin
2026-08-27 16:07:55,629 [INFO] IPUIPlugin:80 - create IPUIPlugin
2026-08-27 16:07:55,629 [INFO] IPUIPlugin:80 - create IPUIPlugin
2026-08-27 16:07:55,629 [INFO] IPUIPlugin:80 - create IPUIPlugin
2026-08-27 16:07:55,629 [INFO] IPUIPlugin:80 - create IPUIPlugin
2026-08-27 16:07:55,629 [INFO] IPUIPlugin:80 - create IPUIPlugin
2026-08-27 16:07:55,629 [INFO] IPUIPlugin:80 - create IPUIPlugin
2026-08-27 16:07:55,629 [INFO] IPUIPlugin:80 - create IPUIPlugin
2026-08-27 16:07:55,629 [INFO] IPUIPlugin:80 - create IPUIPlugin
2026-08-27 16:07:55,629 [INFO] IPUIPlugin:80 - create IPUIPlugin
2026-08-27 16:07:55,629 [INFO] IPUIPlugin:80 - create IPUIPlugin
2026-08-27 16:07:55,629 [INFO] IPUIPlugin:80 - create IPUIPlugin
2026-08-27 16:07:55,630 [INFO] IPUIPlugin:80 - create IPUIPlugin
2026-08-27 16:07:55,630 [INFO] IPUIPlugin:80 - create IPUIPlugin
2026-08-27 16:07:55,630 [INFO] IPUIPlugin:80 - create IPUIPlugin
2026-08-27 16:07:55,630 [INFO] IPUIPlugin:80 - create IPUIPlugin
2026-08-27 16:07:55,630 [INFO] IPUIPlugin:80 - create IPUIPlugin
2026-08-27 16:07:55,630 [INFO] IPUIPlugin:80 - create IPUIPlugin
2026-08-27 16:07:55,630 [INFO] IPUIPlugin:80 - create IPUIPlugin
2026-08-27 16:07:55,630 [INFO] IPUIPlugin:80 - create IPUIPlugin
2026-08-27 16:07:55,630 [INFO] IPUIPlugin:80 - create IPUIPlugin
2026-08-27 16:07:55,631 [INFO] IPUIPlugin:80 - create IPUIPlugin
2026-08-27 16:07:55,631 [INFO] IPUIPlugin:80 - create IPUIPlugin
2026-08-27 16:07:55,631 [INFO] IPUIPlugin:80 - create IPUIPlugin
2026-08-27 16:07:55,631 [INFO] IPUIPlugin:80 - create IPUIPlugin
2026-08-27 16:07:55,631 [INFO] IPUIPlugin:80 - create IPUIPlugin
2026-08-27 16:07:55,631 [INFO] IPUIPlugin:80 - create IPUIPlugin
2026-08-27 16:07:55,631 [INFO] IPUIPlugin:80 - create IPUIPlugin
2026-08-27 16:07:55,631 [INFO] IPUIPlugin:80 - create IPUIPlugin
2026-08-27 16:07:55,631 [INFO] IPUIPlugin:80 - create IPUIPlugin
2026-08-27 16:07:55,631 [INFO] IPUIPlugin:80 - create IPUIPlugin
2026-08-27 16:07:55,632 [INFO] IPUIPlugin:80 - create IPUIPlugin
2026-08-27 16:07:55,632 [INFO] IPUIPlugin:80 - create IPUIPlugin
2026-08-27 16:07:55,632 [INFO] IPUIPlugin:80 - create IPUIPlugin
2026-08-27 16:07:55,632 [INFO] IPUIPlugin:80 - create IPUIPlugin
2026-08-27 16:07:55,632 [INFO] IPUIPlugin:80 - create IPUIPlugin
2026-08-27 16:07:55,632 [INFO] IPUIPlugin:80 - create IPUIPlugin
2026-08-27 16:07:55,632 [INFO] IPUIPlugin:80 - create IPUIPlugin
2026-08-27 16:07:55,633 [INFO] IPUIPlugin:80 - create IPUIPlugin
2026-08-27 16:07:55,633 [INFO] IPUIPlugin:80 - create IPUIPlugin
2026-08-27 16:07:55,633 [INFO] IPUIPlugin:80 - create IPUIPlugin
2026-08-27 16:07:55,633 [INFO] IPUIPlugin:80 - create IPUIPlugin
2026-08-27 16:07:55,633 [INFO] IPUIPlugin:80 - create IPUIPlugin
2026-08-27 16:07:55,805 [INFO] CADModel:165 - CPN selected for project levelSTM32L4S5VIT6
2026-08-27 16:07:55,805 [INFO] CADModel:114 - Register for checkConnection events
2026-08-27 16:07:55,849 [INFO] OpenFileManager:386 - Restore cursor
2026-08-27 16:07:56,100 [WARN] IP:2250 - MaxTran not found: check if there is a RefParameter without a condition.
2026-08-27 16:07:56,100 [WARN] IP:2250 - Refresh not found: check if there is a RefParameter without a condition.
2026-08-27 16:07:56,100 [WARN] IP:2250 - MaxTran not found: check if there is a RefParameter without a condition.
2026-08-27 16:07:56,100 [WARN] IP:2250 - Refresh not found: check if there is a RefParameter without a condition.
2026-08-27 16:07:56,280 [ERROR] LogOutputStream:75 - [STDERR_REDIRECT] [Fatal Error] :1:1: Premature end of file.
2026-08-27 16:07:56,280 [ERROR] LogOutputStream:75 - [STDERR_REDIRECT] 
2026-08-27 16:07:56,648 [INFO] UtilMem:75 - End SaveConfig() Used Memory: 910738376 Bytes (1073741824)
2026-08-27 16:07:57,279 [ERROR] LogOutputStream:75 - [STDERR_REDIRECT] [Fatal Error] :1:1: Premature end of file.
2026-08-27 16:07:57,280 [ERROR] LogOutputStream:75 - [STDERR_REDIRECT] 
2026-08-27 16:07:58,281 [ERROR] LogOutputStream:75 - [STDERR_REDIRECT] [Fatal Error] :1:1: Premature end of file.
2026-08-27 16:07:58,281 [ERROR] LogOutputStream:75 - [STDERR_REDIRECT] 
2026-08-27 16:07:59,280 [ERROR] LogOutputStream:75 - [STDERR_REDIRECT] [Fatal Error] :1:1: Premature end of file.
2026-08-27 16:07:59,280 [ERROR] LogOutputStream:75 - [STDERR_REDIRECT] 
2026-08-27 16:08:00,281 [ERROR] LogOutputStream:75 - [STDERR_REDIRECT] [Fatal Error] :1:1: Premature end of file.
2026-08-27 16:08:00,281 [ERROR] LogOutputStream:75 - [STDERR_REDIRECT] 
2026-08-27 16:08:01,278 [ERROR] LogOutputStream:75 - [STDERR_REDIRECT] [Fatal Error] :1:1: Premature end of file.
2026-08-27 16:08:01,278 [ERROR] LogOutputStream:75 - [STDERR_REDIRECT] 
2026-08-27 16:08:02,279 [ERROR] LogOutputStream:75 - [STDERR_REDIRECT] [Fatal Error] :1:1: Premature end of file.
2026-08-27 16:08:02,279 [ERROR] LogOutputStream:75 - [STDERR_REDIRECT] 
2026-08-27 16:08:03,278 [ERROR] LogOutputStream:75 - [STDERR_REDIRECT] [Fatal Error] :1:1: Premature end of file.
2026-08-27 16:08:03,278 [ERROR] LogOutputStream:75 - [STDERR_REDIRECT] 
2026-08-27 16:08:04,280 [ERROR] LogOutputStream:75 - [STDERR_REDIRECT] [Fatal Error] :1:1: Premature end of file.
2026-08-27 16:08:04,280 [ERROR] LogOutputStream:75 - [STDERR_REDIRECT] 
2026-08-27 16:08:05,279 [ERROR] LogOutputStream:75 - [STDERR_REDIRECT] [Fatal Error] :1:1: Premature end of file.
2026-08-27 16:08:05,279 [ERROR] LogOutputStream:75 - [STDERR_REDIRECT] 
2026-08-27 16:08:06,281 [ERROR] LogOutputStream:75 - [STDERR_REDIRECT] [Fatal Error] :1:1: Premature end of file.
2026-08-27 16:08:06,282 [ERROR] LogOutputStream:75 - [STDERR_REDIRECT] 
2026-08-27 16:08:07,279 [ERROR] LogOutputStream:75 - [STDERR_REDIRECT] [Fatal Error] :1:1: Premature end of file.
2026-08-27 16:08:07,279 [ERROR] LogOutputStream:75 - [STDERR_REDIRECT] 
2026-08-27 16:08:08,279 [ERROR] LogOutputStream:75 - [STDERR_REDIRECT] [Fatal Error] :1:1: Premature end of file.
2026-08-27 16:08:08,280 [ERROR] LogOutputStream:75 - [STDERR_REDIRECT] 
2026-08-27 16:08:08,977 [INFO] McuFinderGlobals:76 - Set McuFinderConnectedMode to true
2026-08-27 16:08:08,981 [INFO] ApiDb:448 - Save user favorites file C:\Users\student/.stm32cubeide/favorites.mcus.txt: 0 item(s)
2026-08-27 16:08:08,981 [INFO] ApiDb:452 - User favorites MCUs=[]
2026-08-27 16:08:08,983 [INFO] ApiDb:448 - Save user favorites file C:\Users\student/.stm32cubeide/favorites.boards.txt: 0 item(s)
2026-08-27 16:08:08,983 [INFO] ApiDb:452 - User favorites Boards=[]
2026-08-27 16:08:09,287 [ERROR] LogOutputStream:75 - [STDERR_REDIRECT] [Fatal Error] :1:1: Premature end of file.
2026-08-27 16:08:09,288 [ERROR] LogOutputStream:75 - [STDERR_REDIRECT] 
2026-08-27 16:08:10,282 [ERROR] LogOutputStream:75 - [STDERR_REDIRECT] [Fatal Error] :1:1: Premature end of file.
2026-08-27 16:08:10,282 [ERROR] LogOutputStream:75 - [STDERR_REDIRECT] 
2026-08-27 16:08:11,279 [ERROR] LogOutputStream:75 - [STDERR_REDIRECT] [Fatal Error] :1:1: Premature end of file.
2026-08-27 16:08:11,279 [ERROR] LogOutputStream:75 - [STDERR_REDIRECT] 
2026-08-27 16:08:12,283 [ERROR] LogOutputStream:75 - [STDERR_REDIRECT] [Fatal Error] :1:1: Premature end of file.
2026-08-27 16:08:12,283 [ERROR] LogOutputStream:75 - [STDERR_REDIRECT] 
2026-08-27 16:08:13,280 [ERROR] LogOutputStream:75 - [STDERR_REDIRECT] [Fatal Error] :1:1: Premature end of file.
2026-08-27 16:08:13,280 [ERROR] LogOutputStream:75 - [STDERR_REDIRECT] 
2026-08-27 16:08:14,280 [ERROR] LogOutputStream:75 - [STDERR_REDIRECT] [Fatal Error] :1:1: Premature end of file.
2026-08-27 16:08:14,280 [ERROR] LogOutputStream:75 - [STDERR_REDIRECT] 
2026-08-27 16:08:15,279 [ERROR] LogOutputStream:75 - [STDERR_REDIRECT] [Fatal Error] :1:1: Premature end of file.
2026-08-27 16:08:15,279 [ERROR] LogOutputStream:75 - [STDERR_REDIRECT] 
2026-08-27 16:08:16,280 [ERROR] LogOutputStream:75 - [STDERR_REDIRECT] [Fatal Error] :1:1: Premature end of file.
2026-08-27 16:08:16,280 [ERROR] LogOutputStream:75 - [STDERR_REDIRECT] 
2026-08-27 16:08:17,277 [ERROR] LogOutputStream:75 - [STDERR_REDIRECT] [Fatal Error] :1:1: Premature end of file.
2026-08-27 16:08:17,277 [ERROR] LogOutputStream:75 - [STDERR_REDIRECT] 
2026-08-27 16:08:18,279 [ERROR] LogOutputStream:75 - [STDERR_REDIRECT] [Fatal Error] :1:1: Premature end of file.
2026-08-27 16:08:18,279 [ERROR] LogOutputStream:75 - [STDERR_REDIRECT] 
2026-08-27 16:08:19,280 [ERROR] LogOutputStream:75 - [STDERR_REDIRECT] [Fatal Error] :1:1: Premature end of file.
2026-08-27 16:08:19,280 [ERROR] LogOutputStream:75 - [STDERR_REDIRECT] 
2026-08-27 16:08:20,280 [ERROR] LogOutputStream:75 - [STDERR_REDIRECT] [Fatal Error] :1:1: Premature end of file.
2026-08-27 16:08:20,281 [ERROR] LogOutputStream:75 - [STDERR_REDIRECT] 
2026-08-27 16:08:21,281 [ERROR] LogOutputStream:75 - [STDERR_REDIRECT] [Fatal Error] :1:1: Premature end of file.
2026-08-27 16:08:21,281 [ERROR] LogOutputStream:75 - [STDERR_REDIRECT] 
2026-08-27 16:08:22,280 [ERROR] LogOutputStream:75 - [STDERR_REDIRECT] [Fatal Error] :1:1: Premature end of file.
2026-08-27 16:08:22,280 [ERROR] LogOutputStream:75 - [STDERR_REDIRECT] 
2026-08-27 16:08:23,281 [ERROR] LogOutputStream:75 - [STDERR_REDIRECT] [Fatal Error] :1:1: Premature end of file.
2026-08-27 16:08:23,281 [ERROR] LogOutputStream:75 - [STDERR_REDIRECT] 
2026-08-27 16:08:24,280 [ERROR] LogOutputStream:75 - [STDERR_REDIRECT] [Fatal Error] :1:1: Premature end of file.
2026-08-27 16:08:24,280 [ERROR] LogOutputStream:75 - [STDERR_REDIRECT] 
2026-08-27 16:08:25,278 [ERROR] LogOutputStream:75 - [STDERR_REDIRECT] [Fatal Error] :1:1: Premature end of file.
2026-08-27 16:08:25,278 [ERROR] LogOutputStream:75 - [STDERR_REDIRECT] 
2026-08-27 16:08:26,278 [ERROR] LogOutputStream:75 - [STDERR_REDIRECT] [Fatal Error] :1:1: Premature end of file.
2026-08-27 16:08:26,278 [ERROR] LogOutputStream:75 - [STDERR_REDIRECT] 
2026-08-27 16:08:27,281 [ERROR] LogOutputStream:75 - [STDERR_REDIRECT] [Fatal Error] :1:1: Premature end of file.
2026-08-27 16:08:27,281 [ERROR] LogOutputStream:75 - [STDERR_REDIRECT] 
2026-08-27 16:08:28,282 [ERROR] LogOutputStream:75 - [STDERR_REDIRECT] [Fatal Error] :1:1: Premature end of file.
2026-08-27 16:08:28,282 [ERROR] LogOutputStream:75 - [STDERR_REDIRECT] 
2026-08-27 16:08:29,281 [ERROR] LogOutputStream:75 - [STDERR_REDIRECT] [Fatal Error] :1:1: Premature end of file.
2026-08-27 16:08:29,281 [ERROR] LogOutputStream:75 - [STDERR_REDIRECT] 
2026-08-27 16:08:30,281 [ERROR] LogOutputStream:75 - [STDERR_REDIRECT] [Fatal Error] :1:1: Premature end of file.
2026-08-27 16:08:30,281 [ERROR] LogOutputStream:75 - [STDERR_REDIRECT] 
2026-08-27 16:08:31,282 [ERROR] LogOutputStream:75 - [STDERR_REDIRECT] [Fatal Error] :1:1: Premature end of file.
2026-08-27 16:08:31,282 [ERROR] LogOutputStream:75 - [STDERR_REDIRECT] 
2026-08-27 16:08:32,279 [ERROR] LogOutputStream:75 - [STDERR_REDIRECT] [Fatal Error] :1:1: Premature end of file.
2026-08-27 16:08:32,279 [ERROR] LogOutputStream:75 - [STDERR_REDIRECT] 
2026-08-27 16:08:33,278 [ERROR] LogOutputStream:75 - [STDERR_REDIRECT] [Fatal Error] :1:1: Premature end of file.
2026-08-27 16:08:33,278 [ERROR] LogOutputStream:75 - [STDERR_REDIRECT] 
2026-08-27 16:08:34,281 [ERROR] LogOutputStream:75 - [STDERR_REDIRECT] [Fatal Error] :1:1: Premature end of file.
2026-08-27 16:08:34,281 [ERROR] LogOutputStream:75 - [STDERR_REDIRECT] 
2026-08-27 16:08:35,280 [ERROR] LogOutputStream:75 - [STDERR_REDIRECT] [Fatal Error] :1:1: Premature end of file.
2026-08-27 16:08:35,280 [ERROR] LogOutputStream:75 - [STDERR_REDIRECT] 
2026-08-27 16:08:36,280 [ERROR] LogOutputStream:75 - [STDERR_REDIRECT] [Fatal Error] :1:1: Premature end of file.
2026-08-27 16:08:36,281 [ERROR] LogOutputStream:75 - [STDERR_REDIRECT] 
2026-08-27 16:08:37,280 [ERROR] LogOutputStream:75 - [STDERR_REDIRECT] [Fatal Error] :1:1: Premature end of file.
2026-08-27 16:08:37,280 [ERROR] LogOutputStream:75 - [STDERR_REDIRECT] 
2026-08-27 16:08:38,279 [ERROR] LogOutputStream:75 - [STDERR_REDIRECT] [Fatal Error] :1:1: Premature end of file.
2026-08-27 16:08:38,279 [ERROR] LogOutputStream:75 - [STDERR_REDIRECT] 
2026-08-27 16:08:39,282 [ERROR] LogOutputStream:75 - [STDERR_REDIRECT] [Fatal Error] :1:1: Premature end of file.
2026-08-27 16:08:39,282 [ERROR] LogOutputStream:75 - [STDERR_REDIRECT] 
2026-08-27 16:08:40,281 [ERROR] LogOutputStream:75 - [STDERR_REDIRECT] [Fatal Error] :1:1: Premature end of file.
2026-08-27 16:08:40,282 [ERROR] LogOutputStream:75 - [STDERR_REDIRECT] 
2026-08-27 16:08:41,269 [ERROR] LogOutputStream:75 - [STDERR_REDIRECT] [Fatal Error] :1:1: Premature end of file.
2026-08-27 16:08:41,269 [ERROR] LogOutputStream:75 - [STDERR_REDIRECT] 
2026-08-27 16:08:42,286 [ERROR] LogOutputStream:75 - [STDERR_REDIRECT] [Fatal Error] :1:1: Premature end of file.
2026-08-27 16:08:42,286 [ERROR] LogOutputStream:75 - [STDERR_REDIRECT] 
2026-08-27 16:08:43,282 [ERROR] LogOutputStream:75 - [STDERR_REDIRECT] [Fatal Error] :1:1: Premature end of file.
2026-08-27 16:08:43,282 [ERROR] LogOutputStream:75 - [STDERR_REDIRECT] 
2026-08-27 16:08:44,276 [ERROR] LogOutputStream:75 - [STDERR_REDIRECT] [Fatal Error] :1:1: Premature end of file.
2026-08-27 16:08:44,276 [ERROR] LogOutputStream:75 - [STDERR_REDIRECT] 
2026-08-27 16:08:45,276 [ERROR] LogOutputStream:75 - [STDERR_REDIRECT] [Fatal Error] :1:1: Premature end of file.
2026-08-27 16:08:45,276 [ERROR] LogOutputStream:75 - [STDERR_REDIRECT] 
2026-08-27 16:08:46,279 [ERROR] LogOutputStream:75 - [STDERR_REDIRECT] [Fatal Error] :1:1: Premature end of file.
2026-08-27 16:08:46,279 [ERROR] LogOutputStream:75 - [STDERR_REDIRECT] 
2026-08-27 16:08:47,287 [ERROR] LogOutputStream:75 - [STDERR_REDIRECT] [Fatal Error] :1:1: Premature end of file.
2026-08-27 16:08:47,287 [ERROR] LogOutputStream:75 - [STDERR_REDIRECT] 
2026-08-27 16:08:48,271 [ERROR] LogOutputStream:75 - [STDERR_REDIRECT] [Fatal Error] :1:1: Premature end of file.
2026-08-27 16:08:48,271 [ERROR] LogOutputStream:75 - [STDERR_REDIRECT] 
2026-08-27 16:08:49,286 [ERROR] LogOutputStream:75 - [STDERR_REDIRECT] [Fatal Error] :1:1: Premature end of file.
2026-08-27 16:08:49,286 [ERROR] LogOutputStream:75 - [STDERR_REDIRECT] 
2026-08-27 16:08:50,283 [ERROR] LogOutputStream:75 - [STDERR_REDIRECT] [Fatal Error] :1:1: Premature end of file.
2026-08-27 16:08:50,283 [ERROR] LogOutputStream:75 - [STDERR_REDIRECT] 
2026-08-27 16:08:51,280 [ERROR] LogOutputStream:75 - [STDERR_REDIRECT] [Fatal Error] :1:1: Premature end of file.
2026-08-27 16:08:51,280 [ERROR] LogOutputStream:75 - [STDERR_REDIRECT] 
2026-08-27 16:08:52,279 [ERROR] LogOutputStream:75 - [STDERR_REDIRECT] [Fatal Error] :1:1: Premature end of file.
2026-08-27 16:08:52,280 [ERROR] LogOutputStream:75 - [STDERR_REDIRECT] 
2026-08-27 16:08:53,281 [ERROR] LogOutputStream:75 - [STDERR_REDIRECT] [Fatal Error] :1:1: Premature end of file.
2026-08-27 16:08:53,282 [ERROR] LogOutputStream:75 - [STDERR_REDIRECT] 
2026-08-27 16:08:54,282 [ERROR] LogOutputStream:75 - [STDERR_REDIRECT] [Fatal Error] :1:1: Premature end of file.
2026-08-27 16:08:54,282 [ERROR] LogOutputStream:75 - [STDERR_REDIRECT] 
2026-08-27 16:08:55,284 [ERROR] LogOutputStream:75 - [STDERR_REDIRECT] [Fatal Error] :1:1: Premature end of file.
2026-08-27 16:08:55,284 [ERROR] LogOutputStream:75 - [STDERR_REDIRECT] 
2026-08-27 16:08:56,280 [ERROR] LogOutputStream:75 - [STDERR_REDIRECT] [Fatal Error] :1:1: Premature end of file.
2026-08-27 16:08:56,280 [ERROR] LogOutputStream:75 - [STDERR_REDIRECT] 
2026-08-27 16:08:57,280 [ERROR] LogOutputStream:75 - [STDERR_REDIRECT] [Fatal Error] :1:1: Premature end of file.
2026-08-27 16:08:57,280 [ERROR] LogOutputStream:75 - [STDERR_REDIRECT] 
2026-08-27 16:08:58,280 [ERROR] LogOutputStream:75 - [STDERR_REDIRECT] [Fatal Error] :1:1: Premature end of file.
2026-08-27 16:08:58,280 [ERROR] LogOutputStream:75 - [STDERR_REDIRECT] 
2026-08-27 16:08:59,280 [ERROR] LogOutputStream:75 - [STDERR_REDIRECT] [Fatal Error] :1:1: Premature end of file.
2026-08-27 16:08:59,280 [ERROR] LogOutputStream:75 - [STDERR_REDIRECT] 
2026-08-27 16:09:00,276 [ERROR] LogOutputStream:75 - [STDERR_REDIRECT] [Fatal Error] :1:1: Premature end of file.
2026-08-27 16:09:00,276 [ERROR] LogOutputStream:75 - [STDERR_REDIRECT] 
2026-08-27 16:09:01,282 [ERROR] LogOutputStream:75 - [STDERR_REDIRECT] [Fatal Error] :1:1: Premature end of file.
2026-08-27 16:09:01,282 [ERROR] LogOutputStream:75 - [STDERR_REDIRECT] 
2026-08-27 16:09:02,276 [ERROR] LogOutputStream:75 - [STDERR_REDIRECT] [Fatal Error] :1:1: Premature end of file.
2026-08-27 16:09:02,276 [ERROR] LogOutputStream:75 - [STDERR_REDIRECT] 
2026-08-27 16:09:03,276 [ERROR] LogOutputStream:75 - [STDERR_REDIRECT] [Fatal Error] :1:1: Premature end of file.
2026-08-27 16:09:03,276 [ERROR] LogOutputStream:75 - [STDERR_REDIRECT] 
2026-08-27 16:09:04,281 [ERROR] LogOutputStream:75 - [STDERR_REDIRECT] [Fatal Error] :1:1: Premature end of file.
2026-08-27 16:09:04,281 [ERROR] LogOutputStream:75 - [STDERR_REDIRECT] 
2026-08-27 16:09:05,282 [ERROR] LogOutputStream:75 - [STDERR_REDIRECT] [Fatal Error] :1:1: Premature end of file.
2026-08-27 16:09:05,282 [ERROR] LogOutputStream:75 - [STDERR_REDIRECT] 
2026-08-27 16:09:06,292 [ERROR] LogOutputStream:75 - [STDERR_REDIRECT] [Fatal Error] :1:1: Premature end of file.
2026-08-27 16:09:06,292 [ERROR] LogOutputStream:75 - [STDERR_REDIRECT] 
2026-08-27 16:09:07,284 [ERROR] LogOutputStream:75 - [STDERR_REDIRECT] [Fatal Error] :1:1: Premature end of file.
2026-08-27 16:09:07,284 [ERROR] LogOutputStream:75 - [STDERR_REDIRECT] 
2026-08-27 16:09:08,294 [ERROR] LogOutputStream:75 - [STDERR_REDIRECT] [Fatal Error] :1:1: Premature end of file.
2026-08-27 16:09:08,294 [ERROR] LogOutputStream:75 - [STDERR_REDIRECT] 
2026-08-27 16:09:09,293 [ERROR] LogOutputStream:75 - [STDERR_REDIRECT] [Fatal Error] :1:1: Premature end of file.
2026-08-27 16:09:09,293 [ERROR] LogOutputStream:75 - [STDERR_REDIRECT] 
2026-08-27 16:09:10,281 [ERROR] LogOutputStream:75 - [STDERR_REDIRECT] [Fatal Error] :1:1: Premature end of file.
2026-08-27 16:09:10,282 [ERROR] LogOutputStream:75 - [STDERR_REDIRECT] 
2026-08-27 16:09:11,287 [ERROR] LogOutputStream:75 - [STDERR_REDIRECT] [Fatal Error] :1:1: Premature end of file.
2026-08-27 16:09:11,287 [ERROR] LogOutputStream:75 - [STDERR_REDIRECT] 
2026-08-27 16:09:12,283 [ERROR] LogOutputStream:75 - [STDERR_REDIRECT] [Fatal Error] :1:1: Premature end of file.
2026-08-27 16:09:12,283 [ERROR] LogOutputStream:75 - [STDERR_REDIRECT] 
2026-08-27 16:09:13,287 [ERROR] LogOutputStream:75 - [STDERR_REDIRECT] [Fatal Error] :1:1: Premature end of file.
2026-08-27 16:09:13,288 [ERROR] LogOutputStream:75 - [STDERR_REDIRECT] 
2026-08-27 16:09:14,276 [ERROR] LogOutputStream:75 - [STDERR_REDIRECT] [Fatal Error] :1:1: Premature end of file.
2026-08-27 16:09:14,276 [ERROR] LogOutputStream:75 - [STDERR_REDIRECT] 
2026-08-27 16:09:15,270 [ERROR] LogOutputStream:75 - [STDERR_REDIRECT] [Fatal Error] :1:1: Premature end of file.
2026-08-27 16:09:15,270 [ERROR] LogOutputStream:75 - [STDERR_REDIRECT] 
2026-08-27 16:09:16,285 [ERROR] LogOutputStream:75 - [STDERR_REDIRECT] [Fatal Error] :1:1: Premature end of file.
2026-08-27 16:09:16,285 [ERROR] LogOutputStream:75 - [STDERR_REDIRECT] 
2026-08-27 16:09:17,286 [ERROR] LogOutputStream:75 - [STDERR_REDIRECT] [Fatal Error] :1:1: Premature end of file.
2026-08-27 16:09:17,286 [ERROR] LogOutputStream:75 - [STDERR_REDIRECT] 
2026-08-27 16:09:18,269 [ERROR] LogOutputStream:75 - [STDERR_REDIRECT] [Fatal Error] :1:1: Premature end of file.
2026-08-27 16:09:18,269 [ERROR] LogOutputStream:75 - [STDERR_REDIRECT] 
2026-08-27 16:09:19,285 [ERROR] LogOutputStream:75 - [STDERR_REDIRECT] [Fatal Error] :1:1: Premature end of file.
2026-08-27 16:09:19,285 [ERROR] LogOutputStream:75 - [STDERR_REDIRECT] 
2026-08-27 16:09:20,290 [ERROR] LogOutputStream:75 - [STDERR_REDIRECT] [Fatal Error] :1:1: Premature end of file.
2026-08-27 16:09:20,290 [ERROR] LogOutputStream:75 - [STDERR_REDIRECT] 
2026-08-27 16:09:21,291 [ERROR] LogOutputStream:75 - [STDERR_REDIRECT] [Fatal Error] :1:1: Premature end of file.
2026-08-27 16:09:21,291 [ERROR] LogOutputStream:75 - [STDERR_REDIRECT] 
2026-08-27 16:09:22,292 [ERROR] LogOutputStream:75 - [STDERR_REDIRECT] [Fatal Error] :1:1: Premature end of file.
2026-08-27 16:09:22,292 [ERROR] LogOutputStream:75 - [STDERR_REDIRECT] 
2026-08-27 16:09:23,277 [ERROR] LogOutputStream:75 - [STDERR_REDIRECT] [Fatal Error] :1:1: Premature end of file.
2026-08-27 16:09:23,277 [ERROR] LogOutputStream:75 - [STDERR_REDIRECT] 
2026-08-27 16:09:24,278 [ERROR] LogOutputStream:75 - [STDERR_REDIRECT] [Fatal Error] :1:1: Premature end of file.
2026-08-27 16:09:24,278 [ERROR] LogOutputStream:75 - [STDERR_REDIRECT] 
2026-08-27 16:09:25,275 [ERROR] LogOutputStream:75 - [STDERR_REDIRECT] [Fatal Error] :1:1: Premature end of file.
2026-08-27 16:09:25,275 [ERROR] LogOutputStream:75 - [STDERR_REDIRECT] 
2026-08-27 16:09:26,277 [ERROR] LogOutputStream:75 - [STDERR_REDIRECT] [Fatal Error] :1:1: Premature end of file.
2026-08-27 16:09:26,277 [ERROR] LogOutputStream:75 - [STDERR_REDIRECT] 
2026-08-27 16:09:27,285 [ERROR] LogOutputStream:75 - [STDERR_REDIRECT] [Fatal Error] :1:1: Premature end of file.
2026-08-27 16:09:27,286 [ERROR] LogOutputStream:75 - [STDERR_REDIRECT] 
2026-08-27 16:09:28,283 [ERROR] LogOutputStream:75 - [STDERR_REDIRECT] [Fatal Error] :1:1: Premature end of file.
2026-08-27 16:09:28,283 [ERROR] LogOutputStream:75 - [STDERR_REDIRECT] 
2026-08-27 16:09:29,290 [ERROR] LogOutputStream:75 - [STDERR_REDIRECT] [Fatal Error] :1:1: Premature end of file.
2026-08-27 16:09:29,290 [ERROR] LogOutputStream:75 - [STDERR_REDIRECT] 
2026-08-27 16:09:30,281 [ERROR] LogOutputStream:75 - [STDERR_REDIRECT] [Fatal Error] :1:1: Premature end of file.
2026-08-27 16:09:30,281 [ERROR] LogOutputStream:75 - [STDERR_REDIRECT] 
2026-08-27 16:09:31,274 [ERROR] LogOutputStream:75 - [STDERR_REDIRECT] [Fatal Error] :1:1: Premature end of file.
2026-08-27 16:09:31,274 [ERROR] LogOutputStream:75 - [STDERR_REDIRECT] 
2026-08-27 16:09:32,271 [ERROR] LogOutputStream:75 - [STDERR_REDIRECT] [Fatal Error] :1:1: Premature end of file.
2026-08-27 16:09:32,271 [ERROR] LogOutputStream:75 - [STDERR_REDIRECT] 
2026-08-27 16:09:33,286 [ERROR] LogOutputStream:75 - [STDERR_REDIRECT] [Fatal Error] :1:1: Premature end of file.
2026-08-27 16:09:33,286 [ERROR] LogOutputStream:75 - [STDERR_REDIRECT] 
2026-08-27 16:09:34,292 [ERROR] LogOutputStream:75 - [STDERR_REDIRECT] [Fatal Error] :1:1: Premature end of file.
2026-08-27 16:09:34,292 [ERROR] LogOutputStream:75 - [STDERR_REDIRECT] 
2026-08-27 16:09:35,283 [ERROR] LogOutputStream:75 - [STDERR_REDIRECT] [Fatal Error] :1:1: Premature end of file.
2026-08-27 16:09:35,283 [ERROR] LogOutputStream:75 - [STDERR_REDIRECT] 
2026-08-27 16:09:36,273 [ERROR] LogOutputStream:75 - [STDERR_REDIRECT] [Fatal Error] :1:1: Premature end of file.
2026-08-27 16:09:36,273 [ERROR] LogOutputStream:75 - [STDERR_REDIRECT] 
2026-08-27 16:09:37,270 [ERROR] LogOutputStream:75 - [STDERR_REDIRECT] [Fatal Error] :1:1: Premature end of file.
2026-08-27 16:09:37,270 [ERROR] LogOutputStream:75 - [STDERR_REDIRECT] 
2026-08-27 16:09:38,283 [ERROR] LogOutputStream:75 - [STDERR_REDIRECT] [Fatal Error] :1:1: Premature end of file.
2026-08-27 16:09:38,283 [ERROR] LogOutputStream:75 - [STDERR_REDIRECT] 
2026-08-27 16:09:39,292 [ERROR] LogOutputStream:75 - [STDERR_REDIRECT] [Fatal Error] :1:1: Premature end of file.
2026-08-27 16:09:39,292 [ERROR] LogOutputStream:75 - [STDERR_REDIRECT] 
2026-08-27 16:09:40,287 [ERROR] LogOutputStream:75 - [STDERR_REDIRECT] [Fatal Error] :1:1: Premature end of file.
2026-08-27 16:09:40,287 [ERROR] LogOutputStream:75 - [STDERR_REDIRECT] 
2026-08-27 16:09:41,283 [ERROR] LogOutputStream:75 - [STDERR_REDIRECT] [Fatal Error] :1:1: Premature end of file.
2026-08-27 16:09:41,283 [ERROR] LogOutputStream:75 - [STDERR_REDIRECT] 
2026-08-27 16:09:42,269 [ERROR] LogOutputStream:75 - [STDERR_REDIRECT] [Fatal Error] :1:1: Premature end of file.
2026-08-27 16:09:42,269 [ERROR] LogOutputStream:75 - [STDERR_REDIRECT] 
2026-08-27 16:09:43,279 [ERROR] LogOutputStream:75 - [STDERR_REDIRECT] [Fatal Error] :1:1: Premature end of file.
2026-08-27 16:09:43,279 [ERROR] LogOutputStream:75 - [STDERR_REDIRECT] 
2026-08-27 16:09:44,275 [ERROR] LogOutputStream:75 - [STDERR_REDIRECT] [Fatal Error] :1:1: Premature end of file.
2026-08-27 16:09:44,275 [ERROR] LogOutputStream:75 - [STDERR_REDIRECT] 
2026-08-27 16:09:45,283 [ERROR] LogOutputStream:75 - [STDERR_REDIRECT] [Fatal Error] :1:1: Premature end of file.
2026-08-27 16:09:45,283 [ERROR] LogOutputStream:75 - [STDERR_REDIRECT] 
2026-08-27 16:09:46,278 [ERROR] LogOutputStream:75 - [STDERR_REDIRECT] [Fatal Error] :1:1: Premature end of file.
2026-08-27 16:09:46,278 [ERROR] LogOutputStream:75 - [STDERR_REDIRECT] 
2026-08-27 16:09:47,276 [ERROR] LogOutputStream:75 - [STDERR_REDIRECT] [Fatal Error] :1:1: Premature end of file.
2026-08-27 16:09:47,276 [ERROR] LogOutputStream:75 - [STDERR_REDIRECT] 
2026-08-27 16:09:48,272 [ERROR] LogOutputStream:75 - [STDERR_REDIRECT] [Fatal Error] :1:1: Premature end of file.
2026-08-27 16:09:48,272 [ERROR] LogOutputStream:75 - [STDERR_REDIRECT] 
2026-08-27 16:09:49,284 [ERROR] LogOutputStream:75 - [STDERR_REDIRECT] [Fatal Error] :1:1: Premature end of file.
2026-08-27 16:09:49,284 [ERROR] LogOutputStream:75 - [STDERR_REDIRECT] 
2026-08-27 16:09:50,282 [ERROR] LogOutputStream:75 - [STDERR_REDIRECT] [Fatal Error] :1:1: Premature end of file.
2026-08-27 16:09:50,282 [ERROR] LogOutputStream:75 - [STDERR_REDIRECT] 
2026-08-27 16:09:51,281 [ERROR] LogOutputStream:75 - [STDERR_REDIRECT] [Fatal Error] :1:1: Premature end of file.
2026-08-27 16:09:51,281 [ERROR] LogOutputStream:75 - [STDERR_REDIRECT] 
2026-08-27 16:09:52,288 [ERROR] LogOutputStream:75 - [STDERR_REDIRECT] [Fatal Error] :1:1: Premature end of file.
2026-08-27 16:09:52,288 [ERROR] LogOutputStream:75 - [STDERR_REDIRECT] 
2026-08-27 16:09:53,285 [ERROR] LogOutputStream:75 - [STDERR_REDIRECT] [Fatal Error] :1:1: Premature end of file.
2026-08-27 16:09:53,285 [ERROR] LogOutputStream:75 - [STDERR_REDIRECT] 
2026-08-27 16:09:54,286 [ERROR] LogOutputStream:75 - [STDERR_REDIRECT] [Fatal Error] :1:1: Premature end of file.
2026-08-27 16:09:54,286 [ERROR] LogOutputStream:75 - [STDERR_REDIRECT] 
2026-08-27 16:09:55,288 [ERROR] LogOutputStream:75 - [STDERR_REDIRECT] [Fatal Error] :1:1: Premature end of file.
2026-08-27 16:09:55,288 [ERROR] LogOutputStream:75 - [STDERR_REDIRECT] 
2026-08-27 16:09:56,288 [ERROR] LogOutputStream:75 - [STDERR_REDIRECT] [Fatal Error] :1:1: Premature end of file.
2026-08-27 16:09:56,288 [ERROR] LogOutputStream:75 - [STDERR_REDIRECT] 
2026-08-27 16:09:57,289 [ERROR] LogOutputStream:75 - [STDERR_REDIRECT] [Fatal Error] :1:1: Premature end of file.
2026-08-27 16:09:57,289 [ERROR] LogOutputStream:75 - [STDERR_REDIRECT] 
2026-08-27 16:09:58,277 [ERROR] LogOutputStream:75 - [STDERR_REDIRECT] [Fatal Error] :1:1: Premature end of file.
2026-08-27 16:09:58,277 [ERROR] LogOutputStream:75 - [STDERR_REDIRECT] 
2026-08-27 16:09:59,281 [ERROR] LogOutputStream:75 - [STDERR_REDIRECT] [Fatal Error] :1:1: Premature end of file.
2026-08-27 16:09:59,281 [ERROR] LogOutputStream:75 - [STDERR_REDIRECT] 
2026-08-27 16:10:00,279 [ERROR] LogOutputStream:75 - [STDERR_REDIRECT] [Fatal Error] :1:1: Premature end of file.
2026-08-27 16:10:00,279 [ERROR] LogOutputStream:75 - [STDERR_REDIRECT] 
2026-08-27 16:10:01,270 [ERROR] LogOutputStream:75 - [STDERR_REDIRECT] [Fatal Error] :1:1: Premature end of file.
2026-08-27 16:10:01,270 [ERROR] LogOutputStream:75 - [STDERR_REDIRECT] 
2026-08-27 16:10:02,290 [ERROR] LogOutputStream:75 - [STDERR_REDIRECT] [Fatal Error] :1:1: Premature end of file.
2026-08-27 16:10:02,290 [ERROR] LogOutputStream:75 - [STDERR_REDIRECT] 
2026-08-27 16:10:03,282 [ERROR] LogOutputStream:75 - [STDERR_REDIRECT] [Fatal Error] :1:1: Premature end of file.
2026-08-27 16:10:03,282 [ERROR] LogOutputStream:75 - [STDERR_REDIRECT] 
2026-08-27 16:10:04,282 [ERROR] LogOutputStream:75 - [STDERR_REDIRECT] [Fatal Error] :1:1: Premature end of file.
2026-08-27 16:10:04,282 [ERROR] LogOutputStream:75 - [STDERR_REDIRECT] 
2026-08-27 16:10:05,269 [ERROR] LogOutputStream:75 - [STDERR_REDIRECT] [Fatal Error] :1:1: Premature end of file.
2026-08-27 16:10:05,269 [ERROR] LogOutputStream:75 - [STDERR_REDIRECT] 
2026-08-27 16:10:06,279 [ERROR] LogOutputStream:75 - [STDERR_REDIRECT] [Fatal Error] :1:1: Premature end of file.
2026-08-27 16:10:06,279 [ERROR] LogOutputStream:75 - [STDERR_REDIRECT] 
2026-08-27 16:10:07,270 [ERROR] LogOutputStream:75 - [STDERR_REDIRECT] [Fatal Error] :1:1: Premature end of file.
2026-08-27 16:10:07,270 [ERROR] LogOutputStream:75 - [STDERR_REDIRECT] 
2026-08-27 16:10:08,283 [ERROR] LogOutputStream:75 - [STDERR_REDIRECT] [Fatal Error] :1:1: Premature end of file.
2026-08-27 16:10:08,283 [ERROR] LogOutputStream:75 - [STDERR_REDIRECT] 
2026-08-27 16:10:09,280 [ERROR] LogOutputStream:75 - [STDERR_REDIRECT] [Fatal Error] :1:1: Premature end of file.
2026-08-27 16:10:09,281 [ERROR] LogOutputStream:75 - [STDERR_REDIRECT] 
2026-08-27 16:10:10,281 [ERROR] LogOutputStream:75 - [STDERR_REDIRECT] [Fatal Error] :1:1: Premature end of file.
2026-08-27 16:10:10,281 [ERROR] LogOutputStream:75 - [STDERR_REDIRECT] 
2026-08-27 16:10:11,276 [ERROR] LogOutputStream:75 - [STDERR_REDIRECT] [Fatal Error] :1:1: Premature end of file.
2026-08-27 16:10:11,276 [ERROR] LogOutputStream:75 - [STDERR_REDIRECT] 
2026-08-27 16:10:12,293 [ERROR] LogOutputStream:75 - [STDERR_REDIRECT] [Fatal Error] :1:1: Premature end of file.
2026-08-27 16:10:12,293 [ERROR] LogOutputStream:75 - [STDERR_REDIRECT] 
2026-08-27 16:10:13,281 [ERROR] LogOutputStream:75 - [STDERR_REDIRECT] [Fatal Error] :1:1: Premature end of file.
2026-08-27 16:10:13,281 [ERROR] LogOutputStream:75 - [STDERR_REDIRECT] 
2026-08-27 16:10:14,278 [ERROR] LogOutputStream:75 - [STDERR_REDIRECT] [Fatal Error] :1:1: Premature end of file.
2026-08-27 16:10:14,278 [ERROR] LogOutputStream:75 - [STDERR_REDIRECT] 
2026-08-27 16:10:15,284 [ERROR] LogOutputStream:75 - [STDERR_REDIRECT] [Fatal Error] :1:1: Premature end of file.
2026-08-27 16:10:15,284 [ERROR] LogOutputStream:75 - [STDERR_REDIRECT] 
2026-08-27 16:10:16,274 [ERROR] LogOutputStream:75 - [STDERR_REDIRECT] [Fatal Error] :1:1: Premature end of file.
2026-08-27 16:10:16,274 [ERROR] LogOutputStream:75 - [STDERR_REDIRECT] 
2026-08-27 16:10:17,284 [ERROR] LogOutputStream:75 - [STDERR_REDIRECT] [Fatal Error] :1:1: Premature end of file.
2026-08-27 16:10:17,284 [ERROR] LogOutputStream:75 - [STDERR_REDIRECT] 
2026-08-27 16:10:18,283 [ERROR] LogOutputStream:75 - [STDERR_REDIRECT] [Fatal Error] :1:1: Premature end of file.
2026-08-27 16:10:18,283 [ERROR] LogOutputStream:75 - [STDERR_REDIRECT] 
2026-08-27 16:10:19,278 [ERROR] LogOutputStream:75 - [STDERR_REDIRECT] [Fatal Error] :1:1: Premature end of file.
2026-08-27 16:10:19,278 [ERROR] LogOutputStream:75 - [STDERR_REDIRECT] 
2026-08-27 16:10:20,274 [ERROR] LogOutputStream:75 - [STDERR_REDIRECT] [Fatal Error] :1:1: Premature end of file.
2026-08-27 16:10:20,274 [ERROR] LogOutputStream:75 - [STDERR_REDIRECT] 
2026-08-27 16:10:21,271 [ERROR] LogOutputStream:75 - [STDERR_REDIRECT] [Fatal Error] :1:1: Premature end of file.
2026-08-27 16:10:21,271 [ERROR] LogOutputStream:75 - [STDERR_REDIRECT] 
2026-08-27 16:10:22,270 [ERROR] LogOutputStream:75 - [STDERR_REDIRECT] [Fatal Error] :1:1: Premature end of file.
2026-08-27 16:10:22,270 [ERROR] LogOutputStream:75 - [STDERR_REDIRECT] 
2026-08-27 16:10:23,281 [ERROR] LogOutputStream:75 - [STDERR_REDIRECT] [Fatal Error] :1:1: Premature end of file.
2026-08-27 16:10:23,281 [ERROR] LogOutputStream:75 - [STDERR_REDIRECT] 
2026-08-27 16:10:24,284 [ERROR] LogOutputStream:75 - [STDERR_REDIRECT] [Fatal Error] :1:1: Premature end of file.
2026-08-27 16:10:24,284 [ERROR] LogOutputStream:75 - [STDERR_REDIRECT] 
2026-08-27 16:10:25,284 [ERROR] LogOutputStream:75 - [STDERR_REDIRECT] [Fatal Error] :1:1: Premature end of file.
2026-08-27 16:10:25,284 [ERROR] LogOutputStream:75 - [STDERR_REDIRECT] 
2026-08-27 16:10:26,272 [ERROR] LogOutputStream:75 - [STDERR_REDIRECT] [Fatal Error] :1:1: Premature end of file.
2026-08-27 16:10:26,272 [ERROR] LogOutputStream:75 - [STDERR_REDIRECT] 
2026-08-27 16:10:27,285 [ERROR] LogOutputStream:75 - [STDERR_REDIRECT] [Fatal Error] :1:1: Premature end of file.
2026-08-27 16:10:27,285 [ERROR] LogOutputStream:75 - [STDERR_REDIRECT] 
2026-08-27 16:10:28,280 [ERROR] LogOutputStream:75 - [STDERR_REDIRECT] [Fatal Error] :1:1: Premature end of file.
2026-08-27 16:10:28,280 [ERROR] LogOutputStream:75 - [STDERR_REDIRECT] 
2026-08-27 16:10:29,279 [ERROR] LogOutputStream:75 - [STDERR_REDIRECT] [Fatal Error] :1:1: Premature end of file.
2026-08-27 16:10:29,279 [ERROR] LogOutputStream:75 - [STDERR_REDIRECT] 
2026-08-27 16:10:30,278 [ERROR] LogOutputStream:75 - [STDERR_REDIRECT] [Fatal Error] :1:1: Premature end of file.
2026-08-27 16:10:30,278 [ERROR] LogOutputStream:75 - [STDERR_REDIRECT] 
2026-08-27 16:10:31,275 [ERROR] LogOutputStream:75 - [STDERR_REDIRECT] [Fatal Error] :1:1: Premature end of file.
2026-08-27 16:10:31,275 [ERROR] LogOutputStream:75 - [STDERR_REDIRECT] 
2026-08-27 16:10:32,271 [ERROR] LogOutputStream:75 - [STDERR_REDIRECT] [Fatal Error] :1:1: Premature end of file.
2026-08-27 16:10:32,271 [ERROR] LogOutputStream:75 - [STDERR_REDIRECT] 
2026-08-27 16:10:33,283 [ERROR] LogOutputStream:75 - [STDERR_REDIRECT] [Fatal Error] :1:1: Premature end of file.
2026-08-27 16:10:33,283 [ERROR] LogOutputStream:75 - [STDERR_REDIRECT] 
2026-08-27 16:10:34,273 [ERROR] LogOutputStream:75 - [STDERR_REDIRECT] [Fatal Error] :1:1: Premature end of file.
2026-08-27 16:10:34,273 [ERROR] LogOutputStream:75 - [STDERR_REDIRECT] 
2026-08-27 16:10:35,282 [ERROR] LogOutputStream:75 - [STDERR_REDIRECT] [Fatal Error] :1:1: Premature end of file.
2026-08-27 16:10:35,282 [ERROR] LogOutputStream:75 - [STDERR_REDIRECT] 
2026-08-27 16:10:36,275 [ERROR] LogOutputStream:75 - [STDERR_REDIRECT] [Fatal Error] :1:1: Premature end of file.
2026-08-27 16:10:36,275 [ERROR] LogOutputStream:75 - [STDERR_REDIRECT] 
2026-08-27 16:10:37,274 [ERROR] LogOutputStream:75 - [STDERR_REDIRECT] [Fatal Error] :1:1: Premature end of file.
2026-08-27 16:10:37,274 [ERROR] LogOutputStream:75 - [STDERR_REDIRECT] 
2026-08-27 16:10:38,280 [ERROR] LogOutputStream:75 - [STDERR_REDIRECT] [Fatal Error] :1:1: Premature end of file.
2026-08-27 16:10:38,280 [ERROR] LogOutputStream:75 - [STDERR_REDIRECT] 
2026-08-27 16:10:39,278 [ERROR] LogOutputStream:75 - [STDERR_REDIRECT] [Fatal Error] :1:1: Premature end of file.
2026-08-27 16:10:39,278 [ERROR] LogOutputStream:75 - [STDERR_REDIRECT] 
2026-08-27 16:10:40,275 [ERROR] LogOutputStream:75 - [STDERR_REDIRECT] [Fatal Error] :1:1: Premature end of file.
2026-08-27 16:10:40,275 [ERROR] LogOutputStream:75 - [STDERR_REDIRECT] 
2026-08-27 16:10:41,295 [ERROR] LogOutputStream:75 - [STDERR_REDIRECT] [Fatal Error] :1:1: Premature end of file.
2026-08-27 16:10:41,295 [ERROR] LogOutputStream:75 - [STDERR_REDIRECT] 
2026-08-27 16:10:42,282 [ERROR] LogOutputStream:75 - [STDERR_REDIRECT] [Fatal Error] :1:1: Premature end of file.
2026-08-27 16:10:42,282 [ERROR] LogOutputStream:75 - [STDERR_REDIRECT] 
2026-08-27 16:10:43,275 [ERROR] LogOutputStream:75 - [STDERR_REDIRECT] [Fatal Error] :1:1: Premature end of file.
2026-08-27 16:10:43,275 [ERROR] LogOutputStream:75 - [STDERR_REDIRECT] 
2026-08-27 16:10:44,281 [ERROR] LogOutputStream:75 - [STDERR_REDIRECT] [Fatal Error] :1:1: Premature end of file.
2026-08-27 16:10:44,281 [ERROR] LogOutputStream:75 - [STDERR_REDIRECT] 
2026-08-27 16:10:45,288 [ERROR] LogOutputStream:75 - [STDERR_REDIRECT] [Fatal Error] :1:1: Premature end of file.
2026-08-27 16:10:45,288 [ERROR] LogOutputStream:75 - [STDERR_REDIRECT] 
2026-08-27 16:10:46,281 [ERROR] LogOutputStream:75 - [STDERR_REDIRECT] [Fatal Error] :1:1: Premature end of file.
2026-08-27 16:10:46,281 [ERROR] LogOutputStream:75 - [STDERR_REDIRECT] 
2026-08-27 16:10:47,274 [ERROR] LogOutputStream:75 - [STDERR_REDIRECT] [Fatal Error] :1:1: Premature end of file.
2026-08-27 16:10:47,274 [ERROR] LogOutputStream:75 - [STDERR_REDIRECT] 
2026-08-27 16:10:48,273 [ERROR] LogOutputStream:75 - [STDERR_REDIRECT] [Fatal Error] :1:1: Premature end of file.
2026-08-27 16:10:48,273 [ERROR] LogOutputStream:75 - [STDERR_REDIRECT] 
2026-08-27 16:10:49,269 [ERROR] LogOutputStream:75 - [STDERR_REDIRECT] [Fatal Error] :1:1: Premature end of file.
2026-08-27 16:10:49,269 [ERROR] LogOutputStream:75 - [STDERR_REDIRECT] 
2026-08-27 16:10:50,280 [ERROR] LogOutputStream:75 - [STDERR_REDIRECT] [Fatal Error] :1:1: Premature end of file.
2026-08-27 16:10:50,280 [ERROR] LogOutputStream:75 - [STDERR_REDIRECT] 
2026-08-27 16:10:51,277 [ERROR] LogOutputStream:75 - [STDERR_REDIRECT] [Fatal Error] :1:1: Premature end of file.
2026-08-27 16:10:51,277 [ERROR] LogOutputStream:75 - [STDERR_REDIRECT] 
2026-08-27 16:10:52,275 [ERROR] LogOutputStream:75 - [STDERR_REDIRECT] [Fatal Error] :1:1: Premature end of file.
2026-08-27 16:10:52,275 [ERROR] LogOutputStream:75 - [STDERR_REDIRECT] 
2026-08-27 16:10:53,279 [ERROR] LogOutputStream:75 - [STDERR_REDIRECT] [Fatal Error] :1:1: Premature end of file.
2026-08-27 16:10:53,279 [ERROR] LogOutputStream:75 - [STDERR_REDIRECT] 
2026-08-27 16:10:54,283 [ERROR] LogOutputStream:75 - [STDERR_REDIRECT] [Fatal Error] :1:1: Premature end of file.
2026-08-27 16:10:54,283 [ERROR] LogOutputStream:75 - [STDERR_REDIRECT] 
2026-08-27 16:10:55,290 [ERROR] LogOutputStream:75 - [STDERR_REDIRECT] [Fatal Error] :1:1: Premature end of file.
2026-08-27 16:10:55,290 [ERROR] LogOutputStream:75 - [STDERR_REDIRECT] 
2026-08-27 16:10:56,286 [ERROR] LogOutputStream:75 - [STDERR_REDIRECT] [Fatal Error] :1:1: Premature end of file.
2026-08-27 16:10:56,286 [ERROR] LogOutputStream:75 - [STDERR_REDIRECT] 
2026-08-27 16:10:57,273 [ERROR] LogOutputStream:75 - [STDERR_REDIRECT] [Fatal Error] :1:1: Premature end of file.
2026-08-27 16:10:57,273 [ERROR] LogOutputStream:75 - [STDERR_REDIRECT] 
2026-08-27 16:10:58,274 [ERROR] LogOutputStream:75 - [STDERR_REDIRECT] [Fatal Error] :1:1: Premature end of file.
2026-08-27 16:10:58,274 [ERROR] LogOutputStream:75 - [STDERR_REDIRECT] 
2026-08-27 16:10:59,280 [ERROR] LogOutputStream:75 - [STDERR_REDIRECT] [Fatal Error] :1:1: Premature end of file.
2026-08-27 16:10:59,280 [ERROR] LogOutputStream:75 - [STDERR_REDIRECT] 
2026-08-27 16:11:00,284 [ERROR] LogOutputStream:75 - [STDERR_REDIRECT] [Fatal Error] :1:1: Premature end of file.
2026-08-27 16:11:00,284 [ERROR] LogOutputStream:75 - [STDERR_REDIRECT] 
2026-08-27 16:11:01,281 [ERROR] LogOutputStream:75 - [STDERR_REDIRECT] [Fatal Error] :1:1: Premature end of file.
2026-08-27 16:11:01,281 [ERROR] LogOutputStream:75 - [STDERR_REDIRECT] 
2026-08-27 16:11:02,279 [ERROR] LogOutputStream:75 - [STDERR_REDIRECT] [Fatal Error] :1:1: Premature end of file.
2026-08-27 16:11:02,279 [ERROR] LogOutputStream:75 - [STDERR_REDIRECT] 
2026-08-27 16:11:03,279 [ERROR] LogOutputStream:75 - [STDERR_REDIRECT] [Fatal Error] :1:1: Premature end of file.
2026-08-27 16:11:03,279 [ERROR] LogOutputStream:75 - [STDERR_REDIRECT] 
2026-08-27 16:11:04,275 [ERROR] LogOutputStream:75 - [STDERR_REDIRECT] [Fatal Error] :1:1: Premature end of file.
2026-08-27 16:11:04,275 [ERROR] LogOutputStream:75 - [STDERR_REDIRECT] 
2026-08-27 16:11:05,276 [ERROR] LogOutputStream:75 - [STDERR_REDIRECT] [Fatal Error] :1:1: Premature end of file.
2026-08-27 16:11:05,276 [ERROR] LogOutputStream:75 - [STDERR_REDIRECT] 
2026-08-27 16:11:06,285 [ERROR] LogOutputStream:75 - [STDERR_REDIRECT] [Fatal Error] :1:1: Premature end of file.
2026-08-27 16:11:06,285 [ERROR] LogOutputStream:75 - [STDERR_REDIRECT] 
2026-08-27 16:11:07,283 [ERROR] LogOutputStream:75 - [STDERR_REDIRECT] [Fatal Error] :1:1: Premature end of file.
2026-08-27 16:11:07,283 [ERROR] LogOutputStream:75 - [STDERR_REDIRECT] 
2026-08-27 16:11:08,277 [ERROR] LogOutputStream:75 - [STDERR_REDIRECT] [Fatal Error] :1:1: Premature end of file.
2026-08-27 16:11:08,277 [ERROR] LogOutputStream:75 - [STDERR_REDIRECT] 
2026-08-27 16:11:09,276 [ERROR] LogOutputStream:75 - [STDERR_REDIRECT] [Fatal Error] :1:1: Premature end of file.
2026-08-27 16:11:09,276 [ERROR] LogOutputStream:75 - [STDERR_REDIRECT] 
2026-08-27 16:11:10,285 [ERROR] LogOutputStream:75 - [STDERR_REDIRECT] [Fatal Error] :1:1: Premature end of file.
2026-08-27 16:11:10,285 [ERROR] LogOutputStream:75 - [STDERR_REDIRECT] 
2026-08-27 16:11:11,283 [ERROR] LogOutputStream:75 - [STDERR_REDIRECT] [Fatal Error] :1:1: Premature end of file.
2026-08-27 16:11:11,283 [ERROR] LogOutputStream:75 - [STDERR_REDIRECT] 
2026-08-27 16:11:12,279 [ERROR] LogOutputStream:75 - [STDERR_REDIRECT] [Fatal Error] :1:1: Premature end of file.
2026-08-27 16:11:12,279 [ERROR] LogOutputStream:75 - [STDERR_REDIRECT] 
2026-08-27 16:11:13,277 [ERROR] LogOutputStream:75 - [STDERR_REDIRECT] [Fatal Error] :1:1: Premature end of file.
2026-08-27 16:11:13,277 [ERROR] LogOutputStream:75 - [STDERR_REDIRECT] 
2026-08-27 16:11:14,276 [ERROR] LogOutputStream:75 - [STDERR_REDIRECT] [Fatal Error] :1:1: Premature end of file.
2026-08-27 16:11:14,276 [ERROR] LogOutputStream:75 - [STDERR_REDIRECT] 
2026-08-27 16:11:15,286 [ERROR] LogOutputStream:75 - [STDERR_REDIRECT] [Fatal Error] :1:1: Premature end of file.
2026-08-27 16:11:15,286 [ERROR] LogOutputStream:75 - [STDERR_REDIRECT] 
2026-08-27 16:11:16,285 [ERROR] LogOutputStream:75 - [STDERR_REDIRECT] [Fatal Error] :1:1: Premature end of file.
2026-08-27 16:11:16,286 [ERROR] LogOutputStream:75 - [STDERR_REDIRECT] 
2026-08-27 16:11:17,291 [ERROR] LogOutputStream:75 - [STDERR_REDIRECT] [Fatal Error] :1:1: Premature end of file.
2026-08-27 16:11:17,291 [ERROR] LogOutputStream:75 - [STDERR_REDIRECT] 
2026-08-27 16:11:18,291 [ERROR] LogOutputStream:75 - [STDERR_REDIRECT] [Fatal Error] :1:1: Premature end of file.
2026-08-27 16:11:18,291 [ERROR] LogOutputStream:75 - [STDERR_REDIRECT] 
2026-08-27 16:11:19,292 [ERROR] LogOutputStream:75 - [STDERR_REDIRECT] [Fatal Error] :1:1: Premature end of file.
2026-08-27 16:11:19,292 [ERROR] LogOutputStream:75 - [STDERR_REDIRECT] 
2026-08-27 16:11:20,278 [ERROR] LogOutputStream:75 - [STDERR_REDIRECT] [Fatal Error] :1:1: Premature end of file.
2026-08-27 16:11:20,278 [ERROR] LogOutputStream:75 - [STDERR_REDIRECT] 
2026-08-27 16:11:21,279 [ERROR] LogOutputStream:75 - [STDERR_REDIRECT] [Fatal Error] :1:1: Premature end of file.
2026-08-27 16:11:21,279 [ERROR] LogOutputStream:75 - [STDERR_REDIRECT] 
2026-08-27 16:11:22,282 [ERROR] LogOutputStream:75 - [STDERR_REDIRECT] [Fatal Error] :1:1: Premature end of file.
2026-08-27 16:11:22,283 [ERROR] LogOutputStream:75 - [STDERR_REDIRECT] 
2026-08-27 16:11:23,277 [ERROR] LogOutputStream:75 - [STDERR_REDIRECT] [Fatal Error] :1:1: Premature end of file.
2026-08-27 16:11:23,277 [ERROR] LogOutputStream:75 - [STDERR_REDIRECT] 
2026-08-27 16:11:24,285 [ERROR] LogOutputStream:75 - [STDERR_REDIRECT] [Fatal Error] :1:1: Premature end of file.
2026-08-27 16:11:24,285 [ERROR] LogOutputStream:75 - [STDERR_REDIRECT] 
2026-08-27 16:11:25,271 [ERROR] LogOutputStream:75 - [STDERR_REDIRECT] [Fatal Error] :1:1: Premature end of file.
2026-08-27 16:11:25,271 [ERROR] LogOutputStream:75 - [STDERR_REDIRECT] 
2026-08-27 16:11:26,285 [ERROR] LogOutputStream:75 - [STDERR_REDIRECT] [Fatal Error] :1:1: Premature end of file.
2026-08-27 16:11:26,285 [ERROR] LogOutputStream:75 - [STDERR_REDIRECT] 
2026-08-27 16:11:27,280 [ERROR] LogOutputStream:75 - [STDERR_REDIRECT] [Fatal Error] :1:1: Premature end of file.
2026-08-27 16:11:27,280 [ERROR] LogOutputStream:75 - [STDERR_REDIRECT] 
2026-08-27 16:11:28,276 [ERROR] LogOutputStream:75 - [STDERR_REDIRECT] [Fatal Error] :1:1: Premature end of file.
2026-08-27 16:11:28,276 [ERROR] LogOutputStream:75 - [STDERR_REDIRECT] 
2026-08-27 16:11:29,279 [ERROR] LogOutputStream:75 - [STDERR_REDIRECT] [Fatal Error] :1:1: Premature end of file.
2026-08-27 16:11:29,279 [ERROR] LogOutputStream:75 - [STDERR_REDIRECT] 
2026-08-27 16:11:30,274 [ERROR] LogOutputStream:75 - [STDERR_REDIRECT] [Fatal Error] :1:1: Premature end of file.
2026-08-27 16:11:30,274 [ERROR] LogOutputStream:75 - [STDERR_REDIRECT] 
2026-08-27 16:11:31,286 [ERROR] LogOutputStream:75 - [STDERR_REDIRECT] [Fatal Error] :1:1: Premature end of file.
2026-08-27 16:11:31,286 [ERROR] LogOutputStream:75 - [STDERR_REDIRECT] 
2026-08-27 16:11:32,281 [ERROR] LogOutputStream:75 - [STDERR_REDIRECT] [Fatal Error] :1:1: Premature end of file.
2026-08-27 16:11:32,281 [ERROR] LogOutputStream:75 - [STDERR_REDIRECT] 
2026-08-27 16:11:33,272 [ERROR] LogOutputStream:75 - [STDERR_REDIRECT] [Fatal Error] :1:1: Premature end of file.
2026-08-27 16:11:33,272 [ERROR] LogOutputStream:75 - [STDERR_REDIRECT] 
2026-08-27 16:11:34,271 [ERROR] LogOutputStream:75 - [STDERR_REDIRECT] [Fatal Error] :1:1: Premature end of file.
2026-08-27 16:11:34,271 [ERROR] LogOutputStream:75 - [STDERR_REDIRECT] 
2026-08-27 16:11:35,280 [ERROR] LogOutputStream:75 - [STDERR_REDIRECT] [Fatal Error] :1:1: Premature end of file.
2026-08-27 16:11:35,280 [ERROR] LogOutputStream:75 - [STDERR_REDIRECT] 
2026-08-27 16:11:36,275 [ERROR] LogOutputStream:75 - [STDERR_REDIRECT] [Fatal Error] :1:1: Premature end of file.
2026-08-27 16:11:36,275 [ERROR] LogOutputStream:75 - [STDERR_REDIRECT] 
2026-08-27 16:11:37,277 [ERROR] LogOutputStream:75 - [STDERR_REDIRECT] [Fatal Error] :1:1: Premature end of file.
2026-08-27 16:11:37,277 [ERROR] LogOutputStream:75 - [STDERR_REDIRECT] 
2026-08-27 16:11:38,271 [ERROR] LogOutputStream:75 - [STDERR_REDIRECT] [Fatal Error] :1:1: Premature end of file.
2026-08-27 16:11:38,271 [ERROR] LogOutputStream:75 - [STDERR_REDIRECT] 
2026-08-27 16:11:39,283 [ERROR] LogOutputStream:75 - [STDERR_REDIRECT] [Fatal Error] :1:1: Premature end of file.
2026-08-27 16:11:39,283 [ERROR] LogOutputStream:75 - [STDERR_REDIRECT] 
2026-08-27 16:11:40,281 [ERROR] LogOutputStream:75 - [STDERR_REDIRECT] [Fatal Error] :1:1: Premature end of file.
2026-08-27 16:11:40,281 [ERROR] LogOutputStream:75 - [STDERR_REDIRECT] 
2026-08-27 16:11:41,279 [ERROR] LogOutputStream:75 - [STDERR_REDIRECT] [Fatal Error] :1:1: Premature end of file.
2026-08-27 16:11:41,279 [ERROR] LogOutputStream:75 - [STDERR_REDIRECT] 
2026-08-27 16:11:42,275 [ERROR] LogOutputStream:75 - [STDERR_REDIRECT] [Fatal Error] :1:1: Premature end of file.
2026-08-27 16:11:42,275 [ERROR] LogOutputStream:75 - [STDERR_REDIRECT] 
2026-08-27 16:11:43,284 [ERROR] LogOutputStream:75 - [STDERR_REDIRECT] [Fatal Error] :1:1: Premature end of file.
2026-08-27 16:11:43,284 [ERROR] LogOutputStream:75 - [STDERR_REDIRECT] 
2026-08-27 16:11:44,280 [ERROR] LogOutputStream:75 - [STDERR_REDIRECT] [Fatal Error] :1:1: Premature end of file.
2026-08-27 16:11:44,280 [ERROR] LogOutputStream:75 - [STDERR_REDIRECT] 
2026-08-27 16:11:45,278 [ERROR] LogOutputStream:75 - [STDERR_REDIRECT] [Fatal Error] :1:1: Premature end of file.
2026-08-27 16:11:45,278 [ERROR] LogOutputStream:75 - [STDERR_REDIRECT] 
2026-08-27 16:11:46,274 [ERROR] LogOutputStream:75 - [STDERR_REDIRECT] [Fatal Error] :1:1: Premature end of file.
2026-08-27 16:11:46,274 [ERROR] LogOutputStream:75 - [STDERR_REDIRECT] 
2026-08-27 16:11:47,269 [ERROR] LogOutputStream:75 - [STDERR_REDIRECT] [Fatal Error] :1:1: Premature end of file.
2026-08-27 16:11:47,269 [ERROR] LogOutputStream:75 - [STDERR_REDIRECT] 
2026-08-27 16:11:48,286 [ERROR] LogOutputStream:75 - [STDERR_REDIRECT] [Fatal Error] :1:1: Premature end of file.
2026-08-27 16:11:48,286 [ERROR] LogOutputStream:75 - [STDERR_REDIRECT] 
2026-08-27 16:11:49,280 [ERROR] LogOutputStream:75 - [STDERR_REDIRECT] [Fatal Error] :1:1: Premature end of file.
2026-08-27 16:11:49,280 [ERROR] LogOutputStream:75 - [STDERR_REDIRECT] 
2026-08-27 16:11:50,274 [ERROR] LogOutputStream:75 - [STDERR_REDIRECT] [Fatal Error] :1:1: Premature end of file.
2026-08-27 16:11:50,274 [ERROR] LogOutputStream:75 - [STDERR_REDIRECT] 
2026-08-27 16:11:51,282 [ERROR] LogOutputStream:75 - [STDERR_REDIRECT] [Fatal Error] :1:1: Premature end of file.
2026-08-27 16:11:51,282 [ERROR] LogOutputStream:75 - [STDERR_REDIRECT] 
2026-08-27 16:11:52,281 [ERROR] LogOutputStream:75 - [STDERR_REDIRECT] [Fatal Error] :1:1: Premature end of file.
2026-08-27 16:11:52,281 [ERROR] LogOutputStream:75 - [STDERR_REDIRECT] 
2026-08-27 16:11:53,287 [ERROR] LogOutputStream:75 - [STDERR_REDIRECT] [Fatal Error] :1:1: Premature end of file.
2026-08-27 16:11:53,287 [ERROR] LogOutputStream:75 - [STDERR_REDIRECT] 
2026-08-27 16:11:54,281 [ERROR] LogOutputStream:75 - [STDERR_REDIRECT] [Fatal Error] :1:1: Premature end of file.
2026-08-27 16:11:54,281 [ERROR] LogOutputStream:75 - [STDERR_REDIRECT] 
2026-08-27 16:11:55,283 [ERROR] LogOutputStream:75 - [STDERR_REDIRECT] [Fatal Error] :1:1: Premature end of file.
2026-08-27 16:11:55,283 [ERROR] LogOutputStream:75 - [STDERR_REDIRECT] 
2026-08-27 16:11:56,284 [ERROR] LogOutputStream:75 - [STDERR_REDIRECT] [Fatal Error] :1:1: Premature end of file.
2026-08-27 16:11:56,284 [ERROR] LogOutputStream:75 - [STDERR_REDIRECT] 
2026-08-27 16:11:57,287 [ERROR] LogOutputStream:75 - [STDERR_REDIRECT] [Fatal Error] :1:1: Premature end of file.
2026-08-27 16:11:57,287 [ERROR] LogOutputStream:75 - [STDERR_REDIRECT] 
2026-08-27 16:11:58,271 [ERROR] LogOutputStream:75 - [STDERR_REDIRECT] [Fatal Error] :1:1: Premature end of file.
2026-08-27 16:11:58,271 [ERROR] LogOutputStream:75 - [STDERR_REDIRECT] 
2026-08-27 16:11:59,282 [ERROR] LogOutputStream:75 - [STDERR_REDIRECT] [Fatal Error] :1:1: Premature end of file.
2026-08-27 16:11:59,282 [ERROR] LogOutputStream:75 - [STDERR_REDIRECT] 
2026-08-27 16:12:00,287 [ERROR] LogOutputStream:75 - [STDERR_REDIRECT] [Fatal Error] :1:1: Premature end of file.
2026-08-27 16:12:00,287 [ERROR] LogOutputStream:75 - [STDERR_REDIRECT] 
2026-08-27 16:12:01,286 [ERROR] LogOutputStream:75 - [STDERR_REDIRECT] [Fatal Error] :1:1: Premature end of file.
2026-08-27 16:12:01,286 [ERROR] LogOutputStream:75 - [STDERR_REDIRECT] 
2026-08-27 16:12:02,276 [ERROR] LogOutputStream:75 - [STDERR_REDIRECT] [Fatal Error] :1:1: Premature end of file.
2026-08-27 16:12:02,276 [ERROR] LogOutputStream:75 - [STDERR_REDIRECT] 
2026-08-27 16:12:03,291 [ERROR] LogOutputStream:75 - [STDERR_REDIRECT] [Fatal Error] :1:1: Premature end of file.
2026-08-27 16:12:03,291 [ERROR] LogOutputStream:75 - [STDERR_REDIRECT] 
2026-08-27 16:12:04,273 [ERROR] LogOutputStream:75 - [STDERR_REDIRECT] [Fatal Error] :1:1: Premature end of file.
2026-08-27 16:12:04,273 [ERROR] LogOutputStream:75 - [STDERR_REDIRECT] 
2026-08-27 16:12:05,278 [ERROR] LogOutputStream:75 - [STDERR_REDIRECT] [Fatal Error] :1:1: Premature end of file.
2026-08-27 16:12:05,278 [ERROR] LogOutputStream:75 - [STDERR_REDIRECT] 
2026-08-27 16:12:06,283 [ERROR] LogOutputStream:75 - [STDERR_REDIRECT] [Fatal Error] :1:1: Premature end of file.
2026-08-27 16:12:06,283 [ERROR] LogOutputStream:75 - [STDERR_REDIRECT] 
2026-08-27 16:12:07,278 [ERROR] LogOutputStream:75 - [STDERR_REDIRECT] [Fatal Error] :1:1: Premature end of file.
2026-08-27 16:12:07,278 [ERROR] LogOutputStream:75 - [STDERR_REDIRECT] 
2026-08-27 16:12:08,274 [ERROR] LogOutputStream:75 - [STDERR_REDIRECT] [Fatal Error] :1:1: Premature end of file.
2026-08-27 16:12:08,274 [ERROR] LogOutputStream:75 - [STDERR_REDIRECT] 
2026-08-27 16:12:09,280 [ERROR] LogOutputStream:75 - [STDERR_REDIRECT] [Fatal Error] :1:1: Premature end of file.
2026-08-27 16:12:09,280 [ERROR] LogOutputStream:75 - [STDERR_REDIRECT] 
2026-08-27 16:12:10,281 [ERROR] LogOutputStream:75 - [STDERR_REDIRECT] [Fatal Error] :1:1: Premature end of file.
2026-08-27 16:12:10,281 [ERROR] LogOutputStream:75 - [STDERR_REDIRECT] 
2026-08-27 16:12:11,277 [ERROR] LogOutputStream:75 - [STDERR_REDIRECT] [Fatal Error] :1:1: Premature end of file.
2026-08-27 16:12:11,277 [ERROR] LogOutputStream:75 - [STDERR_REDIRECT] 
2026-08-27 16:12:12,280 [ERROR] LogOutputStream:75 - [STDERR_REDIRECT] [Fatal Error] :1:1: Premature end of file.
2026-08-27 16:12:12,280 [ERROR] LogOutputStream:75 - [STDERR_REDIRECT] 
2026-08-27 16:12:13,286 [ERROR] LogOutputStream:75 - [STDERR_REDIRECT] [Fatal Error] :1:1: Premature end of file.
2026-08-27 16:12:13,286 [ERROR] LogOutputStream:75 - [STDERR_REDIRECT] 
2026-08-27 16:12:14,285 [ERROR] LogOutputStream:75 - [STDERR_REDIRECT] [Fatal Error] :1:1: Premature end of file.
2026-08-27 16:12:14,285 [ERROR] LogOutputStream:75 - [STDERR_REDIRECT] 
2026-08-27 16:12:15,277 [ERROR] LogOutputStream:75 - [STDERR_REDIRECT] [Fatal Error] :1:1: Premature end of file.
2026-08-27 16:12:15,277 [ERROR] LogOutputStream:75 - [STDERR_REDIRECT] 
2026-08-27 16:12:16,270 [ERROR] LogOutputStream:75 - [STDERR_REDIRECT] [Fatal Error] :1:1: Premature end of file.
2026-08-27 16:12:16,270 [ERROR] LogOutputStream:75 - [STDERR_REDIRECT] 
2026-08-27 16:12:17,291 [ERROR] LogOutputStream:75 - [STDERR_REDIRECT] [Fatal Error] :1:1: Premature end of file.
2026-08-27 16:12:17,291 [ERROR] LogOutputStream:75 - [STDERR_REDIRECT] 
2026-08-27 16:12:18,281 [ERROR] LogOutputStream:75 - [STDERR_REDIRECT] [Fatal Error] :1:1: Premature end of file.
2026-08-27 16:12:18,281 [ERROR] LogOutputStream:75 - [STDERR_REDIRECT] 
2026-08-27 16:12:19,289 [ERROR] LogOutputStream:75 - [STDERR_REDIRECT] [Fatal Error] :1:1: Premature end of file.
2026-08-27 16:12:19,289 [ERROR] LogOutputStream:75 - [STDERR_REDIRECT] 
2026-08-27 16:12:20,289 [ERROR] LogOutputStream:75 - [STDERR_REDIRECT] [Fatal Error] :1:1: Premature end of file.
2026-08-27 16:12:20,289 [ERROR] LogOutputStream:75 - [STDERR_REDIRECT] 
2026-08-27 16:12:21,276 [ERROR] LogOutputStream:75 - [STDERR_REDIRECT] [Fatal Error] :1:1: Premature end of file.
2026-08-27 16:12:21,276 [ERROR] LogOutputStream:75 - [STDERR_REDIRECT] 
2026-08-27 16:12:22,284 [ERROR] LogOutputStream:75 - [STDERR_REDIRECT] [Fatal Error] :1:1: Premature end of file.
2026-08-27 16:12:22,284 [ERROR] LogOutputStream:75 - [STDERR_REDIRECT] 
2026-08-27 16:12:23,283 [ERROR] LogOutputStream:75 - [STDERR_REDIRECT] [Fatal Error] :1:1: Premature end of file.
2026-08-27 16:12:23,283 [ERROR] LogOutputStream:75 - [STDERR_REDIRECT] 
2026-08-27 16:12:24,283 [ERROR] LogOutputStream:75 - [STDERR_REDIRECT] [Fatal Error] :1:1: Premature end of file.
2026-08-27 16:12:24,283 [ERROR] LogOutputStream:75 - [STDERR_REDIRECT] 
2026-08-27 16:12:25,280 [ERROR] LogOutputStream:75 - [STDERR_REDIRECT] [Fatal Error] :1:1: Premature end of file.
2026-08-27 16:12:25,280 [ERROR] LogOutputStream:75 - [STDERR_REDIRECT] 
2026-08-27 16:12:26,276 [ERROR] LogOutputStream:75 - [STDERR_REDIRECT] [Fatal Error] :1:1: Premature end of file.
2026-08-27 16:12:26,276 [ERROR] LogOutputStream:75 - [STDERR_REDIRECT] 
2026-08-27 16:12:27,279 [ERROR] LogOutputStream:75 - [STDERR_REDIRECT] [Fatal Error] :1:1: Premature end of file.
2026-08-27 16:12:27,279 [ERROR] LogOutputStream:75 - [STDERR_REDIRECT] 
2026-08-27 16:12:28,290 [ERROR] LogOutputStream:75 - [STDERR_REDIRECT] [Fatal Error] :1:1: Premature end of file.
2026-08-27 16:12:28,290 [ERROR] LogOutputStream:75 - [STDERR_REDIRECT] 
2026-08-27 16:12:29,271 [ERROR] LogOutputStream:75 - [STDERR_REDIRECT] [Fatal Error] :1:1: Premature end of file.
2026-08-27 16:12:29,271 [ERROR] LogOutputStream:75 - [STDERR_REDIRECT] 
2026-08-27 16:12:30,284 [ERROR] LogOutputStream:75 - [STDERR_REDIRECT] [Fatal Error] :1:1: Premature end of file.
2026-08-27 16:12:30,284 [ERROR] LogOutputStream:75 - [STDERR_REDIRECT] 
2026-08-27 16:12:31,292 [ERROR] LogOutputStream:75 - [STDERR_REDIRECT] [Fatal Error] :1:1: Premature end of file.
2026-08-27 16:12:31,292 [ERROR] LogOutputStream:75 - [STDERR_REDIRECT] 
2026-08-27 16:12:32,283 [ERROR] LogOutputStream:75 - [STDERR_REDIRECT] [Fatal Error] :1:1: Premature end of file.
2026-08-27 16:12:32,283 [ERROR] LogOutputStream:75 - [STDERR_REDIRECT] 
2026-08-27 16:12:33,279 [ERROR] LogOutputStream:75 - [STDERR_REDIRECT] [Fatal Error] :1:1: Premature end of file.
2026-08-27 16:12:33,279 [ERROR] LogOutputStream:75 - [STDERR_REDIRECT] 
2026-08-27 16:12:34,272 [ERROR] LogOutputStream:75 - [STDERR_REDIRECT] [Fatal Error] :1:1: Premature end of file.
2026-08-27 16:12:34,272 [ERROR] LogOutputStream:75 - [STDERR_REDIRECT] 
2026-08-27 16:12:35,282 [ERROR] LogOutputStream:75 - [STDERR_REDIRECT] [Fatal Error] :1:1: Premature end of file.
2026-08-27 16:12:35,282 [ERROR] LogOutputStream:75 - [STDERR_REDIRECT] 
2026-08-27 16:12:36,288 [ERROR] LogOutputStream:75 - [STDERR_REDIRECT] [Fatal Error] :1:1: Premature end of file.
2026-08-27 16:12:36,288 [ERROR] LogOutputStream:75 - [STDERR_REDIRECT] 
2026-08-27 16:12:37,279 [ERROR] LogOutputStream:75 - [STDERR_REDIRECT] [Fatal Error] :1:1: Premature end of file.
2026-08-27 16:12:37,279 [ERROR] LogOutputStream:75 - [STDERR_REDIRECT] 
2026-08-27 16:12:38,286 [ERROR] LogOutputStream:75 - [STDERR_REDIRECT] [Fatal Error] :1:1: Premature end of file.
2026-08-27 16:12:38,286 [ERROR] LogOutputStream:75 - [STDERR_REDIRECT] 
2026-08-27 16:12:39,272 [ERROR] LogOutputStream:75 - [STDERR_REDIRECT] [Fatal Error] :1:1: Premature end of file.
2026-08-27 16:12:39,272 [ERROR] LogOutputStream:75 - [STDERR_REDIRECT] 
2026-08-27 16:12:40,281 [ERROR] LogOutputStream:75 - [STDERR_REDIRECT] [Fatal Error] :1:1: Premature end of file.
2026-08-27 16:12:40,281 [ERROR] LogOutputStream:75 - [STDERR_REDIRECT] 
2026-08-27 16:12:41,271 [ERROR] LogOutputStream:75 - [STDERR_REDIRECT] [Fatal Error] :1:1: Premature end of file.
2026-08-27 16:12:41,271 [ERROR] LogOutputStream:75 - [STDERR_REDIRECT] 
2026-08-27 16:12:42,276 [ERROR] LogOutputStream:75 - [STDERR_REDIRECT] [Fatal Error] :1:1: Premature end of file.
2026-08-27 16:12:42,276 [ERROR] LogOutputStream:75 - [STDERR_REDIRECT] 
2026-08-27 16:12:43,273 [ERROR] LogOutputStream:75 - [STDERR_REDIRECT] [Fatal Error] :1:1: Premature end of file.
2026-08-27 16:12:43,273 [ERROR] LogOutputStream:75 - [STDERR_REDIRECT] 
2026-08-27 16:12:44,271 [ERROR] LogOutputStream:75 - [STDERR_REDIRECT] [Fatal Error] :1:1: Premature end of file.
2026-08-27 16:12:44,271 [ERROR] LogOutputStream:75 - [STDERR_REDIRECT] 
2026-08-27 16:12:45,283 [ERROR] LogOutputStream:75 - [STDERR_REDIRECT] [Fatal Error] :1:1: Premature end of file.
2026-08-27 16:12:45,283 [ERROR] LogOutputStream:75 - [STDERR_REDIRECT] 
2026-08-27 16:12:46,278 [ERROR] LogOutputStream:75 - [STDERR_REDIRECT] [Fatal Error] :1:1: Premature end of file.
2026-08-27 16:12:46,278 [ERROR] LogOutputStream:75 - [STDERR_REDIRECT] 
2026-08-27 16:12:47,274 [ERROR] LogOutputStream:75 - [STDERR_REDIRECT] [Fatal Error] :1:1: Premature end of file.
2026-08-27 16:12:47,274 [ERROR] LogOutputStream:75 - [STDERR_REDIRECT] 
2026-08-27 16:12:48,284 [ERROR] LogOutputStream:75 - [STDERR_REDIRECT] [Fatal Error] :1:1: Premature end of file.
2026-08-27 16:12:48,284 [ERROR] LogOutputStream:75 - [STDERR_REDIRECT] 
2026-08-27 16:12:49,277 [ERROR] LogOutputStream:75 - [STDERR_REDIRECT] [Fatal Error] :1:1: Premature end of file.
2026-08-27 16:12:49,277 [ERROR] LogOutputStream:75 - [STDERR_REDIRECT] 
2026-08-27 16:12:50,274 [ERROR] LogOutputStream:75 - [STDERR_REDIRECT] [Fatal Error] :1:1: Premature end of file.
2026-08-27 16:12:50,274 [ERROR] LogOutputStream:75 - [STDERR_REDIRECT] 
2026-08-27 16:12:51,280 [ERROR] LogOutputStream:75 - [STDERR_REDIRECT] [Fatal Error] :1:1: Premature end of file.
2026-08-27 16:12:51,280 [ERROR] LogOutputStream:75 - [STDERR_REDIRECT] 
2026-08-27 16:12:52,285 [ERROR] LogOutputStream:75 - [STDERR_REDIRECT] [Fatal Error] :1:1: Premature end of file.
2026-08-27 16:12:52,285 [ERROR] LogOutputStream:75 - [STDERR_REDIRECT] 
2026-08-27 16:12:53,285 [ERROR] LogOutputStream:75 - [STDERR_REDIRECT] [Fatal Error] :1:1: Premature end of file.
2026-08-27 16:12:53,285 [ERROR] LogOutputStream:75 - [STDERR_REDIRECT] 
2026-08-27 16:12:54,295 [ERROR] LogOutputStream:75 - [STDERR_REDIRECT] [Fatal Error] :1:1: Premature end of file.
2026-08-27 16:12:54,295 [ERROR] LogOutputStream:75 - [STDERR_REDIRECT] 
2026-08-27 16:12:55,291 [ERROR] LogOutputStream:75 - [STDERR_REDIRECT] [Fatal Error] :1:1: Premature end of file.
2026-08-27 16:12:55,291 [ERROR] LogOutputStream:75 - [STDERR_REDIRECT] 
2026-08-27 16:12:56,286 [ERROR] LogOutputStream:75 - [STDERR_REDIRECT] [Fatal Error] :1:1: Premature end of file.
2026-08-27 16:12:56,286 [ERROR] LogOutputStream:75 - [STDERR_REDIRECT] 
2026-08-27 16:12:57,279 [ERROR] LogOutputStream:75 - [STDERR_REDIRECT] [Fatal Error] :1:1: Premature end of file.
2026-08-27 16:12:57,279 [ERROR] LogOutputStream:75 - [STDERR_REDIRECT] 
2026-08-27 16:12:58,271 [ERROR] LogOutputStream:75 - [STDERR_REDIRECT] [Fatal Error] :1:1: Premature end of file.
2026-08-27 16:12:58,271 [ERROR] LogOutputStream:75 - [STDERR_REDIRECT] 
2026-08-27 16:12:59,283 [ERROR] LogOutputStream:75 - [STDERR_REDIRECT] [Fatal Error] :1:1: Premature end of file.
2026-08-27 16:12:59,283 [ERROR] LogOutputStream:75 - [STDERR_REDIRECT] 
2026-08-27 16:13:00,279 [ERROR] LogOutputStream:75 - [STDERR_REDIRECT] [Fatal Error] :1:1: Premature end of file.
2026-08-27 16:13:00,279 [ERROR] LogOutputStream:75 - [STDERR_REDIRECT] 
2026-08-27 16:13:01,285 [ERROR] LogOutputStream:75 - [STDERR_REDIRECT] [Fatal Error] :1:1: Premature end of file.
2026-08-27 16:13:01,285 [ERROR] LogOutputStream:75 - [STDERR_REDIRECT] 
2026-08-27 16:13:02,292 [ERROR] LogOutputStream:75 - [STDERR_REDIRECT] [Fatal Error] :1:1: Premature end of file.
2026-08-27 16:13:02,292 [ERROR] LogOutputStream:75 - [STDERR_REDIRECT] 
2026-08-27 16:13:03,286 [ERROR] LogOutputStream:75 - [STDERR_REDIRECT] [Fatal Error] :1:1: Premature end of file.
2026-08-27 16:13:03,286 [ERROR] LogOutputStream:75 - [STDERR_REDIRECT] 
2026-08-27 16:13:04,272 [ERROR] LogOutputStream:75 - [STDERR_REDIRECT] [Fatal Error] :1:1: Premature end of file.
2026-08-27 16:13:04,272 [ERROR] LogOutputStream:75 - [STDERR_REDIRECT] 
2026-08-27 16:13:05,270 [ERROR] LogOutputStream:75 - [STDERR_REDIRECT] [Fatal Error] :1:1: Premature end of file.
2026-08-27 16:13:05,270 [ERROR] LogOutputStream:75 - [STDERR_REDIRECT] 
2026-08-27 16:13:06,282 [ERROR] LogOutputStream:75 - [STDERR_REDIRECT] [Fatal Error] :1:1: Premature end of file.
2026-08-27 16:13:06,282 [ERROR] LogOutputStream:75 - [STDERR_REDIRECT] 
2026-08-27 16:13:07,293 [ERROR] LogOutputStream:75 - [STDERR_REDIRECT] [Fatal Error] :1:1: Premature end of file.
2026-08-27 16:13:07,293 [ERROR] LogOutputStream:75 - [STDERR_REDIRECT] 
2026-08-27 16:13:08,279 [ERROR] LogOutputStream:75 - [STDERR_REDIRECT] [Fatal Error] :1:1: Premature end of file.
2026-08-27 16:13:08,279 [ERROR] LogOutputStream:75 - [STDERR_REDIRECT] 
2026-08-27 16:13:09,281 [ERROR] LogOutputStream:75 - [STDERR_REDIRECT] [Fatal Error] :1:1: Premature end of file.
2026-08-27 16:13:09,282 [ERROR] LogOutputStream:75 - [STDERR_REDIRECT] 
2026-08-27 16:13:10,281 [ERROR] LogOutputStream:75 - [STDERR_REDIRECT] [Fatal Error] :1:1: Premature end of file.
2026-08-27 16:13:10,281 [ERROR] LogOutputStream:75 - [STDERR_REDIRECT] 
2026-08-27 16:13:11,278 [ERROR] LogOutputStream:75 - [STDERR_REDIRECT] [Fatal Error] :1:1: Premature end of file.
2026-08-27 16:13:11,278 [ERROR] LogOutputStream:75 - [STDERR_REDIRECT] 
2026-08-27 16:13:12,283 [ERROR] LogOutputStream:75 - [STDERR_REDIRECT] [Fatal Error] :1:1: Premature end of file.
2026-08-27 16:13:12,283 [ERROR] LogOutputStream:75 - [STDERR_REDIRECT] 
2026-08-27 16:13:13,278 [ERROR] LogOutputStream:75 - [STDERR_REDIRECT] [Fatal Error] :1:1: Premature end of file.
2026-08-27 16:13:13,278 [ERROR] LogOutputStream:75 - [STDERR_REDIRECT] 
2026-08-27 16:13:14,278 [ERROR] LogOutputStream:75 - [STDERR_REDIRECT] [Fatal Error] :1:1: Premature end of file.
2026-08-27 16:13:14,278 [ERROR] LogOutputStream:75 - [STDERR_REDIRECT] 
2026-08-27 16:13:15,282 [ERROR] LogOutputStream:75 - [STDERR_REDIRECT] [Fatal Error] :1:1: Premature end of file.
2026-08-27 16:13:15,282 [ERROR] LogOutputStream:75 - [STDERR_REDIRECT] 
2026-08-27 16:13:16,281 [ERROR] LogOutputStream:75 - [STDERR_REDIRECT] [Fatal Error] :1:1: Premature end of file.
2026-08-27 16:13:16,281 [ERROR] LogOutputStream:75 - [STDERR_REDIRECT] 
2026-08-27 16:13:17,282 [ERROR] LogOutputStream:75 - [STDERR_REDIRECT] [Fatal Error] :1:1: Premature end of file.
2026-08-27 16:13:17,282 [ERROR] LogOutputStream:75 - [STDERR_REDIRECT] 
2026-08-27 16:13:18,280 [ERROR] LogOutputStream:75 - [STDERR_REDIRECT] [Fatal Error] :1:1: Premature end of file.
2026-08-27 16:13:18,280 [ERROR] LogOutputStream:75 - [STDERR_REDIRECT] 
2026-08-27 16:13:19,052 [ERROR] LogOutputStream:75 - [STDERR_REDIRECT] 
2026-08-27 16:13:19,053 [ERROR] LogOutputStream:75 - [STDERR_REDIRECT] 
